-- --------------------------------------------------------
-- Host:                         127.0.0.1
-- Server version:               11.3.2-MariaDB - mariadb.org binary distribution
-- Server OS:                    Win64
-- HeidiSQL Version:             12.6.0.6765
-- --------------------------------------------------------

/*!40101 SET @OLD_CHARACTER_SET_CLIENT=@@CHARACTER_SET_CLIENT */;
/*!40101 SET NAMES utf8 */;
/*!50503 SET NAMES utf8mb4 */;
/*!40103 SET @OLD_TIME_ZONE=@@TIME_ZONE */;
/*!40103 SET TIME_ZONE='+00:00' */;
/*!40014 SET @OLD_FOREIGN_KEY_CHECKS=@@FOREIGN_KEY_CHECKS, FOREIGN_KEY_CHECKS=0 */;
/*!40101 SET @OLD_SQL_MODE=@@SQL_MODE, SQL_MODE='NO_AUTO_VALUE_ON_ZERO' */;
/*!40111 SET @OLD_SQL_NOTES=@@SQL_NOTES, SQL_NOTES=0 */;


-- Dumping database structure for imdb
DROP DATABASE IF EXISTS `imdb`;
CREATE DATABASE IF NOT EXISTS `imdb` /*!40100 DEFAULT CHARACTER SET utf8mb4 COLLATE utf8mb4_unicode_ci */;
USE `imdb`;

-- Dumping structure for table imdb.comments
DROP TABLE IF EXISTS `comments`;
CREATE TABLE IF NOT EXISTS `comments` (
  `author` int(10) unsigned NOT NULL,
  `movie` char(15) NOT NULL,
  `time` datetime NOT NULL,
  `content` char(255) NOT NULL,
  KEY `author` (`author`),
  KEY `movie` (`movie`),
  CONSTRAINT `comments_ibfk_1` FOREIGN KEY (`author`) REFERENCES `users` (`id`) ON DELETE CASCADE ON UPDATE CASCADE,
  CONSTRAINT `comments_ibfk_2` FOREIGN KEY (`movie`) REFERENCES `movies` (`id`) ON DELETE CASCADE ON UPDATE CASCADE
) ENGINE=InnoDB DEFAULT CHARSET=utf8mb4 COLLATE=utf8mb4_unicode_ci;

-- Dumping data for table imdb.comments: ~0 rows (approximately)

-- Dumping structure for table imdb.favorites
DROP TABLE IF EXISTS `favorites`;
CREATE TABLE IF NOT EXISTS `favorites` (
  `user` int(10) unsigned NOT NULL,
  `movie` char(15) NOT NULL,
  PRIMARY KEY (`user`,`movie`),
  KEY `movie` (`movie`),
  CONSTRAINT `favorites_ibfk_1` FOREIGN KEY (`movie`) REFERENCES `movies` (`id`) ON DELETE CASCADE ON UPDATE CASCADE,
  CONSTRAINT `favorites_ibfk_2` FOREIGN KEY (`user`) REFERENCES `users` (`id`) ON DELETE CASCADE ON UPDATE CASCADE
) ENGINE=InnoDB DEFAULT CHARSET=utf8mb4 COLLATE=utf8mb4_unicode_ci;

-- Dumping data for table imdb.favorites: ~0 rows (approximately)

-- Dumping structure for table imdb.genres
DROP TABLE IF EXISTS `genres`;
CREATE TABLE IF NOT EXISTS `genres` (
  `genre` char(15) NOT NULL,
  `movie` char(15) NOT NULL,
  PRIMARY KEY (`genre`,`movie`),
  KEY `movie` (`movie`),
  CONSTRAINT `genres_ibfk_1` FOREIGN KEY (`movie`) REFERENCES `movies` (`id`) ON DELETE CASCADE ON UPDATE CASCADE
) ENGINE=InnoDB DEFAULT CHARSET=utf8mb4 COLLATE=utf8mb4_unicode_ci;

-- Dumping data for table imdb.genres: ~276 rows (approximately)
INSERT INTO `genres` (`genre`, `movie`) VALUES
	('Comedy', 'tt0021749'),
	('Drama', 'tt0021749'),
	('Romance', 'tt0021749'),
	('Comedy', 'tt0027977'),
	('Drama', 'tt0027977'),
	('Romance', 'tt0027977'),
	('Comedy', 'tt0032553'),
	('Drama', 'tt0032553'),
	('War', 'tt0032553'),
	('Drama', 'tt0034583'),
	('Romance', 'tt0034583'),
	('War', 'tt0034583'),
	('Drama', 'tt0038650'),
	('Family', 'tt0038650'),
	('Fantasy', 'tt0038650'),
	('Drama', 'tt0043014'),
	('Film-Noir', 'tt0043014'),
	('Drama', 'tt0044741'),
	('Comedy', 'tt0045152'),
	('Musical', 'tt0045152'),
	('Romance', 'tt0045152'),
	('Mystery', 'tt0047396'),
	('Thriller', 'tt0047396'),
	('Action', 'tt0047478'),
	('Drama', 'tt0047478'),
	('Crime', 'tt0050083'),
	('Drama', 'tt0050083'),
	('Drama', 'tt0050825'),
	('War', 'tt0050825'),
	('Crime', 'tt0051201'),
	('Drama', 'tt0051201'),
	('Mystery', 'tt0051201'),
	('Horror', 'tt0054215'),
	('Mystery', 'tt0054215'),
	('Thriller', 'tt0054215'),
	('Action', 'tt0056058'),
	('Drama', 'tt0056058'),
	('Mystery', 'tt0056058'),
	('Adventure', 'tt0056172'),
	('Biography', 'tt0056172'),
	('Drama', 'tt0056172'),
	('Comedy', 'tt0057012'),
	('War', 'tt0057012'),
	('Crime', 'tt0057565'),
	('Drama', 'tt0057565'),
	('Mystery', 'tt0057565'),
	('Adventure', 'tt0060196'),
	('Drama', 'tt0060196'),
	('Western', 'tt0060196'),
	('Adventure', 'tt0062622'),
	('Sci-Fi', 'tt0062622'),
	('Drama', 'tt0064116'),
	('Western', 'tt0064116'),
	('Crime', 'tt0068646'),
	('Drama', 'tt0068646'),
	('Crime', 'tt0071562'),
	('Drama', 'tt0071562'),
	('Drama', 'tt0073486'),
	('Action', 'tt0076759'),
	('Adventure', 'tt0076759'),
	('Fantasy', 'tt0076759'),
	('Horror', 'tt0078748'),
	('Sci-Fi', 'tt0078748'),
	('Drama', 'tt0078788'),
	('Mystery', 'tt0078788'),
	('War', 'tt0078788'),
	('Action', 'tt0080684'),
	('Adventure', 'tt0080684'),
	('Fantasy', 'tt0080684'),
	('Drama', 'tt0081505'),
	('Horror', 'tt0081505'),
	('Drama', 'tt0082096'),
	('War', 'tt0082096'),
	('Action', 'tt0082971'),
	('Adventure', 'tt0082971'),
	('Action', 'tt0086190'),
	('Adventure', 'tt0086190'),
	('Fantasy', 'tt0086190'),
	('Biography', 'tt0086879'),
	('Drama', 'tt0086879'),
	('Music', 'tt0086879'),
	('Crime', 'tt0087843'),
	('Drama', 'tt0087843'),
	('Adventure', 'tt0088763'),
	('Comedy', 'tt0088763'),
	('Sci-Fi', 'tt0088763'),
	('Action', 'tt0090605'),
	('Adventure', 'tt0090605'),
	('Sci-Fi', 'tt0090605'),
	('Drama', 'tt0091251'),
	('Thriller', 'tt0091251'),
	('War', 'tt0091251'),
	('Animation', 'tt0095327'),
	('Drama', 'tt0095327'),
	('War', 'tt0095327'),
	('Drama', 'tt0095765'),
	('Romance', 'tt0095765'),
	('Biography', 'tt0099685'),
	('Crime', 'tt0099685'),
	('Drama', 'tt0099685'),
	('Crime', 'tt0102926'),
	('Drama', 'tt0102926'),
	('Thriller', 'tt0102926'),
	('Action', 'tt0103064'),
	('Adventure', 'tt0103064'),
	('Sci-Fi', 'tt0103064'),
	('Crime', 'tt0105236'),
	('Thriller', 'tt0105236'),
	('Biography', 'tt0108052'),
	('Drama', 'tt0108052'),
	('History', 'tt0108052'),
	('Drama', 'tt0109830'),
	('Romance', 'tt0109830'),
	('Adventure', 'tt0110357'),
	('Animation', 'tt0110357'),
	('Drama', 'tt0110357'),
	('Action', 'tt0110413'),
	('Crime', 'tt0110413'),
	('Drama', 'tt0110413'),
	('Crime', 'tt0110912'),
	('Drama', 'tt0110912'),
	('Drama', 'tt0111161'),
	('Biography', 'tt0112573'),
	('Drama', 'tt0112573'),
	('War', 'tt0112573'),
	('Crime', 'tt0114369'),
	('Drama', 'tt0114369'),
	('Mystery', 'tt0114369'),
	('Adventure', 'tt0114709'),
	('Animation', 'tt0114709'),
	('Comedy', 'tt0114709'),
	('Crime', 'tt0114814'),
	('Drama', 'tt0114814'),
	('Mystery', 'tt0114814'),
	('Comedy', 'tt0118799'),
	('Drama', 'tt0118799'),
	('Romance', 'tt0118799'),
	('Drama', 'tt0119217'),
	('Romance', 'tt0119217'),
	('Action', 'tt0119698'),
	('Adventure', 'tt0119698'),
	('Animation', 'tt0119698'),
	('Crime', 'tt0120586'),
	('Drama', 'tt0120586'),
	('Crime', 'tt0120689'),
	('Drama', 'tt0120689'),
	('Fantasy', 'tt0120689'),
	('Action', 'tt0120737'),
	('Adventure', 'tt0120737'),
	('Drama', 'tt0120737'),
	('Drama', 'tt0120815'),
	('War', 'tt0120815'),
	('Action', 'tt0133093'),
	('Sci-Fi', 'tt0133093'),
	('Drama', 'tt0137523'),
	('Action', 'tt0167260'),
	('Adventure', 'tt0167260'),
	('Drama', 'tt0167260'),
	('Action', 'tt0167261'),
	('Adventure', 'tt0167261'),
	('Drama', 'tt0167261'),
	('Drama', 'tt0169547'),
	('Action', 'tt0172495'),
	('Adventure', 'tt0172495'),
	('Drama', 'tt0172495'),
	('Drama', 'tt0180093'),
	('Mystery', 'tt0209144'),
	('Thriller', 'tt0209144'),
	('Adventure', 'tt0245429'),
	('Animation', 'tt0245429'),
	('Family', 'tt0245429'),
	('Biography', 'tt0253474'),
	('Drama', 'tt0253474'),
	('Music', 'tt0253474'),
	('Crime', 'tt0317248'),
	('Drama', 'tt0317248'),
	('Drama', 'tt0338013'),
	('Romance', 'tt0338013'),
	('Sci-Fi', 'tt0338013'),
	('Adventure', 'tt0361748'),
	('Drama', 'tt0361748'),
	('War', 'tt0361748'),
	('Action', 'tt0364569'),
	('Drama', 'tt0364569'),
	('Mystery', 'tt0364569'),
	('Drama', 'tt0405094'),
	('Mystery', 'tt0405094'),
	('Thriller', 'tt0405094'),
	('Crime', 'tt0407887'),
	('Drama', 'tt0407887'),
	('Thriller', 'tt0407887'),
	('Adventure', 'tt0435761'),
	('Animation', 'tt0435761'),
	('Comedy', 'tt0435761'),
	('Action', 'tt0468569'),
	('Crime', 'tt0468569'),
	('Drama', 'tt0468569'),
	('Drama', 'tt0482571'),
	('Mystery', 'tt0482571'),
	('Sci-Fi', 'tt0482571'),
	('Adventure', 'tt0816692'),
	('Drama', 'tt0816692'),
	('Sci-Fi', 'tt0816692'),
	('Adventure', 'tt0910970'),
	('Animation', 'tt0910970'),
	('Family', 'tt0910970'),
	('Animation', 'tt11152168'),
	('Comedy', 'tt11152168'),
	('Drama', 'tt11152168'),
	('Action', 'tt11389872'),
	('Adventure', 'tt11389872'),
	('Sci-Fi', 'tt11389872'),
	('Comedy', 'tt1187043'),
	('Drama', 'tt1187043'),
	('Action', 'tt12037194'),
	('Adventure', 'tt12037194'),
	('Sci-Fi', 'tt12037194'),
	('Action', 'tt1345836'),
	('Drama', 'tt1345836'),
	('Thriller', 'tt1345836'),
	('Action', 'tt1375666'),
	('Adventure', 'tt1375666'),
	('Sci-Fi', 'tt1375666'),
	('Action', 'tt15239678'),
	('Adventure', 'tt15239678'),
	('Drama', 'tt15239678'),
	('Biography', 'tt15398776'),
	('Drama', 'tt15398776'),
	('History', 'tt15398776'),
	('Comedy', 'tt1675434'),
	('Drama', 'tt1675434'),
	('Action', 'tt1684562'),
	('Comedy', 'tt1684562'),
	('Drama', 'tt1684562'),
	('Comedy', 'tt1853728'),
	('Drama', 'tt1853728'),
	('Western', 'tt1853728'),
	('Drama', 'tt2106476'),
	('Horror', 'tt22050754'),
	('Adventure', 'tt2380307'),
	('Animation', 'tt2380307'),
	('Drama', 'tt2380307'),
	('Biography', 'tt23849204'),
	('Drama', 'tt23849204'),
	('Drama', 'tt2582802'),
	('Music', 'tt2582802'),
	('Fantasy', 'tt26736843'),
	('Horror', 'tt26736843'),
	('Mystery', 'tt26736843'),
	('Action', 'tt4154756'),
	('Adventure', 'tt4154756'),
	('Sci-Fi', 'tt4154756'),
	('Action', 'tt4154796'),
	('Adventure', 'tt4154796'),
	('Drama', 'tt4154796'),
	('Action', 'tt4633694'),
	('Adventure', 'tt4633694'),
	('Animation', 'tt4633694'),
	('Action', 'tt4919268'),
	('Adventure', 'tt4919268'),
	('Comedy', 'tt4919268'),
	('Animation', 'tt5311514'),
	('Drama', 'tt5311514'),
	('Fantasy', 'tt5311514'),
	('Adventure', 'tt5779228'),
	('Animation', 'tt5779228'),
	('Comedy', 'tt5779228'),
	('Drama', 'tt6751668'),
	('Thriller', 'tt6751668'),
	('Crime', 'tt7286456'),
	('Drama', 'tt7286456'),
	('Thriller', 'tt7286456'),
	('Drama', 'tt8267604'),
	('Action', 'tt9362722'),
	('Adventure', 'tt9362722'),
	('Animation', 'tt9362722');

-- Dumping structure for table imdb.movies
DROP TABLE IF EXISTS `movies`;
CREATE TABLE IF NOT EXISTS `movies` (
  `id` char(15) NOT NULL,
  `title` char(255) NOT NULL,
  `description` varchar(1000) NOT NULL,
  `avatar` text NOT NULL,
  `year` year(4) NOT NULL,
  `duration` char(7) NOT NULL,
  `rate` float unsigned NOT NULL,
  `rank` tinyint(3) unsigned NOT NULL,
  `directors` varchar(1000) NOT NULL DEFAULT '',
  `actors` varchar(1000) NOT NULL DEFAULT '',
  PRIMARY KEY (`id`),
  UNIQUE KEY `rank` (`rank`)
) ENGINE=InnoDB DEFAULT CHARSET=utf8mb4 COLLATE=utf8mb4_unicode_ci;

-- Dumping data for table imdb.movies: ~107 rows (approximately)
INSERT INTO `movies` (`id`, `title`, `description`, `avatar`, `year`, `duration`, `rate`, `rank`, `directors`, `actors`) VALUES
	('tt0021749', 'City Lights', 'With the aid of a wealthy erratic tippler, a dewy-eyed tramp who has fallen in love with a sightless flower girl accumulates money to be able to help her medically.', 'https://m.media-amazon.com/images/M/MV5BY2I4MmM1N2EtM2YzOS00OWUzLTkzYzctNDc5NDg2N2IyODJmXkEyXkFqcGdeQXVyNzkwMjQ5NzM@._V1_.jpg', '1931', '1H 27M', 8.5, 54, 'Charles Chaplin', 'Charles Chaplin, Virginia Cherrill, Florence Lee'),
	('tt0027977', 'Modern Times', 'The Tramp struggles to live in modern industrial society with the help of a young homeless woman.', 'https://m.media-amazon.com/images/M/MV5BM2VlMjY3N2UtN2ZjNC00MDg4LWI3ZGQtZmE4NjZkZjkwZmYzXkEyXkFqcGdeQXVyMTU3NDU4MDg2._V1_.jpg', '1936', '1H 27M', 8.5, 50, 'Charles Chaplin', 'Charles Chaplin, Paulette Goddard, Henry Bergman'),
	('tt0032553', 'The Great Dictator', 'Dictator Adenoid Hynkel tries to expand his empire while a poor Jewish barber tries to avoid persecution from Hynkel&apos;s regime.', 'https://m.media-amazon.com/images/M/MV5BMjc4ZjEwNDUtMjlmZS00NzQ4LTg2N2MtMGI3ZjMyMmM3ZDM2XkEyXkFqcGc@._V1_.jpg', '1941', '2H 5M', 8.4, 68, 'Charles Chaplin', 'Charles Chaplin, Paulette Goddard, Jack Oakie'),
	('tt0034583', 'Casablanca', 'A cynical expatriate American cafe owner struggles to decide whether or not to help his former lover and her fugitive husband escape the Nazis in French Morocco.', 'https://m.media-amazon.com/images/M/MV5BY2IzZGY2YmEtYzljNS00NTM5LTgwMzUtMzM1NjQ4NGI0OTk0XkEyXkFqcGdeQXVyNDYyMDk5MTU@._V1_.jpg', '1943', '1H 42M', 8.5, 47, 'Michael Curtiz', 'Humphrey Bogart, Ingrid Bergman, Paul Henreid'),
	('tt0038650', 'It&apos;s a Wonderful Life', 'An angel is sent from Heaven to help a desperately frustrated businessman by showing him what life would have been like if he had never existed.', 'https://m.media-amazon.com/images/M/MV5BZjc4NDZhZWMtNGEzYS00ZWU2LThlM2ItNTA0YzQ0OTExMTE2XkEyXkFqcGdeQXVyNjUwMzI2NzU@._V1_.jpg', '1947', '2H 10M', 8.6, 21, 'Frank Capra', 'James Stewart, Donna Reed, Lionel Barrymore'),
	('tt0043014', 'Sunset Blvd.', 'A screenwriter develops a dangerous relationship with a faded film star determined to make a triumphant return.', 'https://m.media-amazon.com/images/M/MV5BMTU0NTkyNzYwMF5BMl5BanBnXkFtZTgwMDU0NDk5MTI@._V1_.jpg', '1950', '1H 50M', 8.4, 62, 'Billy Wilder', 'William Holden, Gloria Swanson, Erich von Stroheim'),
	('tt0044741', 'Ikiru', 'A bureaucrat tries to find meaning in his life after he discovers he has terminal cancer.', 'https://m.media-amazon.com/images/M/MV5BYWM1YmZkNTctZDAwNy00ZTY4LWFjMTktYzU4ZjViMmU1OTJmXkEyXkFqcGdeQXVyMTA0MTM5NjI2._V1_.jpg', '1952', '2H 23M', 8.3, 98, 'Akira Kurosawa', 'Takashi Shimura, Nobuo Kaneko, Shin&apos;ichi Himori'),
	('tt0045152', 'Singin&apos; in the Rain', 'A silent film star falls for a chorus girl just as he and his delusionally jealous screen partner are trying to make the difficult transition to talking pictures in 1920s Hollywood.', 'https://m.media-amazon.com/images/M/MV5BZDRjNGViMjQtOThlMi00MTA3LThkYzQtNzJkYjBkMGE0YzE1XkEyXkFqcGdeQXVyNDYyMDk5MTU@._V1_.jpg', '1956', '1H 43M', 8.3, 88, 'Stanley Donen, Gene Kelly', 'Gene Kelly, Donald O&apos;Connor, Debbie Reynolds'),
	('tt0047396', 'Rear Window', 'A wheelchair-bound photographer spies on his neighbors from his Greenwich Village courtyard apartment window and, despite the skepticism of his fashion-model girlfriend, becomes convinced one of them has committed murder.', 'https://m.media-amazon.com/images/M/MV5BNGUxYWM3M2MtMGM3Mi00ZmRiLWE0NGQtZjE5ODI2OTJhNTU0XkEyXkFqcGdeQXVyMTQxNzMzNDI@._V1_.jpg', '1954', '1H 52M', 8.5, 51, 'Alfred Hitchcock', 'James Stewart, Grace Kelly, Wendell Corey'),
	('tt0047478', 'Shichinin no samurai', 'Farmers from a village exploited by bandits hire a veteran samurai for protection, who gathers six other samurai to join him.', 'https://m.media-amazon.com/images/M/MV5BNTkwY2I5NWMtMjNlNi00ZThjLWI4NzQtNDI4M2I4OGM1YjAzXkEyXkFqcGdeQXVyNzYxODE3NTQ@._V1_.jpg', '1954', '3H 27M', 8.6, 22, 'Akira Kurosawa', 'Toshirô Mifune, Takashi Shimura, Keiko Tsushima'),
	('tt0050083', '12 Angry Men', 'The jury in a New York City murder trial is frustrated by a single member whose skeptical caution forces them to more carefully consider the evidence before jumping to a hasty verdict.', 'https://m.media-amazon.com/images/M/MV5BMWU4N2FjNzYtNTVkNC00NzQ0LTg0MjAtYTJlMjFhNGUxZDFmXkEyXkFqcGdeQXVyNjc1NTYyMjg@._V1_.jpg', '1957', '1H 36M', 9, 5, 'Sidney Lumet', 'Henry Fonda, Lee J. Cobb, Martin Balsam'),
	('tt0050825', 'Paths of Glory', 'After a failed attack on a German position, a general orders three soldiers, chosen at random, court-martialed for cowardice and their commanding officer must defend them.', 'https://m.media-amazon.com/images/M/MV5BOTI5Nzc0OTMtYzBkMS00NjkxLThmM2UtNjM2ODgxN2M5NjNkXkEyXkFqcGdeQXVyNjQ2MjQ5NzM@._V1_.jpg', '1957', '1H 28M', 8.4, 64, 'Stanley Kubrick', 'Kirk Douglas, Ralph Meeker, Adolphe Menjou'),
	('tt0051201', 'Witness for the Prosecution', 'A veteran British barrister must defend his client in a murder trial that has surprise after surprise.', 'https://m.media-amazon.com/images/M/MV5BNDQwODU5OWYtNDcyNi00MDQ1LThiOGMtZDkwNWJiM2Y3MDg0XkEyXkFqcGdeQXVyMDI2NDg0NQ@@._V1_.jpg', '1958', '1H 56M', 8.4, 66, 'Billy Wilder', 'Tyrone Power, Marlene Dietrich, Charles Laughton'),
	('tt0054215', 'Psycho', 'A secretary on the run for embezzlement takes refuge at a secluded California motel owned by a repressed man and his overbearing mother.', 'https://m.media-amazon.com/images/M/MV5BNTQwNDM1YzItNDAxZC00NWY2LTk0M2UtNDIwNWI5OGUyNWUxXkEyXkFqcGdeQXVyNzkwMjQ5NzM@._V1_.jpg', '1960', '1H 49M', 8.5, 35, 'Alfred Hitchcock', 'Anthony Perkins, Janet Leigh, Vera Miles'),
	('tt0056058', 'Seppuku', 'When a ronin requesting seppuku at a feudal lord&apos;s palace is told of the brutal suicide of another ronin who previously visited, he reveals how their pasts are intertwined - and in doing so challenges the clan&apos;s integrity.', 'https://m.media-amazon.com/images/M/MV5BMWNmYzg5NWYtNzhiMS00NzlkLTgyOTUtYzM3MjY0NDc2YjFkXkEyXkFqcGdeQXVyNzkwMjQ5NzM@._V1_.jpg', '1962', '2H 13M', 8.6, 45, 'Masaki Kobayashi', 'Tatsuya Nakadai, Akira Ishihama, Shima Iwashita'),
	('tt0056172', 'Lawrence of Arabia', 'The story of T.E. Lawrence, the English officer who successfully united and led the diverse, often warring, Arab tribes during World War I in order to fight the Turks.', 'https://m.media-amazon.com/images/M/MV5BNDY4ZWE2YjUtZjQ5MS00ZTQ0LTkxODYtNDFkOTExZGI2YjlhXkEyXkFqcGdeQXVyMjc1Njc4Mzk@._V1_.jpg', '1962', '3H 38M', 8.3, 100, 'David Lean', 'Peter O&apos;Toole, Alec Guinness, Anthony Quinn'),
	('tt0057012', 'Dr. Strangelove or: How I Learned to Stop Worrying and Love the Bomb', 'An unhinged American general orders a bombing attack on the Soviet Union, triggering a path to nuclear holocaust that a war room full of politicians and generals frantically tries to stop.', 'https://m.media-amazon.com/images/M/MV5BZWI3ZTMxNjctMjdlNS00NmUwLWFiM2YtZDUyY2I3N2MxYTE0XkEyXkFqcGdeQXVyNzkwMjQ5NzM@._V1_.jpg', '1964', '1H 35M', 8.3, 72, 'Stanley Kubrick', 'Peter Sellers, George C. Scott, Sterling Hayden'),
	('tt0057565', 'Tengoku to jigoku', 'An executive of a Yokohama shoe company becomes a victim of extortion when his chauffeur&apos;s son is kidnapped by mistake and held for ransom.', 'https://m.media-amazon.com/images/M/MV5BZGQ1NWZlYjctNDJmOS00MmU2LTg1ODItNmZiM2ZkNzJhNDI0XkEyXkFqcGdeQXVyNjc1NTYyMjg@._V1_.jpg', '1963', '2H 23M', 8.4, 85, 'Akira Kurosawa', 'Toshirô Mifune, Yutaka Sada, Tatsuya Nakadai'),
	('tt0060196', 'Il buono, il brutto, il cattivo', 'A bounty hunting scam joins two men in an uneasy alliance against a third in a race to find a fortune in gold buried in a remote cemetery.', 'https://m.media-amazon.com/images/M/MV5BODc3N2ViMDUtNzEzNS00NTZjLWE0MmMtZDc5ZTk2MTU4ZWFmXkEyXkFqcGdeQXVyMjc1Njc4Mzk@._V1_.jpg', '1966', '2H 41M', 8.8, 10, 'Sergio Leone', 'Clint Eastwood, Eli Wallach, Lee Van Cleef'),
	('tt0062622', '2001: A Space Odyssey', 'After uncovering a mysterious artifact buried beneath the Lunar surface, a spacecraft is sent to Jupiter to find its origins: a spacecraft manned by two men and the supercomputer HAL 9000.', 'https://m.media-amazon.com/images/M/MV5BNmNlNWJlOGQtZTRjNy00Y2Y0LTk5MWMtNWE0N2JhZmExMTZlXkEyXkFqcGdeQXVyMTM5OTg3MTQ@._V1_.jpg', '1968', '2H 29M', 8.3, 96, 'Stanley Kubrick', 'Keir Dullea, Gary Lockwood, William Sylvester'),
	('tt0064116', 'C&apos;era una volta il West', 'A mysterious stranger with a harmonica joins forces with a notorious desperado to protect a beautiful widow from a ruthless assassin working for the railroad.', 'https://m.media-amazon.com/images/M/MV5BNWNlZDU2M2YtNjU5Yi00NWU5LWI4ZjYtM2RkNzhkYjIyMmI2XkEyXkFqcGdeQXVyMTM5OTg3MTQ@._V1_.jpg', '1969', '2H 46M', 8.5, 52, 'Sergio Leone', 'Henry Fonda, Charles Bronson, Claudia Cardinale'),
	('tt0068646', 'The Godfather', 'The aging patriarch of an organized crime dynasty transfers control of his clandestine empire to his reluctant son.', 'https://m.media-amazon.com/images/M/MV5BM2MyNjYxNmUtYTAwNi00MTYxLWJmNWYtYzZlODY3ZTk3OTFlXkEyXkFqcGdeQXVyNzkwMjQ5NzM@._V1_.jpg', '1972', '2H 55M', 9.2, 2, 'Francis Ford Coppola', 'Marlon Brando, Al Pacino, James Caan'),
	('tt0071562', 'The Godfather Part II', 'The early life and career of Vito Corleone in 1920s New York City is portrayed, while his son, Michael, expands and tightens his grip on the family crime syndicate.', 'https://m.media-amazon.com/images/M/MV5BMWMwMGQzZTItY2JlNC00OWZiLWIyMDctNDk2ZDQ2YjRjMWQ0XkEyXkFqcGdeQXVyNzkwMjQ5NzM@._V1_.jpg', '1974', '3H 22M', 9, 4, 'Francis Ford Coppola', 'Al Pacino, Robert De Niro, Robert Duvall'),
	('tt0073486', 'One Flew Over the Cuckoo&apos;s Nest', 'In the Fall of 1963, a Korean War veteran and criminal pleads insanity and is admitted to a mental institution, where he rallies up the scared patients against the tyrannical nurse.', 'https://m.media-amazon.com/images/M/MV5BZjA0OWVhOTAtYWQxNi00YzNhLWI4ZjYtNjFjZTEyYjJlNDVlL2ltYWdlL2ltYWdlXkEyXkFqcGdeQXVyMTQxNzMzNDI@._V1_.jpg', '1975', '2H 13M', 8.7, 18, 'Milos Forman', 'Jack Nicholson, Louise Fletcher, Michael Berryman'),
	('tt0076759', 'Star Wars', 'Luke Skywalker joins forces with a Jedi Knight, a cocky pilot, a Wookiee and two droids to save the galaxy from the Empire&apos;s world-destroying battle station, while also attempting to rescue Princess Leia from the mysterious Darth ...', 'https://m.media-amazon.com/images/M/MV5BMTMwNDEwNWUtMWYyZS00YTQ4LTgxYWUtYTg0MGQ0YTFlYWM0XkEyXkFqcGdeQXVyMjc1Njc4Mzk@._V1_.jpg', '1978', '2H 1M', 8.6, 29, 'George Lucas', 'Mark Hamill, Harrison Ford, Carrie Fisher'),
	('tt0078748', 'Alien', 'The crew of a commercial spacecraft encounters a deadly lifeform after investigating a mysterious transmission of unknown origin.', 'https://m.media-amazon.com/images/M/MV5BOGQzZTBjMjQtOTVmMS00NGE5LWEyYmMtOGQ1ZGZjNmRkYjFhXkEyXkFqcGdeQXVyMjUzOTY1NTc@._V1_.jpg', '1979', '1H 57M', 8.5, 53, 'Ridley Scott', 'Sigourney Weaver, Tom Skerritt, John Hurt'),
	('tt0078788', 'Apocalypse Now', 'A U.S. Army officer serving in Vietnam is tasked with assassinating a renegade Special Forces Colonel who sees himself as a god.', 'https://m.media-amazon.com/images/M/MV5BYmQyNTA1ZGItNjZjMi00NzFlLWEzMWEtNWMwN2Q2MjJhYzEyXkEyXkFqcGdeQXVyMjUzOTY1NTc@._V1_.jpg', '1979', '2H 27M', 8.4, 56, 'Francis Ford Coppola', 'Martin Sheen, Marlon Brando, Robert Duvall'),
	('tt0080684', 'Star Wars: Episode V - The Empire Strikes Back', 'After the Rebel Alliance are overpowered by the Empire, Luke Skywalker begins his Jedi training with Yoda, while his friends are pursued across the galaxy by Darth Vader and bounty hunter Boba Fett.', 'https://m.media-amazon.com/images/M/MV5BYmU1NDRjNDgtMzhiMi00NjZmLTg5NGItZDNiZjU5NTU4OTE0XkEyXkFqcGdeQXVyNzkwMjQ5NzM@._V1_.jpg', '1980', '2H 4M', 8.7, 15, 'Irvin Kershner', 'Mark Hamill, Harrison Ford, Carrie Fisher'),
	('tt0081505', 'The Shining', 'A family heads to an isolated hotel for the winter where a sinister presence influences the father into violence, while his psychic son sees horrific forebodings from both past and future.', 'https://m.media-amazon.com/images/M/MV5BZWFlYmY2MGEtZjVkYS00YzU4LTg0YjQtYzY1ZGE3NTA5NGQxXkEyXkFqcGdeQXVyMTQxNzMzNDI@._V1_.jpg', '1980', '2H 26M', 8.4, 67, 'Stanley Kubrick', 'Jack Nicholson, Shelley Duvall, Danny Lloyd'),
	('tt0082096', 'Das Boot', 'A German U-boat stalks the frigid waters of the North Atlantic as its young crew experience the sheer terror and claustrophobic life of a submariner in World War II.', 'https://m.media-amazon.com/images/M/MV5BNDBjMWUxNTUtNjZiNi00YzJhLTgzNzUtMTRiY2FkZmMzYTNjXkEyXkFqcGdeQXVyMTUzMDUzNTI3._V1_.jpg', '1982', '2H 29M', 8.4, 79, 'Wolfgang Petersen', 'Jürgen Prochnow, Herbert Grönemeyer, Klaus Wennemann'),
	('tt0082971', 'Raiders of the Lost Ark', 'In 1936, archaeologist and adventurer Indiana Jones is hired by the U.S. government to find the Ark of the Covenant before the Nazis can obtain its awesome powers.', 'https://m.media-amazon.com/images/M/MV5BNTU2ODkyY2MtMjU1NC00NjE1LWEzYjgtMWQ3MzRhMTE0NDc0XkEyXkFqcGdeQXVyMjM4MzQ4OTQ@._V1_.jpg', '1981', '1H 55M', 8.4, 60, 'Steven Spielberg', 'Harrison Ford, Karen Allen, Paul Freeman'),
	('tt0086190', 'Star Wars: Episode VI - Return of the Jedi', 'After rescuing Han Solo from Jabba the Hutt, the Rebel Alliance attempt to destroy the second Death Star, while Luke struggles to help Darth Vader back from the dark side.', 'https://m.media-amazon.com/images/M/MV5BOWZlMjFiYzgtMTUzNC00Y2IzLTk1NTMtZmNhMTczNTk0ODk1XkEyXkFqcGdeQXVyNTAyODkwOQ@@._V1_.jpg', '1983', '2H 11M', 8.3, 93, 'Richard Marquand', 'Mark Hamill, Harrison Ford, Carrie Fisher'),
	('tt0086879', 'Amadeus', 'The life, success and troubles of Wolfgang Amadeus Mozart, as told by Antonio Salieri, the contemporaneous composer who was deeply jealous of Mozart&apos;s talent and claimed to have murdered him.', 'https://m.media-amazon.com/images/M/MV5BNWJlNzUzNGMtYTAwMS00ZjI2LWFmNWQtODcxNWUxODA5YmU1XkEyXkFqcGdeQXVyNTIzOTk5ODM@._V1_.jpg', '1984', '2H 40M', 8.4, 76, 'Milos Forman', 'F. Murray Abraham, Tom Hulce, Elizabeth Berridge'),
	('tt0087843', 'Once Upon a Time in America', 'A former Prohibition-era Jewish gangster returns to the Lower East Side of Manhattan 35 years later, where he must once again confront the ghosts and regrets of his old life.', 'https://m.media-amazon.com/images/M/MV5BMmQzZjdmZDAtOGE2Yy00MmUwLTljYzgtZTMwMjk3ZDdiOWUyXkEyXkFqcGdeQXVyNjc5NjEzNA@@._V1_.jpg', '1984', '3H 49M', 8.3, 86, 'Sergio Leone', 'Robert De Niro, James Woods, Elizabeth McGovern'),
	('tt0088763', 'Back to the Future', 'Marty McFly, a 17-year-old high school student, is accidentally sent 30 years into the past in a time-traveling DeLorean invented by his close friend, the maverick scientist Doc Brown.', 'https://m.media-amazon.com/images/M/MV5BZmU0M2Y1OGUtZjIxNi00ZjBkLTg1MjgtOWIyNThiZWIwYjRiXkEyXkFqcGdeQXVyMTQxNzMzNDI@._V1_.jpg', '1985', '1H 56M', 8.5, 30, 'Robert Zemeckis', 'Michael J. Fox, Christopher Lloyd, Lea Thompson'),
	('tt0090605', 'Aliens', 'Decades after surviving the Nostromo incident, Ellen Ripley is sent out to re-establish contact with a terraforming colony but finds herself battling the Alien Queen and her offspring.', 'https://m.media-amazon.com/images/M/MV5BOGJkY2EyOWYtYWRmNy00ZTEzLTllMDAtYzYzYjA0ZjFhZWJjXkEyXkFqcGdeQXVyMTUzMDUzNTI3._V1_.jpg', '1986', '2H 17M', 8.4, 69, 'James Cameron', 'Sigourney Weaver, Michael Biehn, Carrie Henn'),
	('tt0091251', 'Idi i smotri', 'After finding an old rifle, a young boy joins the Soviet resistance movement against ruthless German forces and experiences the horrors of World War II.', 'https://m.media-amazon.com/images/M/MV5BODM4Njg0NTAtYjI5Ny00ZjAxLTkwNmItZTMxMWU5M2U3M2RjXkEyXkFqcGdeQXVyNzkwMjQ5NzM@._V1_.jpg', '1985', '2H 22M', 8.4, 90, 'Elem Klimov', 'Aleksey Kravchenko, Olga Mironova, Liubomiras Laucevicius'),
	('tt0095327', 'Hotaru no haka', 'A young boy and his little sister struggle to survive in Japan during World War II.', 'https://m.media-amazon.com/images/M/MV5BZmY2NjUzNDQtNTgxNC00M2Q4LTljOWQtMjNjNDBjNWUxNmJlXkEyXkFqcGdeQXVyNTA4NzY1MzY@._V1_.jpg', '1988', '1H 29M', 8.5, 44, 'Isao Takahata', 'Tsutomu Tatsumi, Ayano Shiraishi, Akemi Yamaguchi'),
	('tt0095765', 'Nuovo Cinema Paradiso', 'A filmmaker recalls his childhood when falling in love with the pictures at the cinema of his home village and forms a deep friendship with the cinema&apos;s projectionist.', 'https://m.media-amazon.com/images/M/MV5BM2FhYjEyYmYtMDI1Yy00YTdlLWI2NWQtYmEzNzAxOGY1NjY2XkEyXkFqcGdeQXVyNTA3NTIyNDg@._V1_.jpg', '1988', '2H 54M', 8.5, 49, 'Giuseppe Tornatore', 'Philippe Noiret, Enzo Cannavale, Antonella Attili'),
	('tt0099685', 'Goodfellas', 'The story of Henry Hill and his life in the mafia, covering his relationship with his wife Karen and his mob partners Jimmy Conway and Tommy DeVito.', 'https://m.media-amazon.com/images/M/MV5BY2NkZjEzMDgtN2RjYy00YzM1LWI4ZmQtMjIwYjFjNmI3ZGEwXkEyXkFqcGdeQXVyNzkwMjQ5NzM@._V1_.jpg', '1990', '2H 25M', 8.7, 17, 'Martin Scorsese', 'Robert De Niro, Ray Liotta, Joe Pesci'),
	('tt0102926', 'The Silence of the Lambs', 'A young F.B.I. cadet must receive the help of an incarcerated and manipulative cannibal killer to help catch another serial killer, a madman who skins his victims.', 'https://m.media-amazon.com/images/M/MV5BNjNhZTk0ZmEtNjJhMi00YzFlLWE1MmEtYzM1M2ZmMGMwMTU4XkEyXkFqcGdeQXVyNjU0OTQ0OTY@._V1_.jpg', '1991', '1H 58M', 8.6, 23, 'Jonathan Demme', 'Jodie Foster, Anthony Hopkins, Scott Glenn'),
	('tt0103064', 'Terminator 2: Judgment Day', 'A cyborg, identical to the one who failed to kill Sarah Connor, must now protect her ten year old son John from an even more advanced and powerful cyborg.', 'https://m.media-amazon.com/images/M/MV5BMGU2NzRmZjUtOGUxYS00ZjdjLWEwZWItY2NlM2JhNjkxNTFmXkEyXkFqcGdeQXVyNjU0OTQ0OTY@._V1_.jpg', '1991', '2H 17M', 8.6, 28, 'James Cameron', 'Arnold Schwarzenegger, Linda Hamilton, Edward Furlong'),
	('tt0105236', 'Reservoir Dogs', 'When a simple jewelry heist goes horribly wrong, the surviving criminals begin to suspect that one of them is a police informant.', 'https://m.media-amazon.com/images/M/MV5BZmExNmEwYWItYmQzOS00YjA5LTk2MjktZjEyZDE1Y2QxNjA1XkEyXkFqcGdeQXVyMTQxNzMzNDI@._V1_.jpg', '1992', '1H 39M', 8.3, 97, 'Quentin Tarantino', 'Harvey Keitel, Tim Roth, Michael Madsen'),
	('tt0108052', 'Schindler&apos;s List', 'In German-occupied Poland during World War II, industrialist Oskar Schindler gradually becomes concerned for his Jewish workforce after witnessing their persecution by the Nazis.', 'https://m.media-amazon.com/images/M/MV5BNDE4OTMxMTctNmRhYy00NWE2LTg3YzItYTk3M2UwOTU5Njg4XkEyXkFqcGdeQXVyNjU0OTQ0OTY@._V1_.jpg', '1994', '3H 15M', 9, 6, 'Steven Spielberg', 'Liam Neeson, Ralph Fiennes, Ben Kingsley'),
	('tt0109830', 'Forrest Gump', 'The history of the United States from the 1950s to the &apos;70s unfolds from the perspective of an Alabama man with an IQ of 75, who yearns to be reunited with his childhood sweetheart.', 'https://m.media-amazon.com/images/M/MV5BNWIwODRlZTUtY2U3ZS00Yzg1LWJhNzYtMmZiYmEyNmU1NjMzXkEyXkFqcGdeQXVyMTQxNzMzNDI@._V1_.jpg', '1994', '2H 22M', 8.8, 11, 'Robert Zemeckis', 'Tom Hanks, Robin Wright, Gary Sinise'),
	('tt0110357', 'The Lion King', 'Lion prince Simba and his father are targeted by his bitter uncle, who wants to ascend the throne himself.', 'https://m.media-amazon.com/images/M/MV5BYTYxNGMyZTYtMjE3MS00MzNjLWFjNmYtMDk3N2FmM2JiM2M1XkEyXkFqcGdeQXVyNjY5NDU4NzI@._V1_.jpg', '1994', '1H 28M', 8.5, 38, 'Roger Allers, Rob Minkoff', 'Matthew Broderick, Jeremy Irons, James Earl Jones'),
	('tt0110413', 'Léon', '12-year-old Mathilda is reluctantly taken in by Léon, a professional assassin, after her family is murdered. An unusual relationship forms as she becomes his protégée and learns the assassin&apos;s trade.', 'https://m.media-amazon.com/images/M/MV5BOTgyMWQ0ZWUtN2Q2MS00NmY0LWI3OWMtNjFkMzZlNDZjNTk0XkEyXkFqcGdeQXVyMjUzOTY1NTc@._V1_.jpg', '1994', '1H 50M', 8.5, 40, 'Luc Besson', 'Jean Reno, Gary Oldman, Natalie Portman'),
	('tt0110912', 'Pulp Fiction', 'The lives of two mob hitmen, a boxer, a gangster and his wife, and a pair of diner bandits intertwine in four tales of violence and redemption.', 'https://m.media-amazon.com/images/M/MV5BNGNhMDIzZTUtNTBlZi00MTRlLWFjM2ItYzViMjE3YzI5MjljXkEyXkFqcGdeQXVyNzkwMjQ5NzM@._V1_.jpg', '1994', '2H 34M', 8.9, 8, 'Quentin Tarantino', 'John Travolta, Uma Thurman, Samuel L. Jackson'),
	('tt0111161', 'The Shawshank Redemption', 'Over the course of several years, two convicts form a friendship, seeking consolation and, eventually, redemption through basic compassion.', 'https://m.media-amazon.com/images/M/MV5BNDE3ODcxYzMtY2YzZC00NmNlLWJiNDMtZDViZWM2MzIxZDYwXkEyXkFqcGdeQXVyNjAwNDUxODI@._V1_.jpg', '1994', '2H 22M', 9.3, 1, 'Frank Darabont', 'Tim Robbins, Morgan Freeman, Bob Gunton'),
	('tt0112573', 'Braveheart', 'Scottish warrior William Wallace leads his countrymen in a rebellion to free his homeland from the tyranny of King Edward I of England.', 'https://m.media-amazon.com/images/M/MV5BMzkzMmU0YTYtOWM3My00YzBmLWI0YzctOGYyNTkwMWE5MTJkXkEyXkFqcGdeQXVyNzkwMjQ5NzM@._V1_.jpg', '1995', '2H 58M', 8.3, 80, 'Mel Gibson', 'Mel Gibson, Sophie Marceau, Patrick McGoohan'),
	('tt0114369', 'Se7en', 'Two detectives, a rookie and a veteran, hunt a serial killer who uses the seven deadly sins as his motives.', 'https://m.media-amazon.com/images/M/MV5BOTUwODM5MTctZjczMi00OTk4LTg3NWUtNmVhMTAzNTNjYjcyXkEyXkFqcGdeQXVyNjU0OTQ0OTY@._V1_.jpg', '1995', '2H 7M', 8.6, 19, 'David Fincher', 'Morgan Freeman, Brad Pitt, Kevin Spacey'),
	('tt0114709', 'Toy Story', 'A cowboy doll is profoundly threatened and jealous when a new spaceman action figure supplants him as top toy in a boy&apos;s bedroom.', 'https://m.media-amazon.com/images/M/MV5BMDU2ZWJlMjktMTRhMy00ZTA5LWEzNDgtYmNmZTEwZTViZWJkXkEyXkFqcGdeQXVyNDQ2OTk4MzI@._V1_.jpg', '1996', '1H 21M', 8.3, 77, 'John Lasseter', 'Tom Hanks, Tim Allen, Don Rickles'),
	('tt0114814', 'The Usual Suspects', 'The sole survivor of a pier shoot-out tells the story of how a notorious criminal influenced the events that began with five criminals meeting in a seemingly random police lineup.', 'https://m.media-amazon.com/images/M/MV5BYTViNjMyNmUtNDFkNC00ZDRlLThmMDUtZDU2YWE4NGI2ZjVmXkEyXkFqcGdeQXVyNjU0OTQ0OTY@._V1_.jpg', '1995', '1H 46M', 8.5, 46, 'Bryan Singer', 'Kevin Spacey, Gabriel Byrne, Chazz Palminteri'),
	('tt0118799', 'La vita è bella', 'When an open-minded Jewish waiter and his son become victims of the Holocaust, he uses a perfect mixture of will, humor and imagination to protect his son from the dangers around their camp.', 'https://m.media-amazon.com/images/M/MV5BYmJmM2Q4NmMtYThmNC00ZjRlLWEyZmItZTIwOTBlZDQ3NTQ1XkEyXkFqcGdeQXVyMTQxNzMzNDI@._V1_.jpg', '1997', '1H 56M', 8.6, 26, 'Roberto Benigni', 'Roberto Benigni, Nicoletta Braschi, Giorgio Cantarini'),
	('tt0119217', 'Good Will Hunting', 'Will Hunting, a janitor at MIT, has a gift for mathematics, but needs help from a psychologist to find direction in his life.', 'https://m.media-amazon.com/images/M/MV5BOTI0MzcxMTYtZDVkMy00NjY1LTgyMTYtZmUxN2M3NmQ2NWJhXkEyXkFqcGdeQXVyMTQxNzMzNDI@._V1_.jpg', '1998', '2H 6M', 8.3, 81, 'Gus Van Sant', 'Robin Williams, Matt Damon, Ben Affleck'),
	('tt0119698', 'Mononoke-hime', 'On a journey to find the cure for a Tatarigami&apos;s curse, Ashitaka finds himself in the middle of a war between the forest gods and Tatara, a mining colony. In this quest he also meets San, the Mononoke Hime.', 'https://m.media-amazon.com/images/M/MV5BNjM3NGExNDctYmU0Yy00MTJjLThlNTItMjM4NDBjMGRiMmE5XkEyXkFqcGdeQXVyMTUzMDUzNTI3._V1_.jpg', '1997', '2H 14M', 8.3, 82, 'Hayao Miyazaki', 'Yôji Matsuda, Yuriko Ishida, Yûko Tanaka'),
	('tt0120586', 'American History X', 'Living a life marked by violence, neo-Nazi Derek finally goes to prison after killing two black youths. Upon his release, Derek vows to change; he hopes to prevent his brother, Danny, who idolizes Derek, from following in his foot...', 'https://m.media-amazon.com/images/M/MV5BZTJhN2FkYWEtMGI0My00YWM4LWI2MjAtM2UwNjY4MTI2ZTQyXkEyXkFqcGdeQXVyNjc3MjQzNTI@._V1_.jpg', '1998', '1H 59M', 8.5, 41, 'Tony Kaye', 'Edward Norton, Edward Furlong, Beverly D&apos;Angelo'),
	('tt0120689', 'The Green Mile', 'A tale set on death row, where gentle giant John Coffey possesses the mysterious power to heal people&apos;s ailments. When the lead guard, Paul Edgecombe, recognizes John&apos;s gift, he tries to help stave off the condemned man&apos;s execution.', 'https://m.media-amazon.com/images/M/MV5BMTUxMzQyNjA5MF5BMl5BanBnXkFtZTYwOTU2NTY3._V1_.jpg', '1999', '3H 9M', 8.6, 27, 'Frank Darabont', 'Tom Hanks, Michael Clarke Duncan, David Morse'),
	('tt0120737', 'The Lord of the Rings: The Fellowship of the Ring', 'A meek Hobbit from the Shire and eight companions set out on a journey to destroy the powerful One Ring and save Middle-earth from the Dark Lord Sauron.', 'https://m.media-amazon.com/images/M/MV5BN2EyZjM3NzUtNWUzMi00MTgxLWI0NTctMzY4M2VlOTdjZWRiXkEyXkFqcGdeQXVyNDUzOTQ5MjY@._V1_.jpg', '2001', '2H 58M', 8.9, 9, 'Peter Jackson', 'Elijah Wood, Ian McKellen, Orlando Bloom'),
	('tt0120815', 'Saving Private Ryan', 'Following the Normandy Landings, a group of U.S. soldiers go behind enemy lines to retrieve a paratrooper whose brothers have been killed in action.', 'https://m.media-amazon.com/images/M/MV5BZjhkMDM4MWItZTVjOC00ZDRhLThmYTAtM2I5NzBmNmNlMzI1XkEyXkFqcGdeQXVyNDYyMDk5MTU@._V1_.jpg', '1998', '2H 49M', 8.6, 24, 'Steven Spielberg', 'Tom Hanks, Matt Damon, Tom Sizemore'),
	('tt0133093', 'The Matrix', 'When a beautiful stranger leads computer hacker Neo to a forbidding underworld, he discovers the shocking truth--the life he knows is the elaborate deception of an evil cyber-intelligence.', 'https://m.media-amazon.com/images/M/MV5BNzQzOTk3OTAtNDQ0Zi00ZTVkLWI0MTEtMDllZjNkYzNjNTc4L2ltYWdlXkEyXkFqcGdeQXVyNjU0OTQ0OTY@._V1_.jpg', '1999', '2H 16M', 8.7, 16, 'Lana Wachowski, Lilly Wachowski', 'Keanu Reeves, Laurence Fishburne, Carrie-Anne Moss'),
	('tt0137523', 'Fight Club', 'An insomniac office worker and a devil-may-care soap maker form an underground fight club that evolves into much more.', 'https://m.media-amazon.com/images/M/MV5BMmEzNTkxYjQtZTc0MC00YTVjLTg5ZTEtZWMwOWVlYzY0NWIwXkEyXkFqcGdeQXVyNzkwMjQ5NzM@._V1_.jpg', '1999', '2H 19M', 8.8, 13, 'David Fincher', 'Brad Pitt, Edward Norton, Meat Loaf'),
	('tt0167260', 'The Lord of the Rings: The Return of the King', 'Gandalf and Aragorn lead the World of Men against Sauron&apos;s army to draw his gaze from Frodo and Sam as they approach Mount Doom with the One Ring.', 'https://m.media-amazon.com/images/M/MV5BNzA5ZDNlZWMtM2NhNS00NDJjLTk4NDItYTRmY2EwMWZlMTY3XkEyXkFqcGdeQXVyNzkwMjQ5NzM@._V1_.jpg', '2003', '3H 21M', 9, 7, 'Peter Jackson', 'Elijah Wood, Viggo Mortensen, Ian McKellen'),
	('tt0167261', 'The Lord of the Rings: The Two Towers', 'While Frodo and Sam edge closer to Mordor with the help of the shifty Gollum, the divided fellowship makes a stand against Sauron&apos;s new ally, Saruman, and his hordes of Isengard.', 'https://m.media-amazon.com/images/M/MV5BZGMxZTdjZmYtMmE2Ni00ZTdkLWI5NTgtNjlmMjBiNzU2MmI5XkEyXkFqcGdeQXVyNjU0OTQ0OTY@._V1_.jpg', '2002', '2H 59M', 8.8, 12, 'Peter Jackson', 'Elijah Wood, Ian McKellen, Viggo Mortensen'),
	('tt0169547', 'American Beauty', 'A sexually frustrated suburban father has a mid-life crisis after becoming infatuated with his daughter&apos;s best friend.', 'https://m.media-amazon.com/images/M/MV5BNTBmZWJkNjctNDhiNC00MGE2LWEwOTctZTk5OGVhMWMyNmVhXkEyXkFqcGdeQXVyMTMxODk2OTU@._V1_.jpg', '1999', '2H 2M', 8.3, 75, 'Sam Mendes', 'Kevin Spacey, Annette Bening, Thora Birch'),
	('tt0172495', 'Gladiator', 'A former Roman General sets out to exact vengeance against the corrupt emperor who murdered his family and sent him into slavery.', 'https://m.media-amazon.com/images/M/MV5BMDliMmNhNDEtODUyOS00MjNlLTgxODEtN2U3NzIxMGVkZTA1L2ltYWdlXkEyXkFqcGdeQXVyNjU0OTQ0OTY@._V1_.jpg', '2000', '2H 35M', 8.5, 36, 'Ridley Scott', 'Russell Crowe, Joaquin Phoenix, Connie Nielsen'),
	('tt0180093', 'Requiem for a Dream', 'The drug-induced utopias of four Coney Island people are shattered when their addictions run deep..', 'https://m.media-amazon.com/images/M/MV5BOTdiNzJlOWUtNWMwNS00NmFlLWI0YTEtZmI3YjIzZWUyY2Y3XkEyXkFqcGdeQXVyNjU0OTQ0OTY@._V1_.jpg', '2000', '1H 42M', 8.3, 91, 'Darren Aronofsky', 'Ellen Burstyn, Jared Leto, Jennifer Connelly'),
	('tt0209144', 'Memento', 'A man with short-term memory loss attempts to track down his wife&apos;s murderer.', 'https://m.media-amazon.com/images/M/MV5BZTcyNjk1MjgtOWI3Mi00YzQwLWI5MTktMzY4ZmI2NDAyNzYzXkEyXkFqcGdeQXVyNjU0OTQ0OTY@._V1_.jpg', '2001', '1H 53M', 8.4, 57, 'Christopher Nolan', 'Guy Pearce, Carrie-Anne Moss, Joe Pantoliano'),
	('tt0245429', 'Sen to Chihiro no kamikakushi', 'During her family&apos;s move to the suburbs, a sullen 10-year-old girl wanders into a world ruled by gods, witches and spirits, and where humans are changed into beasts.', 'https://m.media-amazon.com/images/M/MV5BMjlmZmI5MDctNDE2YS00YWE0LWE5ZWItZDBhYWQ0NTcxNWRhXkEyXkFqcGdeQXVyMTMxODk2OTU@._V1_.jpg', '2001', '2H 5M', 8.6, 32, 'Hayao Miyazaki', 'Daveigh Chase, Suzanne Pleshette, Miyu Irino'),
	('tt0253474', 'The Pianist', 'During WWII, acclaimed Polish musician Wladyslaw faces various struggles as he loses contact with his family. As the situation worsens, he hides in the ruins of Warsaw in order to survive.', 'https://m.media-amazon.com/images/M/MV5BOWRiZDIxZjktMTA1NC00MDQ2LWEzMjUtMTliZmY3NjQ3ODJiXkEyXkFqcGdeQXVyNjU0OTQ0OTY@._V1_.jpg', '2002', '2H 30M', 8.5, 33, 'Roman Polanski', 'Adrien Brody, Thomas Kretschmann, Frank Finlay'),
	('tt0317248', 'Cidade de Deus', 'In the slums of Rio, two kids&apos; paths diverge as one struggles to become a photographer and the other a kingpin.', 'https://m.media-amazon.com/images/M/MV5BMGU5OWEwZDItNmNkMC00NzZmLTk1YTctNzVhZTJjM2NlZTVmXkEyXkFqcGdeQXVyMTMxODk2OTU@._V1_.jpg', '2002', '2H 10M', 8.6, 25, 'Fernando Meirelles, Kátia Lund', 'Alexandre Rodrigues, Leandro Firmino, Matheus Nachtergaele'),
	('tt0338013', 'Eternal Sunshine of the Spotless Mind', 'When their relationship turns sour, a couple undergoes a medical procedure to have each other erased from their memories forever.', 'https://m.media-amazon.com/images/M/MV5BMTY4NzcwODg3Nl5BMl5BanBnXkFtZTcwNTEwOTMyMw@@._V1_.jpg', '2004', '1H 48M', 8.3, 94, 'Michel Gondry', 'Jim Carrey, Kate Winslet, Tom Wilkinson'),
	('tt0361748', 'Inglourious Basterds', 'In Nazi-occupied France during World War II, a plan to assassinate Nazi leaders by a group of Jewish U.S. soldiers coincides with a theatre owner&apos;s vengeful plans for the same.', 'https://m.media-amazon.com/images/M/MV5BOTJiNDEzOWYtMTVjOC00ZjlmLWE0NGMtZmE1OWVmZDQ2OWJhXkEyXkFqcGdeQXVyNTIzOTk5ODM@._V1_.jpg', '2009', '2H 33M', 8.4, 70, 'Quentin Tarantino', 'Brad Pitt, Diane Kruger, Eli Roth'),
	('tt0364569', 'Oldeuboi', 'After being kidnapped and imprisoned for fifteen years, Oh Dae-Su is released, only to find that he must track down his captor in five days.', 'https://m.media-amazon.com/images/M/MV5BMTI3NTQyMzU5M15BMl5BanBnXkFtZTcwMTM2MjgyMQ@@._V1_.jpg', '2003', '2H', 8.3, 74, 'Park Chan-wook', 'Choi Min-sik, Yoo Ji-tae, Kang Hye-jeong'),
	('tt0405094', 'Das Leben der Anderen', 'In 1984 East Berlin, an agent of the secret police conducting surveillance on a writer and his lover finds himself becoming increasingly absorbed by their lives.', 'https://m.media-amazon.com/images/M/MV5BNmQyNmJjM2ItNTQzYi00ZjMxLWFjMDYtZjUyN2YwZDk5YWQ2XkEyXkFqcGdeQXVyMjUzOTY1NTc@._V1_.jpg', '2006', '2H 17M', 8.4, 61, 'Florian Henckel von Donnersmarck', 'Ulrich Mühe, Martina Gedeck, Sebastian Koch'),
	('tt0407887', 'The Departed', 'An undercover cop and a mole in the police attempt to identify each other while infiltrating an Irish gang in South Boston.', 'https://m.media-amazon.com/images/M/MV5BMTI1MTY2OTIxNV5BMl5BanBnXkFtZTYwNjQ4NjY3._V1_.jpg', '2006', '2H 31M', 8.5, 39, 'Martin Scorsese', 'Leonardo DiCaprio, Matt Damon, Jack Nicholson'),
	('tt0435761', 'Toy Story 3', 'The toys are mistakenly delivered to a day-care center instead of the attic right before Andy leaves for college, and it&apos;s up to Woody to convince the other toys that they weren&apos;t abandoned and to return home.', 'https://m.media-amazon.com/images/M/MV5BMTgxOTY4Mjc0MF5BMl5BanBnXkFtZTcwNTA4MDQyMw@@._V1_.jpg', '2011', '1H 43M', 8.3, 92, 'Lee Unkrich', 'Tom Hanks, Tim Allen, Joan Cusack'),
	('tt0468569', 'The Dark Knight', 'When the menace known as the Joker wreaks havoc and chaos on the people of Gotham, Batman must accept one of the greatest psychological and physical tests of his ability to fight injustice.', 'https://m.media-amazon.com/images/M/MV5BMTMxNTMwODM0NF5BMl5BanBnXkFtZTcwODAyMTk2Mw@@._V1_.jpg', '2008', '2H 32M', 9, 3, 'Christopher Nolan', 'Christian Bale, Heath Ledger, Aaron Eckhart'),
	('tt0482571', 'The Prestige', 'After a tragic accident, two stage magicians in 1890s London engage in a battle to create the ultimate illusion while sacrificing everything they have to outwit each other.', 'https://m.media-amazon.com/images/M/MV5BMjA4NDI0MTIxNF5BMl5BanBnXkFtZTYwNTM0MzY2._V1_.jpg', '2006', '2H 10M', 8.5, 43, 'Christopher Nolan', 'Christian Bale, Hugh Jackman, Scarlett Johansson'),
	('tt0816692', 'Interstellar', 'When Earth becomes uninhabitable in the future, a farmer and ex-NASA pilot, Joseph Cooper, is tasked to pilot a spacecraft, along with a team of researchers, to find a new planet for humans.', 'https://m.media-amazon.com/images/M/MV5BZjdkOTU3MDktN2IxOS00OGEyLWFmMjktY2FiMmZkNWIyODZiXkEyXkFqcGdeQXVyMTMxODk2OTU@._V1_.jpg', '2014', '2H 49M', 8.7, 20, 'Christopher Nolan', 'Matthew McConaughey, Anne Hathaway, Jessica Chastain'),
	('tt0910970', 'WALL·E', 'In the distant future, a small waste-collecting robot inadvertently embarks on a space journey that will ultimately decide the fate of mankind.', 'https://m.media-amazon.com/images/M/MV5BMjExMTg5OTU0NF5BMl5BanBnXkFtZTcwMjMxMzMzMw@@._V1_.jpg', '2009', '1H 38M', 8.4, 58, 'Andrew Stanton', 'Ben Burtt, Elissa Knight, Jeff Garlin'),
	('tt11152168', 'IF', 'A young girl who goes through a difficult experience begins to see everyone&apos;s imaginary friends who have been left behind as their real-life friends have grown up.', 'https://m.media-amazon.com/images/M/MV5BYWQ4OGI2MmQtZjUxMC00Njg2LWJiZTQtYmFmZjI5ZmI1Y2U1XkEyXkFqcGdeQXVyMTA1NjE5MTAz._V1_.jpg', '2024', '1H 44M', 6.7, 103, 'John Krasinski', 'Cailey Fleming, Ryan Reynolds, John Krasinski'),
	('tt11389872', 'Kingdom of the Planet of the Apes', 'Many years after the reign of Caesar, a young ape goes on a journey that will lead him to question everything he&apos;s been taught about the past and make choices that will define a future for apes and humans alike.', 'https://m.media-amazon.com/images/M/MV5BZGI4NTEwNTAtZDcwMi00MDkxLTg1OGYtNTZmMzE3ZDljNzVlXkEyXkFqcGdeQXVyMTEyMjM2NDc2._V1_.jpg', '2024', '2H 25M', 7.2, 105, 'Wes Ball', 'Owen Teague, Freya Allan, Kevin Durand'),
	('tt1187043', '3 Idiots', 'Two friends are searching for their long lost companion. They revisit their college days and recall the memories of their friend who inspired them to think differently, even as the rest of the world called them &quot;idiots&quot;.', 'https://m.media-amazon.com/images/M/MV5BNTkyOGVjMGEtNmQzZi00NzFlLTlhOWQtODYyMDc2ZGJmYzFhXkEyXkFqcGdeQXVyNjU0OTQ0OTY@._V1_.jpg', '2009', '2H 50M', 8.4, 87, 'Rajkumar Hirani', 'Aamir Khan, Madhavan, Mona Singh'),
	('tt12037194', 'Furiosa: A Mad Max Saga', 'The origin story of renegade warrior Furiosa before her encounter and teamup with Mad Max.', 'https://m.media-amazon.com/images/M/MV5BNmYzMWVjNmQtNjJjNy00M2Y4LTkzZjQtZWQ5NmYzMjRjMDIzXkEyXkFqcGdeQXVyMTM1NjM2ODg1._V1_.jpg', '2024', '2H 28M', 7.8, 106, 'George Miller', 'Anya Taylor-Joy, Chris Hemsworth, Tom Burke'),
	('tt1345836', 'The Dark Knight Rises', 'Eight years after the Joker&apos;s reign of chaos, Batman is coerced out of exile with the assistance of the mysterious Selina Kyle in order to defend Gotham City from the vicious guerrilla terrorist Bane.', 'https://m.media-amazon.com/images/M/MV5BMTk4ODQzNDY3Ml5BMl5BanBnXkFtZTcwODA0NTM4Nw@@._V1_.jpg', '2012', '2H 44M', 8.4, 71, 'Christopher Nolan', 'Christian Bale, Tom Hardy, Anne Hathaway'),
	('tt1375666', 'Inception', 'A thief who steals corporate secrets through the use of dream-sharing technology is given the inverse task of planting an idea into the mind of a C.E.O., but his tragic past may doom the project and his team to disaster.', 'https://m.media-amazon.com/images/M/MV5BMjAxMzY3NjcxNF5BMl5BanBnXkFtZTcwNTI5OTM0Mw@@._V1_.jpg', '2010', '2H 28M', 8.8, 14, 'Christopher Nolan', 'Leonardo DiCaprio, Joseph Gordon-Levitt, Elliot Page'),
	('tt15239678', 'Dune: Part Two', 'Paul Atreides unites with Chani and the Fremen while seeking revenge against the conspirators who destroyed his family.', 'https://m.media-amazon.com/images/M/MV5BN2QyZGU4ZDctOWMzMy00NTc5LThlOGQtODhmNDI1NmY5YzAwXkEyXkFqcGdeQXVyMDM2NDM2MQ@@._V1_.jpg', '2024', '2H 46M', 8.6, 31, 'Denis Villeneuve', 'Timothée Chalamet, Zendaya, Rebecca Ferguson'),
	('tt15398776', 'Oppenheimer', 'The story of American scientist J. Robert Oppenheimer and his role in the development of the atomic bomb.', 'https://m.media-amazon.com/images/M/MV5BMDBmYTZjNjUtN2M1MS00MTQ2LTk2ODgtNzc2M2QyZGE5NTVjXkEyXkFqcGdeQXVyNzAwMjU2MTY@._V1_.jpg', '2023', '3H', 8.3, 99, 'Christopher Nolan', 'Cillian Murphy, Emily Blunt, Matt Damon'),
	('tt1675434', 'Intouchables', 'After he becomes a quadriplegic from a paragliding accident, an aristocrat hires a young man from the projects to be his caregiver.', 'https://m.media-amazon.com/images/M/MV5BMTYxNDA3MDQwNl5BMl5BanBnXkFtZTcwNTU4Mzc1Nw@@._V1_.jpg', '2011', '1H 52M', 8.5, 48, 'Olivier Nakache, Éric Toledano', 'François Cluzet, Omar Sy, Anne Le Ny'),
	('tt1684562', 'The Fall Guy', 'A down-and-out stuntman must find the missing star of his ex-girlfriend&apos;s blockbuster film.', 'https://m.media-amazon.com/images/M/MV5BMjA5ZjA3ZjMtMzg2ZC00ZDc4LTk3MTctYTE1ZTUzZDIzMjQyXkEyXkFqcGdeQXVyMTM1NjM2ODg1._V1_.jpg', '2024', '2H 6M', 7, 107, 'David Leitch', 'Ryan Gosling, Emily Blunt, Aaron Taylor-Johnson'),
	('tt1853728', 'Django Unchained', 'With the help of a German bounty-hunter, a freed slave sets out to rescue his wife from a brutal plantation owner in Mississippi.', 'https://m.media-amazon.com/images/M/MV5BMjIyNTQ5NjQ1OV5BMl5BanBnXkFtZTcwODg1MDU4OA@@._V1_.jpg', '2012', '2H 45M', 8.5, 55, 'Quentin Tarantino', 'Jamie Foxx, Christoph Waltz, Leonardo DiCaprio'),
	('tt2106476', 'Jagten', 'A teacher lives a lonely life, all the while struggling over his son&apos;s custody. His life slowly gets better as he finds love and receives good news from his son, but his new luck is about to be brutally shattered by an innocent li...', 'https://m.media-amazon.com/images/M/MV5BMTg2NDg3ODg4NF5BMl5BanBnXkFtZTcwNzk3NTc3Nw@@._V1_.jpg', '2013', '1H 55M', 8.3, 95, 'Thomas Vinterberg', 'Mads Mikkelsen, Thomas Bo Larsen, Annika Wedderkopp'),
	('tt22050754', 'The Strangers: Chapter 1', 'After their car breaks down in an eerie small town, a young couple is forced to spend the night in a remote cabin. Panic ensues as they are terrorized by three masked strangers who strike with no mercy and seemingly no motive.', 'https://m.media-amazon.com/images/M/MV5BNDVkZTM0NDAtNTQxMS00NWIyLTgyM2ItNjAxOTllYTAzNTVjXkEyXkFqcGdeQXVyMjM4NTM5NDY@._V1_.jpg', '2024', '1H 31M', 4.7, 110, 'Renny Harlin', 'Madelaine Petsch, Ryan Bown, Matus Lajcak'),
	('tt2380307', 'Coco', 'Aspiring musician Miguel, confronted with his family&apos;s ancestral ban on music, enters the Land of the Dead to find his great-great-grandfather, a legendary singer.', 'https://m.media-amazon.com/images/M/MV5BYjQ5NjM0Y2YtNjZkNC00ZDhkLWJjMWItN2QyNzFkMDE3ZjAxXkEyXkFqcGdeQXVyODIxMzk5NjA@._V1_.jpg', '2017', '1H 45M', 8.4, 73, 'Lee Unkrich, Adrian Molina', 'Anthony Gonzalez, Gael García Bernal, Benjamin Bratt'),
	('tt23849204', '12th Fail', 'The real-life story of IPS Officer Manoj Kumar Sharma and IRS Officer Shraddha Joshi.', 'https://m.media-amazon.com/images/M/MV5BZDI4OTM1ZjMtOWQxMC00OTY5LTg3NjQtMjlhMWVjODFlYTY4XkEyXkFqcGdeQXVyMTYzMTU3Njgx._V1_.jpg', '2023', '2H 27M', 8.9, 59, 'Vidhu Vinod Chopra', 'Vikrant Massey, Medha Shankr, Anant Joshi'),
	('tt2582802', 'Whiplash', 'A promising young drummer enrolls at a cut-throat music conservatory where his dreams of greatness are mentored by an instructor who will stop at nothing to realize a student&apos;s potential.', 'https://m.media-amazon.com/images/M/MV5BOTA5NDZlZGUtMjAxOS00YTRkLTkwYmMtYWQ0NWEwZDZiNjEzXkEyXkFqcGdeQXVyMTMxODk2OTU@._V1_.jpg', '2014', '1H 46M', 8.5, 42, 'Damien Chazelle', 'Miles Teller, J.K. Simmons, Melissa Benoist'),
	('tt26736843', 'The Watchers', 'A young artist gets stranded in an extensive, immaculate forest in western Ireland, where, after finding shelter, she becomes trapped alongside three strangers, stalked by mysterious creatures each night.', 'https://m.media-amazon.com/images/M/MV5BZjNlYjg5YzYtMmU4ZC00MzA4LWE5YWYtNTJlOTkyZmQ0YzdkXkEyXkFqcGdeQXVyMTkxNjUyNQ@@._V1_.jpg', '2024', '1H 42M', 5.8, 104, 'Ishana Shyamalan', 'Dakota Fanning, Georgina Campbell, Olwen Fouéré'),
	('tt4154756', 'Avengers: Infinity War', 'The Avengers and their allies must be willing to sacrifice all in an attempt to defeat the powerful Thanos before his blitz of devastation and ruin puts an end to the universe.', 'https://m.media-amazon.com/images/M/MV5BMjMxNjY2MDU1OV5BMl5BanBnXkFtZTgwNzY1MTUwNTM@._V1_.jpg', '2018', '2H 29M', 8.4, 63, 'Anthony Russo, Joe Russo', 'Robert Downey Jr., Chris Hemsworth, Mark Ruffalo'),
	('tt4154796', 'Avengers: Endgame', 'After the devastating events of Avengers: Infinity War (2018), the universe is in ruins. With the help of remaining allies, the Avengers assemble once more in order to reverse Thanos&apos; actions and restore balance to the universe.', 'https://m.media-amazon.com/images/M/MV5BMTc5MDE2ODcwNV5BMl5BanBnXkFtZTgwMzI2NzQ2NzM@._V1_.jpg', '2019', '3H 1M', 8.4, 78, 'Anthony Russo, Joe Russo', 'Robert Downey Jr., Chris Evans, Mark Ruffalo'),
	('tt4633694', 'Spider-Man: Into the Spider-Verse', 'Teen Miles Morales becomes the Spider-Man of his universe and must join with five spider-powered individuals from other dimensions to stop a threat for all realities.', 'https://m.media-amazon.com/images/M/MV5BMjMwNDkxMTgzOF5BMl5BanBnXkFtZTgwNTkwNTQ3NjM@._V1_.jpg', '2018', '1H 57M', 8.4, 65, 'Bob Persichetti, Peter Ramsey, Rodney Rothman', 'Shameik Moore, Jake Johnson, Hailee Steinfeld'),
	('tt4919268', 'Bad Boys: Ride or Die', 'This Summer, the world&apos;s favorite Bad Boys are back with their iconic mix of edge-of-your seat action and outrageous comedy but this time with a twist: Miami&apos;s finest are now on the run.', 'https://m.media-amazon.com/images/M/MV5BY2U5YmQ3YjgtM2I2OC00YmM5LTkyM2MtN2I5Zjg2MDE0ODkwXkEyXkFqcGdeQXVyMDM2NDM2MQ@@._V1_.jpg', '2024', '1H 55M', 7, 101, 'Adil El Arbi, Bilall Fallah', 'Will Smith, Martin Lawrence, Vanessa Hudgens'),
	('tt5311514', 'Kimi no na wa.', 'Two teenagers share a profound, magical connection upon discovering they are swapping bodies. Things manage to become even more complicated when the boy and girl decide to meet in person.', 'https://m.media-amazon.com/images/M/MV5BODRmZDVmNzUtZDA4ZC00NjhkLWI2M2UtN2M0ZDIzNDcxYThjL2ltYWdlXkEyXkFqcGdeQXVyNTk0MzMzODA@._V1_.jpg', '2016', '1H 46M', 8.4, 84, 'Makoto Shinkai', 'Ryunosuke Kamiki, Mone Kamishiraishi, Ryo Narita'),
	('tt5779228', 'The Garfield Movie', 'After Garfield&apos;s unexpected reunion with his long-lost father, ragged alley cat Vic, he and his canine friend Odie are forced from their perfectly pampered lives to join Vic on a risky heist.', 'https://m.media-amazon.com/images/M/MV5BZDdlNTIwNjYtNzVhNS00MGVmLTk1ZGYtZmZiMjhiMmQ1ZjkwXkEyXkFqcGdeQXVyMTY3ODkyNDkz._V1_.jpg', '2024', '1H 41M', 5.8, 102, 'Mark Dindal', 'Chris Pratt, Samuel L. Jackson, Hannah Waddingham'),
	('tt6751668', 'Gisaengchung', 'Greed and class discrimination threaten the newly-formed symbiotic relationship between the wealthy Park family and the destitute Kim clan.', 'https://m.media-amazon.com/images/M/MV5BYWZjMjk3ZTItODQ2ZC00NTY5LWE0ZDYtZTI3MjcwN2Q5NTVkXkEyXkFqcGdeQXVyODk4OTc3MTY@._V1_.jpg', '2019', '2H 12M', 8.5, 34, 'Bong Joon Ho', 'Song Kang-ho, Lee Sun-kyun, Cho Yeo-jeong'),
	('tt7286456', 'Joker', 'During the 1980s, a failed stand-up comedian is driven insane and turns to a life of crime and chaos in Gotham City while becoming an infamous psychopathic crime figure.', 'https://m.media-amazon.com/images/M/MV5BNGVjNWI4ZGUtNzE0MS00YTJmLWE0ZDctN2ZiYTk2YmI3NTYyXkEyXkFqcGdeQXVyMTkxNjUyNQ@@._V1_.jpg', '2019', '2H 2M', 8.4, 83, 'Todd Phillips', 'Joaquin Phoenix, Robert De Niro, Zazie Beetz'),
	('tt8267604', 'Capharnaüm', 'While serving a five-year sentence for a violent crime, a 12-year-old boy sues his parents for neglect.', 'https://m.media-amazon.com/images/M/MV5BMmExNzU2ZWMtYzUwYi00YmM2LTkxZTQtNmVhNjY0NTMyMWI2XkEyXkFqcGdeQXVyMTMxODk2OTU@._V1_.jpg', '2019', '2H 6M', 8.4, 89, 'Nadine Labaki', 'Zain Al Rafeea, Yordanos Shiferaw, Boluwatife Treasure Bankole'),
	('tt9362722', 'Spider-Man: Across the Spider-Verse', 'Miles Morales catapults across the multiverse, where he encounters a team of Spider-People charged with protecting its very existence. When the heroes clash on how to handle a new threat, Miles must redefine what it means to be a hero.', 'https://m.media-amazon.com/images/M/MV5BMzI0NmVkMjEtYmY4MS00ZDMxLTlkZmEtMzU4MDQxYTMzMjU2XkEyXkFqcGdeQXVyMzQ0MzA0NTM@._V1_.jpg', '2023', '2H 20M', 8.6, 37, 'Joaquim Dos Santos, Kemp Powers, Justin K. Thompson', 'Shameik Moore, Hailee Steinfeld, Brian Tyree Henry');

-- Dumping structure for table imdb.rates
DROP TABLE IF EXISTS `rates`;
CREATE TABLE IF NOT EXISTS `rates` (
  `user` int(10) unsigned NOT NULL,
  `movie` char(15) NOT NULL,
  `rate` float NOT NULL,
  KEY `user` (`user`),
  KEY `movie` (`movie`),
  CONSTRAINT `rates_ibfk_1` FOREIGN KEY (`user`) REFERENCES `users` (`id`) ON DELETE CASCADE ON UPDATE CASCADE,
  CONSTRAINT `rates_ibfk_2` FOREIGN KEY (`movie`) REFERENCES `movies` (`id`) ON DELETE CASCADE ON UPDATE CASCADE
) ENGINE=InnoDB DEFAULT CHARSET=utf8mb4 COLLATE=utf8mb4_unicode_ci;

-- Dumping data for table imdb.rates: ~0 rows (approximately)

-- Dumping structure for table imdb.thumbnails
DROP TABLE IF EXISTS `thumbnails`;
CREATE TABLE IF NOT EXISTS `thumbnails` (
  `url` varchar(1000) NOT NULL,
  `movie` char(15) NOT NULL,
  KEY `movie` (`movie`),
  CONSTRAINT `thumbnails_ibfk_1` FOREIGN KEY (`movie`) REFERENCES `movies` (`id`) ON DELETE CASCADE ON UPDATE CASCADE
) ENGINE=InnoDB DEFAULT CHARSET=utf8mb4 COLLATE=utf8mb4_unicode_ci;

-- Dumping data for table imdb.thumbnails: ~1,296 rows (approximately)
INSERT INTO `thumbnails` (`url`, `movie`) VALUES
	('https://m.media-amazon.com/images/M/MV5BMTM0NjUxMDk5MF5BMl5BanBnXkFtZTcwNDMxNDY3Mw@@._V1_QL75_UY140_CR35,0,140,140_.jpg', 'tt0111161'),
	('https://m.media-amazon.com/images/M/MV5BMTk3NDE2Nzg3Nl5BMl5BanBnXkFtZTcwNTMxNDY3Mw@@._V1_QL75_UY140_CR36,0,140,140_.jpg', 'tt0111161'),
	('https://m.media-amazon.com/images/M/MV5BMTg0MDgwNjc5N15BMl5BanBnXkFtZTcwNjMxNDY3Mw@@._V1_QL75_UX140_CR0,0,140,140_.jpg', 'tt0111161'),
	('https://m.media-amazon.com/images/M/MV5BMTkzMTY0MjE5MV5BMl5BanBnXkFtZTcwODMxNDY3Mw@@._V1_QL75_UY140_CR37,0,140,140_.jpg', 'tt0111161'),
	('https://m.media-amazon.com/images/M/MV5BNTYxOTYyMzE3NV5BMl5BanBnXkFtZTcwOTMxNDY3Mw@@._V1_QL75_UY140_CR34,0,140,140_.jpg', 'tt0111161'),
	('https://m.media-amazon.com/images/M/MV5BMTgxMTU1MDkwOV5BMl5BanBnXkFtZTcwMDQxNDY3Mw@@._V1_QL75_UY140_CR34,0,140,140_.jpg', 'tt0111161'),
	('https://m.media-amazon.com/images/M/MV5BMTQ5NTI4NDAxMV5BMl5BanBnXkFtZTcwMTQxNDY3Mw@@._V1_QL75_UY140_CR35,0,140,140_.jpg', 'tt0111161'),
	('https://m.media-amazon.com/images/M/MV5BMTMyODE3NTM1Ml5BMl5BanBnXkFtZTcwMzQxNDY3Mw@@._V1_QL75_UY140_CR34,0,140,140_.jpg', 'tt0111161'),
	('https://m.media-amazon.com/images/M/MV5BMTMxNzAwMzE0Nl5BMl5BanBnXkFtZTcwNDQxNDY3Mw@@._V1_QL75_UY140_CR36,0,140,140_.jpg', 'tt0111161'),
	('https://m.media-amazon.com/images/M/MV5BMTg3Nzg3ODU0NV5BMl5BanBnXkFtZTcwNTQxNDY3Mw@@._V1_QL75_UY140_CR55,0,140,140_.jpg', 'tt0111161'),
	('https://m.media-amazon.com/images/M/MV5BNzAwOTk3MDg5MV5BMl5BanBnXkFtZTcwNjQxNDY3Mw@@._V1_QL75_UY140_CR42,0,140,140_.jpg', 'tt0111161'),
	('https://m.media-amazon.com/images/M/MV5BMTg4MDA2MDM5Nl5BMl5BanBnXkFtZTcwOTU5MTQ2Mg@@._V1_QL75_UY140_CR33,0,140,140_.jpg', 'tt0111161'),
	('https://m.media-amazon.com/images/M/MV5BZTFiODA5NWEtM2FhNC00MWEzLTlkYjgtMWMwNzBhYzlkY2U3XkEyXkFqcGdeQXVyMDM2NDM2MQ@@._V1_QL75_UX140_CR0,0,140,140_.jpg', 'tt0068646'),
	('https://m.media-amazon.com/images/M/MV5BMTczMTk5MjkwOF5BMl5BanBnXkFtZTgwMDI0Mjk1NDM@._V1_QL75_UY140_CR18,0,140,140_.jpg', 'tt0068646'),
	('https://m.media-amazon.com/images/M/MV5BMTU4MTgxOTQ0Nl5BMl5BanBnXkFtZTgwNDI0Mjk1NDM@._V1_QL75_UY140_CR27,0,140,140_.jpg', 'tt0068646'),
	('https://m.media-amazon.com/images/M/MV5BMTk2ODYzODc5MV5BMl5BanBnXkFtZTgwOTU0MzM1MjI@._V1_QL75_UY140_CR32,0,140,140_.jpg', 'tt0068646'),
	('https://m.media-amazon.com/images/M/MV5BYTgzZTJlMDUtMGIxNy00ODJiLWI3NjAtYzQ4OTQ3MGQ3ZGYwXkEyXkFqcGdeQXVyMDc2NTEzMw@@._V1_QL75_UX140_CR0,0,140,140_.jpg', 'tt0068646'),
	('https://m.media-amazon.com/images/M/MV5BOGU1YjI0NmEtN2JiZi00YWRjLWJkMjctODFlMjgyYTA1MmJiXkEyXkFqcGdeQXVyMDc2NTEzMw@@._V1_QL75_UY140_CR25,0,140,140_.jpg', 'tt0068646'),
	('https://m.media-amazon.com/images/M/MV5BNGU4NmRlYjctZDgwYi00NTAzLTk4ZGMtZTU2Yzc0NDI0NTcyXkEyXkFqcGdeQXVyMDc2NTEzMw@@._V1_QL75_UX140_CR0,0,140,140_.jpg', 'tt0068646'),
	('https://m.media-amazon.com/images/M/MV5BNjk3MWYyZjAtY2M5Ni00OTIzLTkxMTItZWEwM2M2Y2E3NDcxXkEyXkFqcGdeQXVyMDc2NTEzMw@@._V1_QL75_UY140_CR19,0,140,140_.jpg', 'tt0068646'),
	('https://m.media-amazon.com/images/M/MV5BMDhkYzhiYjEtMTQwYy00MTdmLTlkOTAtYTk1YmMyYmE5NDVmXkEyXkFqcGdeQXVyMDc2NTEzMw@@._V1_QL75_UX140_CR0,0,140,140_.jpg', 'tt0068646'),
	('https://m.media-amazon.com/images/M/MV5BMTk4NmExNTctNjExYi00M2NmLTk3ODMtYzIxNWM0MjhjN2I0XkEyXkFqcGdeQXVyMDc2NTEzMw@@._V1_QL75_UX140_CR0,0,140,140_.jpg', 'tt0068646'),
	('https://m.media-amazon.com/images/M/MV5BMTQ5MjY5NDU4NV5BMl5BanBnXkFtZTgwMTM1NjAyMDI@._V1_QL75_UY140_CR34,0,140,140_.jpg', 'tt0068646'),
	('https://m.media-amazon.com/images/M/MV5BMjAwNjgwNzI3Ml5BMl5BanBnXkFtZTgwODM0MDM4NzE@._V1_QL75_UX140_CR0,0,140,140_.jpg', 'tt0068646'),
	('https://m.media-amazon.com/images/M/MV5BOTAxNzI0NDE1NF5BMl5BanBnXkFtZTcwNjczMTk2Mw@@._V1_QL75_UY140_CR35,0,140,140_.jpg', 'tt0468569'),
	('https://m.media-amazon.com/images/M/MV5BMjE3NTU0NTQ5NF5BMl5BanBnXkFtZTcwNzczMTk2Mw@@._V1_QL75_UY140_CR35,0,140,140_.jpg', 'tt0468569'),
	('https://m.media-amazon.com/images/M/MV5BMjA5ODU3NTI0Ml5BMl5BanBnXkFtZTcwODczMTk2Mw@@._V1_QL75_UY140_CR95,0,140,140_.jpg', 'tt0468569'),
	('https://m.media-amazon.com/images/M/MV5BMTM1NTcwMTk4OV5BMl5BanBnXkFtZTcwOTczMTk2Mw@@._V1_QL75_UY140_CR95,0,140,140_.jpg', 'tt0468569'),
	('https://m.media-amazon.com/images/M/MV5BMTM1Njc5NTE0M15BMl5BanBnXkFtZTcwMDgzMTk2Mw@@._V1_QL75_UY140_CR95,0,140,140_.jpg', 'tt0468569'),
	('https://m.media-amazon.com/images/M/MV5BOTk5NDczOTg3N15BMl5BanBnXkFtZTcwMTgzMTk2Mw@@._V1_QL75_UY140_CR95,0,140,140_.jpg', 'tt0468569'),
	('https://m.media-amazon.com/images/M/MV5BMTYxMTA1MjU4Nl5BMl5BanBnXkFtZTcwMjgzMTk2Mw@@._V1_QL75_UY140_CR95,0,140,140_.jpg', 'tt0468569'),
	('https://m.media-amazon.com/images/M/MV5BMTM5NjA1OTYyOV5BMl5BanBnXkFtZTcwMzgzMTk2Mw@@._V1_QL75_UY140_CR98,0,140,140_.jpg', 'tt0468569'),
	('https://m.media-amazon.com/images/M/MV5BMTU3MTg0ODM1MV5BMl5BanBnXkFtZTcwNDgzMTk2Mw@@._V1_QL75_UY140_CR95,0,140,140_.jpg', 'tt0468569'),
	('https://m.media-amazon.com/images/M/MV5BMTU4MTc5MTQzMl5BMl5BanBnXkFtZTcwNjgzMTk2Mw@@._V1_QL75_UY140_CR96,0,140,140_.jpg', 'tt0468569'),
	('https://m.media-amazon.com/images/M/MV5BMTgzMzkyNjAwOV5BMl5BanBnXkFtZTcwNzgzMTk2Mw@@._V1_QL75_UY140_CR97,0,140,140_.jpg', 'tt0468569'),
	('https://m.media-amazon.com/images/M/MV5BMjA3NTc5MDg5MF5BMl5BanBnXkFtZTcwODgzMTk2Mw@@._V1_QL75_UY140_CR95,0,140,140_.jpg', 'tt0468569'),
	('https://m.media-amazon.com/images/M/MV5BNDYwMjc5NDM5M15BMl5BanBnXkFtZTgwNTM3ODIxNjM@._V1_QL75_UY140_CR15,0,140,140_.jpg', 'tt0071562'),
	('https://m.media-amazon.com/images/M/MV5BNDI0Mzg1MDA4NF5BMl5BanBnXkFtZTgwMTM4NjIwMjE@._V1_QL75_UY140_CR38,0,140,140_.jpg', 'tt0071562'),
	('https://m.media-amazon.com/images/M/MV5BMTQ5NTE0MDc0OV5BMl5BanBnXkFtZTgwOTI4NjIwMjE@._V1_QL75_UY140_CR38,0,140,140_.jpg', 'tt0071562'),
	('https://m.media-amazon.com/images/M/MV5BMjEwNjg4NzM5MV5BMl5BanBnXkFtZTgwNjI4NjIwMjE@._V1_QL75_UX140_CR0,0,140,140_.jpg', 'tt0071562'),
	('https://m.media-amazon.com/images/M/MV5BMTg5OTE1NzMyNl5BMl5BanBnXkFtZTgwMDM4NjIwMjE@._V1_QL75_UY140_CR38,0,140,140_.jpg', 'tt0071562'),
	('https://m.media-amazon.com/images/M/MV5BMTQyMDc0ODY1OV5BMl5BanBnXkFtZTgwMDI4NjIwMjE@._V1_QL75_UY140_CR20,0,140,140_.jpg', 'tt0071562'),
	('https://m.media-amazon.com/images/M/MV5BMjA4NTU1NDQ0M15BMl5BanBnXkFtZTgwMjI4NjIwMjE@._V1_QL75_UX140_CR0,0,140,140_.jpg', 'tt0071562'),
	('https://m.media-amazon.com/images/M/MV5BMTY1NjM2MjcwOV5BMl5BanBnXkFtZTgwODI4NjIwMjE@._V1_QL75_UY140_CR29,0,140,140_.jpg', 'tt0071562'),
	('https://m.media-amazon.com/images/M/MV5BMTQ3MzA3ODcwNF5BMl5BanBnXkFtZTgwNTI4NjIwMjE@._V1_QL75_UX140_CR0,0,140,140_.jpg', 'tt0071562'),
	('https://m.media-amazon.com/images/M/MV5BMjM4MDIyNzQyOF5BMl5BanBnXkFtZTgwNzI4NjIwMjE@._V1_QL75_UX140_CR0,0,140,140_.jpg', 'tt0071562'),
	('https://m.media-amazon.com/images/M/MV5BMTg5NTIyOTgxOV5BMl5BanBnXkFtZTgwNDE4NjIwMjE@._V1_QL75_UY140_CR30,0,140,140_.jpg', 'tt0071562'),
	('https://m.media-amazon.com/images/M/MV5BMTA1MzgzODQyMDReQTJeQWpwZ15BbWU4MDYwODYyMDIx._V1_QL75_UX140_CR0,0,140,140_.jpg', 'tt0071562'),
	('https://m.media-amazon.com/images/M/MV5BMTM3M2UzMGYtZjUxMy00NDVkLTg2ZjktOTM0MjZkZWRhOWE4XkEyXkFqcGdeQXVyMDc2NTEzMw@@._V1_QL75_UY140_CR21,0,140,140_.jpg', 'tt0050083'),
	('https://m.media-amazon.com/images/M/MV5BNzkxNmZkMzYtNzE5OC00NWM5LWIzYTItNTllYzAyYTk4YWY1XkEyXkFqcGdeQXVyMDc2NTEzMw@@._V1_QL75_UY140_CR21,0,140,140_.jpg', 'tt0050083'),
	('https://m.media-amazon.com/images/M/MV5BMzliYmQ0ZGEtNTQ4NC00NmZhLThiOGYtMGIzZmNjYTUzZjUwXkEyXkFqcGdeQXVyMDc2NTEzMw@@._V1_QL75_UX140_CR0,0,140,140_.jpg', 'tt0050083'),
	('https://m.media-amazon.com/images/M/MV5BYzdiMTY0NzMtNjQ1Ni00OWM1LWJhMzktYzhmMjMzOTdmYzFhXkEyXkFqcGdeQXVyMDc2NTEzMw@@._V1_QL75_UY140_CR20,0,140,140_.jpg', 'tt0050083'),
	('https://m.media-amazon.com/images/M/MV5BMTk3ODA1NjAxN15BMl5BanBnXkFtZTgwNDAwNDU5MTE@._V1_QL75_UY140_CR19,0,140,140_.jpg', 'tt0050083'),
	('https://m.media-amazon.com/images/M/MV5BOTI3Nzk2NjE3Nl5BMl5BanBnXkFtZTgwNTAwNDU5MTE@._V1_QL75_UX140_CR0,0,140,140_.jpg', 'tt0050083'),
	('https://m.media-amazon.com/images/M/MV5BNDAxOTM1Nzg2Nl5BMl5BanBnXkFtZTgwNjAwNDU5MTE@._V1_QL75_UY140_CR18,0,140,140_.jpg', 'tt0050083'),
	('https://m.media-amazon.com/images/M/MV5BMTg1OTg1ODI3NF5BMl5BanBnXkFtZTcwNTg4NDc3Mw@@._V1_QL75_UY140_CR20,0,140,140_.jpg', 'tt0050083'),
	('https://m.media-amazon.com/images/M/MV5BMTU2MTM1MjY1MV5BMl5BanBnXkFtZTcwNjg4NDc3Mw@@._V1_QL75_UY140_CR19,0,140,140_.jpg', 'tt0050083'),
	('https://m.media-amazon.com/images/M/MV5BMTMyODAxMDE2MF5BMl5BanBnXkFtZTcwNzg4NDc3Mw@@._V1_QL75_UY140_CR20,0,140,140_.jpg', 'tt0050083'),
	('https://m.media-amazon.com/images/M/MV5BMTk0MDEzMjI3NV5BMl5BanBnXkFtZTcwODg4NDc3Mw@@._V1_QL75_UY140_CR19,0,140,140_.jpg', 'tt0050083'),
	('https://m.media-amazon.com/images/M/MV5BMTMxNzM2NDA0MV5BMl5BanBnXkFtZTcwOTg4NDc3Mw@@._V1_QL75_UY140_CR20,0,140,140_.jpg', 'tt0050083'),
	('https://m.media-amazon.com/images/M/MV5BMTgwNzg3MDkxM15BMl5BanBnXkFtZTcwMzA2MDAxMw@@._V1_QL75_UY140_CR32,0,140,140_.jpg', 'tt0108052'),
	('https://m.media-amazon.com/images/M/MV5BMTc4NTA1OTE4Nl5BMl5BanBnXkFtZTcwODA2MDAxMw@@._V1_QL75_UY140_CR36,0,140,140_.jpg', 'tt0108052'),
	('https://m.media-amazon.com/images/M/MV5BMTM4OTczNjU1OF5BMl5BanBnXkFtZTcwMzU2MDAxMw@@._V1_QL75_UX140_CR0,0,140,140_.jpg', 'tt0108052'),
	('https://m.media-amazon.com/images/M/MV5BMTYxNDExMDI3NV5BMl5BanBnXkFtZTcwMDY2MDAxMw@@._V1_QL75_UY140_CR35,0,140,140_.jpg', 'tt0108052'),
	('https://m.media-amazon.com/images/M/MV5BMTYzMjk5NjU3NV5BMl5BanBnXkFtZTcwMzU1MDAxMw@@._V1_QL75_UX140_CR0,0,140,140_.jpg', 'tt0108052'),
	('https://m.media-amazon.com/images/M/MV5BMTI4MjA2MDQ3Ml5BMl5BanBnXkFtZTcwMzY1MDAxMw@@._V1_QL75_UY140_CR36,0,140,140_.jpg', 'tt0108052'),
	('https://m.media-amazon.com/images/M/MV5BMTI2NjQwMjk3OF5BMl5BanBnXkFtZTcwODY1MDAxMw@@._V1_QL75_UX140_CR0,0,140,140_.jpg', 'tt0108052'),
	('https://m.media-amazon.com/images/M/MV5BMTM1MTgwMzY5OV5BMl5BanBnXkFtZTcwMzg1MDAxMw@@._V1_QL75_UX140_CR0,0,140,140_.jpg', 'tt0108052'),
	('https://m.media-amazon.com/images/M/MV5BMTc1NjEyMzA2OV5BMl5BanBnXkFtZTcwOTg1MDAxMw@@._V1_QL75_UY140_CR39,0,140,140_.jpg', 'tt0108052'),
	('https://m.media-amazon.com/images/M/MV5BMTY0ODMxMTU4N15BMl5BanBnXkFtZTcwNDk1MDAxMw@@._V1_QL75_UY140_CR40,0,140,140_.jpg', 'tt0108052'),
	('https://m.media-amazon.com/images/M/MV5BMTMxNzk3OTA1OV5BMl5BanBnXkFtZTcwNzQ1MDAxMw@@._V1_QL75_UY140_CR36,0,140,140_.jpg', 'tt0108052'),
	('https://m.media-amazon.com/images/M/MV5BMTMyNDExMDU0NV5BMl5BanBnXkFtZTcwMjE2MDAxMw@@._V1_QL75_UX140_CR0,0,140,140_.jpg', 'tt0108052'),
	('https://m.media-amazon.com/images/M/MV5BNTg3Mzk3NDI0NF5BMl5BanBnXkFtZTcwNDU2MTk2Mw@@._V1_QL75_UX140_CR0,0,140,140_.jpg', 'tt0167260'),
	('https://m.media-amazon.com/images/M/MV5BMTk1ODY0NDg2M15BMl5BanBnXkFtZTcwNTU2MTk2Mw@@._V1_QL75_UY140_CR38,0,140,140_.jpg', 'tt0167260'),
	('https://m.media-amazon.com/images/M/MV5BMTMzNzQwODg2OV5BMl5BanBnXkFtZTcwMzE2MTk2Mw@@._V1_QL75_UY140_CR34,0,140,140_.jpg', 'tt0167260'),
	('https://m.media-amazon.com/images/M/MV5BMTgzODk0MTQ0Nl5BMl5BanBnXkFtZTcwNDE2MTk2Mw@@._V1_QL75_UY140_CR14,0,140,140_.jpg', 'tt0167260'),
	('https://m.media-amazon.com/images/M/MV5BNzcxNDk0NDI1Nl5BMl5BanBnXkFtZTcwNTE2MTk2Mw@@._V1_QL75_UY140_CR35,0,140,140_.jpg', 'tt0167260'),
	('https://m.media-amazon.com/images/M/MV5BMTQxMzIxNzQ0MF5BMl5BanBnXkFtZTcwNjE2MTk2Mw@@._V1_QL75_UY140_CR37,0,140,140_.jpg', 'tt0167260'),
	('https://m.media-amazon.com/images/M/MV5BMjE2MjYzNTIyN15BMl5BanBnXkFtZTcwNzE2MTk2Mw@@._V1_QL75_UY140_CR36,0,140,140_.jpg', 'tt0167260'),
	('https://m.media-amazon.com/images/M/MV5BMTc1NDIwMzg3NF5BMl5BanBnXkFtZTcwODE2MTk2Mw@@._V1_QL75_UY140_CR35,0,140,140_.jpg', 'tt0167260'),
	('https://m.media-amazon.com/images/M/MV5BMTgxNzY5NDIyNV5BMl5BanBnXkFtZTcwMTI2MTk2Mw@@._V1_QL75_UY140_CR36,0,140,140_.jpg', 'tt0167260'),
	('https://m.media-amazon.com/images/M/MV5BMTg5MDI4NTUyMV5BMl5BanBnXkFtZTcwMDM2MTk2Mw@@._V1_QL75_UY140_CR35,0,140,140_.jpg', 'tt0167260'),
	('https://m.media-amazon.com/images/M/MV5BMTgxNzcxMjQwNV5BMl5BanBnXkFtZTcwMTM2MTk2Mw@@._V1_QL75_UY140_CR33,0,140,140_.jpg', 'tt0167260'),
	('https://m.media-amazon.com/images/M/MV5BMTgwNDIzMjE4OV5BMl5BanBnXkFtZTcwMjM2MTk2Mw@@._V1_QL75_UY140_CR35,0,140,140_.jpg', 'tt0167260'),
	('https://m.media-amazon.com/images/M/MV5BNTY1MzgzOTYxNV5BMl5BanBnXkFtZTgwMDI4OTEwMjE@._V1_QL75_UY140_CR33,0,140,140_.jpg', 'tt0110912'),
	('https://m.media-amazon.com/images/M/MV5BMTgxNDYxNjMzNF5BMl5BanBnXkFtZTgwODE4OTEwMjE@._V1_QL75_UY140_CR33,0,140,140_.jpg', 'tt0110912'),
	('https://m.media-amazon.com/images/M/MV5BMTQ2MDk3ODAwMV5BMl5BanBnXkFtZTgwNzE4OTEwMjE@._V1_QL75_UY140_CR33,0,140,140_.jpg', 'tt0110912'),
	('https://m.media-amazon.com/images/M/MV5BOTc4MTY2NjM5NF5BMl5BanBnXkFtZTgwNjE4OTEwMjE@._V1_QL75_UY140_CR33,0,140,140_.jpg', 'tt0110912'),
	('https://m.media-amazon.com/images/M/MV5BMjE1ODYxOTkxOF5BMl5BanBnXkFtZTgwNTE4OTEwMjE@._V1_QL75_UY140_CR33,0,140,140_.jpg', 'tt0110912'),
	('https://m.media-amazon.com/images/M/MV5BMjAyMjUyNzg1Ml5BMl5BanBnXkFtZTgwNzAwMzg5MTE@._V1_QL75_UY140_CR36,0,140,140_.jpg', 'tt0110912'),
	('https://m.media-amazon.com/images/M/MV5BMTAxMzE0NTE1OTVeQTJeQWpwZ15BbWU4MDk5OTI4OTEx._V1_QL75_UY140_CR34,0,140,140_.jpg', 'tt0110912'),
	('https://m.media-amazon.com/images/M/MV5BMTAwNDE5MzkyNzZeQTJeQWpwZ15BbWU4MDAwMDM4OTEx._V1_QL75_UY140_CR35,0,140,140_.jpg', 'tt0110912'),
	('https://m.media-amazon.com/images/M/MV5BNzcyNTQyNzg3OF5BMl5BanBnXkFtZTgwMTAwMzg5MTE@._V1_QL75_UY140_CR38,0,140,140_.jpg', 'tt0110912'),
	('https://m.media-amazon.com/images/M/MV5BMTc5Njg5Njg2MV5BMl5BanBnXkFtZTgwMjAwMzg5MTE@._V1_QL75_UY140_CR24,0,140,140_.jpg', 'tt0110912'),
	('https://m.media-amazon.com/images/M/MV5BMTY4OTI1NDY4MF5BMl5BanBnXkFtZTgwMzAwMzg5MTE@._V1_QL75_UY140_CR34,0,140,140_.jpg', 'tt0110912'),
	('https://m.media-amazon.com/images/M/MV5BMjM3NDUxNzQ3NV5BMl5BanBnXkFtZTgwNDAwMzg5MTE@._V1_QL75_UY140_CR34,0,140,140_.jpg', 'tt0110912'),
	('https://m.media-amazon.com/images/M/MV5BN2ZmNWUzNTQtMDY2OS00YjBmLWI5NTQtMzg5MDk0MzM5OTc2XkEyXkFqcGdeQXVyMTUzMTg2ODkz._V1_QL75_UY140_CR18,0,140,140_.jpg', 'tt0060196'),
	('https://m.media-amazon.com/images/M/MV5BMTUxNzUzMzMtNzc5MS00MTllLThhODQtNDRjZTQ4NWY5MjUyXkEyXkFqcGdeQXVyMTUzMTg2ODkz._V1_QL75_UY140_CR19,0,140,140_.jpg', 'tt0060196'),
	('https://m.media-amazon.com/images/M/MV5BODI1NDExZTItNTY0OS00NTk4LWJlZTgtMWMwYTYzZWFmNmRhXkEyXkFqcGdeQXVyMTUzMTg2ODkz._V1_QL75_UY140_CR17,0,140,140_.jpg', 'tt0060196'),
	('https://m.media-amazon.com/images/M/MV5BYWI1YzQ1ZDAtNmFmNS00OWFiLWE4MjctZThmZDc2MTRiYTVhXkEyXkFqcGdeQXVyMTUzMTg2ODkz._V1_QL75_UX140_CR0,0,140,140_.jpg', 'tt0060196'),
	('https://m.media-amazon.com/images/M/MV5BZmUyN2UxZGUtMWQwZi00MTA5LTkzNzUtOTJjOTU3MDRhZGQ2XkEyXkFqcGdeQXVyMTUzMTg2ODkz._V1_QL75_UY140_CR18,0,140,140_.jpg', 'tt0060196'),
	('https://m.media-amazon.com/images/M/MV5BNDQ0Zjg2NDgtZDQ1NC00ZjFiLWE0YjMtYjJkYWY3OTc4MDM1XkEyXkFqcGdeQXVyMTUzMTg2ODkz._V1_QL75_UY140_CR18,0,140,140_.jpg', 'tt0060196'),
	('https://m.media-amazon.com/images/M/MV5BYWZjYzA3YTgtNzQyZS00NmNkLWE4ZmItMjJhNmJiMzJkZTI0XkEyXkFqcGdeQXVyMTUzMTg2ODkz._V1_QL75_UY140_CR17,0,140,140_.jpg', 'tt0060196'),
	('https://m.media-amazon.com/images/M/MV5BOWIwNjcyZDUtNjRmZS00ZGNiLWIwZDUtMmUyYzQ5NTQ4OTA3XkEyXkFqcGdeQXVyMTUzMTg2ODkz._V1_QL75_UY140_CR19,0,140,140_.jpg', 'tt0060196'),
	('https://m.media-amazon.com/images/M/MV5BMjEwMTJkNTEtN2FmNC00ZDRmLWExYzctZjBhNmE3OWNmN2QxXkEyXkFqcGdeQXVyMTUzMTg2ODkz._V1_QL75_UY140_CR25,0,140,140_.jpg', 'tt0060196'),
	('https://m.media-amazon.com/images/M/MV5BYWU5MTY5ZmMtZmRjNy00MzBiLWFlZDQtMWEzZTdjMzQ4NjkyXkEyXkFqcGdeQXVyMTUzMTg2ODkz._V1_QL75_UY140_CR27,0,140,140_.jpg', 'tt0060196'),
	('https://m.media-amazon.com/images/M/MV5BMTkyNTAwMzkwMV5BMl5BanBnXkFtZTgwODE0MDg5MTE@._V1_QL75_UY140_CR21,0,140,140_.jpg', 'tt0060196'),
	('https://m.media-amazon.com/images/M/MV5BNmVmMjM5N2MtYTJkYS00OWQ1LWJmYjktZmZiZGE0ODVmZTU0XkEyXkFqcGdeQXVyMjQwMDg0Ng@@._V1_QL75_UY140_CR28,0,140,140_.jpg', 'tt0060196'),
	('https://m.media-amazon.com/images/M/MV5BZTY4NjcxNDctZmVjMC00NzM0LWIxYTctNjdhNzdlN2VkNjNiXkEyXkFqcGdeQXVyMDM2NDM2MQ@@._V1_QL75_UX140_CR0,0,140,140_.jpg', 'tt0109830'),
	('https://m.media-amazon.com/images/M/MV5BNjhlOWFmMmMtOGI5NC00NWJkLWE4OTUtMzA5NzE1MGZmYjM5XkEyXkFqcGdeQXVyNjg2NjQwMDQ@._V1_QL75_UY140_CR33,0,140,140_.jpg', 'tt0109830'),
	('https://m.media-amazon.com/images/M/MV5BNjAwZDczYWYtMzM2Ny00YTkxLWExNmUtODAwZTUyNTk3NTQ0XkEyXkFqcGdeQXVyNjg2NjQwMDQ@._V1_QL75_UY140_CR37,0,140,140_.jpg', 'tt0109830'),
	('https://m.media-amazon.com/images/M/MV5BMmNiOWE3OTktNWZjNC00NzUzLThkZWQtNWM5ZGM5ZjI3ZTFkXkEyXkFqcGdeQXVyNjg2NjQwMDQ@._V1_QL75_UY140_CR34,0,140,140_.jpg', 'tt0109830'),
	('https://m.media-amazon.com/images/M/MV5BNGU5OWEzNDAtNzM5Zi00NGU0LThiNTYtMjMwOTVlMjkxYjM5XkEyXkFqcGdeQXVyNjg2NjQwMDQ@._V1_QL75_UX140_CR0,0,140,140_.jpg', 'tt0109830'),
	('https://m.media-amazon.com/images/M/MV5BZTM0ZTU4YjItOWVjZi00ZmU2LTgwZDMtYzEwOTg5NzIyNzI1XkEyXkFqcGdeQXVyNjg2NjQwMDQ@._V1_QL75_UY140_CR87,0,140,140_.jpg', 'tt0109830'),
	('https://m.media-amazon.com/images/M/MV5BNTIxZTYxNTQtMTQ2OS00NzcyLWFhNjItZDQ3NzY1YjBkNjI5XkEyXkFqcGdeQXVyMDc2NTEzMw@@._V1_QL75_UY140_CR36,0,140,140_.jpg', 'tt0109830'),
	('https://m.media-amazon.com/images/M/MV5BM2M1NTU0ODctZmEzNC00NzdjLTkwNTktODU1YzYwNGI4MTRmXkEyXkFqcGdeQXVyMDc2NTEzMw@@._V1_QL75_UX140_CR0,0,140,140_.jpg', 'tt0109830'),
	('https://m.media-amazon.com/images/M/MV5BYTJmYTBlNDMtYjUwNy00NjEyLWEwMWMtNjk1MjA5MGU4YThhXkEyXkFqcGdeQXVyMDc2NTEzMw@@._V1_QL75_UX140_CR0,0,140,140_.jpg', 'tt0109830'),
	('https://m.media-amazon.com/images/M/MV5BZDU0NTgwMGQtZDgwZS00YmQzLWE4Y2MtN2M1ZTYwNWNlMGVmXkEyXkFqcGdeQXVyMDc2NTEzMw@@._V1_QL75_UY140_CR35,0,140,140_.jpg', 'tt0109830'),
	('https://m.media-amazon.com/images/M/MV5BMTc2NDA0OTc2Ml5BMl5BanBnXkFtZTcwMzI1Njc2OA@@._V1_QL75_UY140_CR36,0,140,140_.jpg', 'tt0109830'),
	('https://m.media-amazon.com/images/M/MV5BMTMxMjExNTU0NV5BMl5BanBnXkFtZTcwNzM2NDY3Mw@@._V1_QL75_UX140_CR0,0,140,140_.jpg', 'tt0109830'),
	('https://m.media-amazon.com/images/M/MV5BNDY1MzE3MTI0Nl5BMl5BanBnXkFtZTcwNDIwNTI5Mw@@._V1_QL75_UY140_CR38,0,140,140_.jpg', 'tt0137523'),
	('https://m.media-amazon.com/images/M/MV5BMjk3NTYyMzc4Nl5BMl5BanBnXkFtZTcwODU3ODMzMw@@._V1_QL75_UY140_CR29,0,140,140_.jpg', 'tt0137523'),
	('https://m.media-amazon.com/images/M/MV5BMTM4MjA2MzI0OF5BMl5BanBnXkFtZTcwNjU3ODMzMw@@._V1_QL75_UY140_CR35,0,140,140_.jpg', 'tt0137523'),
	('https://m.media-amazon.com/images/M/MV5BMTgxNzY2NjIxOV5BMl5BanBnXkFtZTcwNzU3ODMzMw@@._V1_QL75_UY140_CR29,0,140,140_.jpg', 'tt0137523'),
	('https://m.media-amazon.com/images/M/MV5BMTMzNDU3NDkwMF5BMl5BanBnXkFtZTYwMDc1Mzc3._V1_QL75_UY140_CR33,0,140,140_.jpg', 'tt0137523'),
	('https://m.media-amazon.com/images/M/MV5BMTQ2Mzg0MDMyOV5BMl5BanBnXkFtZTYwNTc1Mzc3._V1_QL75_UY140_CR38,0,140,140_.jpg', 'tt0137523'),
	('https://m.media-amazon.com/images/M/MV5BMTg5MjY0MzY4MV5BMl5BanBnXkFtZTYwMDg1Mzc3._V1_QL75_UY140_CR37,0,140,140_.jpg', 'tt0137523'),
	('https://m.media-amazon.com/images/M/MV5BMTI3ODQwNTg1Nl5BMl5BanBnXkFtZTYwMjg1Mzc3._V1_QL75_UY140_CR31,0,140,140_.jpg', 'tt0137523'),
	('https://m.media-amazon.com/images/M/MV5BMTI2NDc2NTQ4OF5BMl5BanBnXkFtZTYwNDg1Mzc3._V1_QL75_UY140_CR37,0,140,140_.jpg', 'tt0137523'),
	('https://m.media-amazon.com/images/M/MV5BMjA3NDc2NzI5MF5BMl5BanBnXkFtZTYwNjg1Mzc3._V1_QL75_UY140_CR34,0,140,140_.jpg', 'tt0137523'),
	('https://m.media-amazon.com/images/M/MV5BMTg2NDQ4MzE3OF5BMl5BanBnXkFtZTYwMjk1Mzc3._V1_QL75_UX140_CR0,0,140,140_.jpg', 'tt0137523'),
	('https://m.media-amazon.com/images/M/MV5BMjA3OTMyMjI3OF5BMl5BanBnXkFtZTYwNTk1Mzc3._V1_QL75_UY140_CR34,0,140,140_.jpg', 'tt0137523'),
	('https://m.media-amazon.com/images/M/MV5BMjIyNjk1OTgzNV5BMl5BanBnXkFtZTcwOTU0OTk1Mw@@._V1_QL75_UY140_CR35,0,140,140_.jpg', 'tt1375666'),
	('https://m.media-amazon.com/images/M/MV5BNjMxNjI1Mjc1OV5BMl5BanBnXkFtZTcwMDY0OTk1Mw@@._V1_QL75_UY140_CR35,0,140,140_.jpg', 'tt1375666'),
	('https://m.media-amazon.com/images/M/MV5BMTk1NDM4MDMwMF5BMl5BanBnXkFtZTcwMjY0OTk1Mw@@._V1_QL75_UY140_CR35,0,140,140_.jpg', 'tt1375666'),
	('https://m.media-amazon.com/images/M/MV5BMTY3MzMzMDgyMF5BMl5BanBnXkFtZTcwMzY0OTk1Mw@@._V1_QL75_UY140_CR35,0,140,140_.jpg', 'tt1375666'),
	('https://m.media-amazon.com/images/M/MV5BMTMxNDExNzM4MV5BMl5BanBnXkFtZTcwNDY0OTk1Mw@@._V1_QL75_UY140_CR35,0,140,140_.jpg', 'tt1375666'),
	('https://m.media-amazon.com/images/M/MV5BMjExMjkwNTQ0Nl5BMl5BanBnXkFtZTcwNTY0OTk1Mw@@._V1_QL75_UX140_CR0,0,140,140_.jpg', 'tt1375666'),
	('https://m.media-amazon.com/images/M/MV5BMTM0MjUzNjkwMl5BMl5BanBnXkFtZTcwNjY0OTk1Mw@@._V1_QL75_UX140_CR0,0,140,140_.jpg', 'tt1375666'),
	('https://m.media-amazon.com/images/M/MV5BMTgxNjg2OTc2M15BMl5BanBnXkFtZTcwNzY0OTk1Mw@@._V1_QL75_UY140_CR100,0,140,140_.jpg', 'tt1375666'),
	('https://m.media-amazon.com/images/M/MV5BMTAyNjQ2NTIyMzBeQTJeQWpwZ15BbWU3MDY3NDk5NTM@._V1_QL75_UY140_CR97,0,140,140_.jpg', 'tt1375666'),
	('https://m.media-amazon.com/images/M/MV5BMTAzNTQwMDQ4ODReQTJeQWpwZ15BbWU3MDczNDk5NTM@._V1_QL75_UY140_CR35,0,140,140_.jpg', 'tt1375666'),
	('https://m.media-amazon.com/images/M/MV5BMTM5MjMyMTgxNl5BMl5BanBnXkFtZTcwOTM0OTk1Mw@@._V1_QL75_UY140_CR35,0,140,140_.jpg', 'tt1375666'),
	('https://m.media-amazon.com/images/M/MV5BMTgzODU4NTY1N15BMl5BanBnXkFtZTcwMTQ0OTk1Mw@@._V1_QL75_UY140_CR35,0,140,140_.jpg', 'tt1375666'),
	('https://m.media-amazon.com/images/M/MV5BMTU1Mjk0NTEzNV5BMl5BanBnXkFtZTgwNjI4NzUyNDM@._V1_QL75_UY140_CR37,0,140,140_.jpg', 'tt0080684'),
	('https://m.media-amazon.com/images/M/MV5BMTYwNTk5OTE1OV5BMl5BanBnXkFtZTgwOTIwMzQyNDM@._V1_QL75_UY140_CR24,0,140,140_.jpg', 'tt0080684'),
	('https://m.media-amazon.com/images/M/MV5BMjQzMjEzNjUxOF5BMl5BanBnXkFtZTgwNTEwMzQyNDM@._V1_QL75_UX140_CR0,0,140,140_.jpg', 'tt0080684'),
	('https://m.media-amazon.com/images/M/MV5BMjAyNDU4NTIwN15BMl5BanBnXkFtZTgwNjEwMzQyNDM@._V1_QL75_UX140_CR0,0,140,140_.jpg', 'tt0080684'),
	('https://m.media-amazon.com/images/M/MV5BOTU0MjYzNDgzOF5BMl5BanBnXkFtZTgwMDIwMzQyNDM@._V1_QL75_UY140_CR35,0,140,140_.jpg', 'tt0080684'),
	('https://m.media-amazon.com/images/M/MV5BMTU2OTQxMjIxMF5BMl5BanBnXkFtZTgwNDIwMzQyNDM@._V1_QL75_UY140_CR34,0,140,140_.jpg', 'tt0080684'),
	('https://m.media-amazon.com/images/M/MV5BMjM4MTIwNzE3NF5BMl5BanBnXkFtZTgwNTIwMzQyNDM@._V1_QL75_UX140_CR0,0,140,140_.jpg', 'tt0080684'),
	('https://m.media-amazon.com/images/M/MV5BMjQ5Nzg0MTgyOV5BMl5BanBnXkFtZTgwNjIwMzQyNDM@._V1_QL75_UY140_CR58,0,140,140_.jpg', 'tt0080684'),
	('https://m.media-amazon.com/images/M/MV5BMTg3OTUzMDc1NV5BMl5BanBnXkFtZTgwNzIwMzQyNDM@._V1_QL75_UX140_CR0,0,140,140_.jpg', 'tt0080684'),
	('https://m.media-amazon.com/images/M/MV5BMTYzMDE5NDMxNl5BMl5BanBnXkFtZTgwMDEwMzQyNDM@._V1_QL75_UY140_CR36,0,140,140_.jpg', 'tt0080684'),
	('https://m.media-amazon.com/images/M/MV5BMTAwMzk5NDEyNDdeQTJeQWpwZ15BbWU4MDIxMDM0MjQz._V1_QL75_UY140_CR82,0,140,140_.jpg', 'tt0080684'),
	('https://m.media-amazon.com/images/M/MV5BMjExOTUwNDY5MF5BMl5BanBnXkFtZTgwMzEwMzQyNDM@._V1_QL75_UY140_CR33,0,140,140_.jpg', 'tt0080684'),
	('https://m.media-amazon.com/images/M/MV5BYjg1N2E0Y2YtYTdhOS00NDlhLTkxNTktNTQ0MmYyZGRhMzk4XkEyXkFqcGdeQXVyMTUzMTg2ODkz._V1_QL75_UY140_CR35,0,140,140_.jpg', 'tt0133093'),
	('https://m.media-amazon.com/images/M/MV5BMjQ1NDAwMzI4Nl5BMl5BanBnXkFtZTgwMDkwMTEyMjI@._V1_QL75_UY140_CR64,0,140,140_.jpg', 'tt0133093'),
	('https://m.media-amazon.com/images/M/MV5BNzM4OTkzMjcxOF5BMl5BanBnXkFtZTgwMTkxMjI1MTI@._V1_QL75_UY140_CR99,0,140,140_.jpg', 'tt0133093'),
	('https://m.media-amazon.com/images/M/MV5BMTMxMDg1MjY4OF5BMl5BanBnXkFtZTcwMTU3MTIxNA@@._V1_QL75_UY140_CR36,0,140,140_.jpg', 'tt0133093'),
	('https://m.media-amazon.com/images/M/MV5BMjQ4NTAzNTE2OV5BMl5BanBnXkFtZTcwMjU3MTIxNA@@._V1_QL75_UY140_CR82,0,140,140_.jpg', 'tt0133093'),
	('https://m.media-amazon.com/images/M/MV5BMjAxNzc2ODE2NF5BMl5BanBnXkFtZTcwMzU3MTIxNA@@._V1_QL75_UY140_CR40,0,140,140_.jpg', 'tt0133093'),
	('https://m.media-amazon.com/images/M/MV5BMTkyODYyMTI1N15BMl5BanBnXkFtZTcwNDU3MTIxNA@@._V1_QL75_UY140_CR60,0,140,140_.jpg', 'tt0133093'),
	('https://m.media-amazon.com/images/M/MV5BMTc0OTQ3MDE5OV5BMl5BanBnXkFtZTcwNDI4MTc4Mw@@._V1_QL75_UX140_CR0,0,140,140_.jpg', 'tt0133093'),
	('https://m.media-amazon.com/images/M/MV5BMTYyNDQyOTEyMV5BMl5BanBnXkFtZTcwNTI4MTc4Mw@@._V1_QL75_UY140_CR64,0,140,140_.jpg', 'tt0133093'),
	('https://m.media-amazon.com/images/M/MV5BMTU5NTA0OTIxNF5BMl5BanBnXkFtZTcwNjI4MTc4Mw@@._V1_QL75_UY140_CR65,0,140,140_.jpg', 'tt0133093'),
	('https://m.media-amazon.com/images/M/MV5BMTExMzM5NTMyNjReQTJeQWpwZ15BbWU3MDgzODkxMzM@._V1_QL75_UX140_CR0,0,140,140_.jpg', 'tt0133093'),
	('https://m.media-amazon.com/images/M/MV5BMTk2MDgyNzQxMV5BMl5BanBnXkFtZTYwMzkzNTc3._V1_QL75_UX140_CR0,0,140,140_.jpg', 'tt0133093'),
	('https://m.media-amazon.com/images/M/MV5BMjI0ODA3NDQ4NV5BMl5BanBnXkFtZTcwMDMwMjMwNA@@._V1_QL75_UY140_CR34,0,140,140_.jpg', 'tt0099685'),
	('https://m.media-amazon.com/images/M/MV5BMTkyNDA2NDU4Nl5BMl5BanBnXkFtZTcwMTMwMjMwNA@@._V1_QL75_UY140_CR36,0,140,140_.jpg', 'tt0099685'),
	('https://m.media-amazon.com/images/M/MV5BMTgxMzY0MjEzNV5BMl5BanBnXkFtZTcwMjMwMjMwNA@@._V1_QL75_UY140_CR35,0,140,140_.jpg', 'tt0099685'),
	('https://m.media-amazon.com/images/M/MV5BODQ0NjM4NzY4OF5BMl5BanBnXkFtZTcwMzMwMjMwNA@@._V1_QL75_UY140_CR34,0,140,140_.jpg', 'tt0099685'),
	('https://m.media-amazon.com/images/M/MV5BMTQxNjQ2Mjk0OF5BMl5BanBnXkFtZTcwNDMwMjMwNA@@._V1_QL75_UY140_CR35,0,140,140_.jpg', 'tt0099685'),
	('https://m.media-amazon.com/images/M/MV5BMjI0MDk1MTk4Ml5BMl5BanBnXkFtZTcwNTMwMjMwNA@@._V1_QL75_UX140_CR0,0,140,140_.jpg', 'tt0099685'),
	('https://m.media-amazon.com/images/M/MV5BMTYwODA1OTQ3N15BMl5BanBnXkFtZTcwNjMwMjMwNA@@._V1_QL75_UY140_CR34,0,140,140_.jpg', 'tt0099685'),
	('https://m.media-amazon.com/images/M/MV5BMjA1MDMxMTgxNV5BMl5BanBnXkFtZTcwNzMwMjMwNA@@._V1_QL75_UY140_CR35,0,140,140_.jpg', 'tt0099685'),
	('https://m.media-amazon.com/images/M/MV5BMTg2NDQxNjI2M15BMl5BanBnXkFtZTcwODMwMjMwNA@@._V1_QL75_UY140_CR34,0,140,140_.jpg', 'tt0099685'),
	('https://m.media-amazon.com/images/M/MV5BMjEzNDI3NzQzM15BMl5BanBnXkFtZTcwOTMwMjMwNA@@._V1_QL75_UY140_CR35,0,140,140_.jpg', 'tt0099685'),
	('https://m.media-amazon.com/images/M/MV5BMTQ4MjA1NTczNF5BMl5BanBnXkFtZTcwMDQwMjMwNA@@._V1_QL75_UX140_CR0,0,140,140_.jpg', 'tt0099685'),
	('https://m.media-amazon.com/images/M/MV5BMTY1NTUxMDMxNV5BMl5BanBnXkFtZTcwOTAyNDY3Mw@@._V1_QL75_UY140_CR1,0,140,140_.jpg', 'tt0099685'),
	('https://m.media-amazon.com/images/M/MV5BOTI0OTExZGMtNDQ4NS00NmZmLWJjZDktZGJhMDNlYTAyNWRkXkEyXkFqcGdeQXVyMDM2NDM2MQ@@._V1_QL75_UY140_CR32,0,140,140_.jpg', 'tt0073486'),
	('https://m.media-amazon.com/images/M/MV5BOTljZmE3MjgtN2MxOS00MWYwLTg3ZjQtMDc4NWM4NjlhMjY3XkEyXkFqcGdeQXVyMDM2NDM2MQ@@._V1_QL75_UY140_CR18,0,140,140_.jpg', 'tt0073486'),
	('https://m.media-amazon.com/images/M/MV5BMDQ4NDI2ZWMtZTc1Mi00MWE4LWIyYWQtOTI4MmVjODBiNDRlXkEyXkFqcGdeQXVyMDM2NDM2MQ@@._V1_QL75_UY140_CR25,0,140,140_.jpg', 'tt0073486'),
	('https://m.media-amazon.com/images/M/MV5BMTU4OTI5NjQ1OF5BMl5BanBnXkFtZTgwMDI1MTUxNTM@._V1_QL75_UY140_CR17,0,140,140_.jpg', 'tt0073486'),
	('https://m.media-amazon.com/images/M/MV5BMTQ5NjExNjEzNF5BMl5BanBnXkFtZTgwNzMxMTg5MTE@._V1_QL75_UY140_CR37,0,140,140_.jpg', 'tt0073486'),
	('https://m.media-amazon.com/images/M/MV5BMjQ3NDg1MzQ0M15BMl5BanBnXkFtZTcwNjM5OTQyNw@@._V1_QL75_UY140_CR35,0,140,140_.jpg', 'tt0073486'),
	('https://m.media-amazon.com/images/M/MV5BMTc5ODUyMDI5Ml5BMl5BanBnXkFtZTcwNzM5OTQyNw@@._V1_QL75_UY140_CR34,0,140,140_.jpg', 'tt0073486'),
	('https://m.media-amazon.com/images/M/MV5BMTgwMTgxMTgwMl5BMl5BanBnXkFtZTcwODM5OTQyNw@@._V1_QL75_UY140_CR34,0,140,140_.jpg', 'tt0073486'),
	('https://m.media-amazon.com/images/M/MV5BODg0MDE2NDU1OF5BMl5BanBnXkFtZTcwMDQ5OTQyNw@@._V1_QL75_UY140_CR35,0,140,140_.jpg', 'tt0073486'),
	('https://m.media-amazon.com/images/M/MV5BMTY5MDI5NzcyMl5BMl5BanBnXkFtZTcwMTQ5OTQyNw@@._V1_QL75_UX140_CR0,0,140,140_.jpg', 'tt0073486'),
	('https://m.media-amazon.com/images/M/MV5BMTM5MDMwMDIyMF5BMl5BanBnXkFtZTcwNTUzNTIwNA@@._V1_QL75_UY140_CR35,0,140,140_.jpg', 'tt0073486'),
	('https://m.media-amazon.com/images/M/MV5BMTMyMzc1OTI1MF5BMl5BanBnXkFtZTcwNjUzNTIwNA@@._V1_QL75_UY140_CR34,0,140,140_.jpg', 'tt0073486'),
	('https://m.media-amazon.com/images/M/MV5BMjI3MTU0ODQ2MF5BMl5BanBnXkFtZTcwNTQzNTIwNA@@._V1_QL75_UY140_CR33,0,140,140_.jpg', 'tt0114369'),
	('https://m.media-amazon.com/images/M/MV5BMTYzNDc3NzYzOF5BMl5BanBnXkFtZTcwNjQzNTIwNA@@._V1_QL75_UY140_CR34,0,140,140_.jpg', 'tt0114369'),
	('https://m.media-amazon.com/images/M/MV5BMTMwNjcyOTIzOV5BMl5BanBnXkFtZTcwNzQzNTIwNA@@._V1_QL75_UX140_CR0,0,140,140_.jpg', 'tt0114369'),
	('https://m.media-amazon.com/images/M/MV5BMTI5MTUxNDI2NV5BMl5BanBnXkFtZTcwOTQzNTIwNA@@._V1_QL75_UY140_CR33,0,140,140_.jpg', 'tt0114369'),
	('https://m.media-amazon.com/images/M/MV5BMzY0MDg5MTU5OV5BMl5BanBnXkFtZTcwMDUzNTIwNA@@._V1_QL75_UY140_CR34,0,140,140_.jpg', 'tt0114369'),
	('https://m.media-amazon.com/images/M/MV5BMTMwMTU5NjY5OF5BMl5BanBnXkFtZTcwMTUzNTIwNA@@._V1_QL75_UY140_CR33,0,140,140_.jpg', 'tt0114369'),
	('https://m.media-amazon.com/images/M/MV5BMjE2NDc0NjkwNl5BMl5BanBnXkFtZTcwOTAzNzY3Mw@@._V1_QL75_UY140_CR34,0,140,140_.jpg', 'tt0114369'),
	('https://m.media-amazon.com/images/M/MV5BMTMyNDc1NDMxNF5BMl5BanBnXkFtZTcwMTEzNzY3Mw@@._V1_QL75_UY140_CR34,0,140,140_.jpg', 'tt0114369'),
	('https://m.media-amazon.com/images/M/MV5BMTkzMDk2MDMzOV5BMl5BanBnXkFtZTcwMjEzNzY3Mw@@._V1_QL75_UY140_CR33,0,140,140_.jpg', 'tt0114369'),
	('https://m.media-amazon.com/images/M/MV5BMTQwMTgzMzMwNF5BMl5BanBnXkFtZTcwMzEzNzY3Mw@@._V1_QL75_UY140_CR35,0,140,140_.jpg', 'tt0114369'),
	('https://m.media-amazon.com/images/M/MV5BMTcxMzI5NjEzMV5BMl5BanBnXkFtZTYwMTg0NDAz._V1_QL75_UY140_CR33,0,140,140_.jpg', 'tt0114369'),
	('https://m.media-amazon.com/images/M/MV5BZDgyZmY5MmItY2I3Ny00NjA4LWFhNmItMGQ4ZGJhZDk5YjU3XkEyXkFqcGdeQXVyMTAzMDM4MjM0._V1_QL75_UX140_CR0,0,140,140_.jpg', 'tt0114369'),
	('https://m.media-amazon.com/images/M/MV5BMTc0NDQ4MjkyOF5BMl5BanBnXkFtZTgwNDE2NzUzOTE@._V1_QL75_UY140_CR24,0,140,140_.jpg', 'tt0816692'),
	('https://m.media-amazon.com/images/M/MV5BMjA3NTEwOTMxMV5BMl5BanBnXkFtZTgwMjMyODgxMzE@._V1_QL75_UY140_CR35,0,140,140_.jpg', 'tt0816692'),
	('https://m.media-amazon.com/images/M/MV5BMTQ0MjQ3NjE1MF5BMl5BanBnXkFtZTgwMzMyODgxMzE@._V1_QL75_UY140_CR35,0,140,140_.jpg', 'tt0816692'),
	('https://m.media-amazon.com/images/M/MV5BMTg4MTY3MDUyNl5BMl5BanBnXkFtZTgwMDMyODgxMzE@._V1_QL75_UY140_CR35,0,140,140_.jpg', 'tt0816692'),
	('https://m.media-amazon.com/images/M/MV5BMzQ5ODE2MzEwM15BMl5BanBnXkFtZTgwMTMyODgxMzE@._V1_QL75_UY140_CR35,0,140,140_.jpg', 'tt0816692'),
	('https://m.media-amazon.com/images/M/MV5BMzk3MzIzNzM5NV5BMl5BanBnXkFtZTgwNzIyODgxMzE@._V1_QL75_UY140_CR35,0,140,140_.jpg', 'tt0816692'),
	('https://m.media-amazon.com/images/M/MV5BMjI2OTg1NjUxM15BMl5BanBnXkFtZTgwOTIyODgxMzE@._V1_QL75_UY140_CR35,0,140,140_.jpg', 'tt0816692'),
	('https://m.media-amazon.com/images/M/MV5BMTAyOTI5MTg5MDFeQTJeQWpwZ15BbWU4MDYyMjg4MTMx._V1_QL75_UY140_CR35,0,140,140_.jpg', 'tt0816692'),
	('https://m.media-amazon.com/images/M/MV5BMTg4Njk4MzY0Nl5BMl5BanBnXkFtZTgwMzIyODgxMzE@._V1_QL75_UY140_CR35,0,140,140_.jpg', 'tt0816692'),
	('https://m.media-amazon.com/images/M/MV5BOTc0NDkxNTkwMF5BMl5BanBnXkFtZTgwNDIyODgxMzE@._V1_QL75_UY140_CR35,0,140,140_.jpg', 'tt0816692'),
	('https://m.media-amazon.com/images/M/MV5BNjQ2NTk3NTQ5OF5BMl5BanBnXkFtZTgwMTIyODgxMzE@._V1_QL75_UY140_CR35,0,140,140_.jpg', 'tt0816692'),
	('https://m.media-amazon.com/images/M/MV5BMTc0MjI0NzI0MV5BMl5BanBnXkFtZTgwMjIyODgxMzE@._V1_QL75_UY140_CR35,0,140,140_.jpg', 'tt0816692'),
	('https://m.media-amazon.com/images/M/MV5BYzk0MzNkNDMtM2ZkNS00ZGY1LThmNWQtZDg3OTgzOTY1MDI2XkEyXkFqcGdeQXVyMDc2NTEzMw@@._V1_QL75_UY140_CR23,0,140,140_.jpg', 'tt0038650'),
	('https://m.media-amazon.com/images/M/MV5BMjQxNTM4Mjg1NV5BMl5BanBnXkFtZTgwNDYyNzM4NjM@._V1_QL75_UY140_CR21,0,140,140_.jpg', 'tt0038650'),
	('https://m.media-amazon.com/images/M/MV5BMTU5NTY4MTU4Nl5BMl5BanBnXkFtZTgwNTYyNzM4NjM@._V1_QL75_UX140_CR0,0,140,140_.jpg', 'tt0038650'),
	('https://m.media-amazon.com/images/M/MV5BNjAxOTIxOTMwOV5BMl5BanBnXkFtZTgwNjYyNzM4NjM@._V1_QL75_UY140_CR19,0,140,140_.jpg', 'tt0038650'),
	('https://m.media-amazon.com/images/M/MV5BNTcxMjY4ODYxMV5BMl5BanBnXkFtZTgwNzYyNzM4NjM@._V1_QL75_UY140_CR19,0,140,140_.jpg', 'tt0038650'),
	('https://m.media-amazon.com/images/M/MV5BMTYxNjU4Mjc1MF5BMl5BanBnXkFtZTcwMjY4NjIxNw@@._V1_QL75_UX140_CR0,0,140,140_.jpg', 'tt0038650'),
	('https://m.media-amazon.com/images/M/MV5BMTM1MjE2NTkxMl5BMl5BanBnXkFtZTcwNTY4NjIxNw@@._V1_QL75_UX140_CR0,0,140,140_.jpg', 'tt0038650'),
	('https://m.media-amazon.com/images/M/MV5BMTk2NDU1ODU4NV5BMl5BanBnXkFtZTcwOTY4NjIxNw@@._V1_QL75_UX140_CR0,0,140,140_.jpg', 'tt0038650'),
	('https://m.media-amazon.com/images/M/MV5BMTkxNDQyMzQ1Ml5BMl5BanBnXkFtZTcwNTc4NjIxNw@@._V1_QL75_UY140_CR28,0,140,140_.jpg', 'tt0038650'),
	('https://m.media-amazon.com/images/M/MV5BMjAyNzk5MzA1MF5BMl5BanBnXkFtZTcwNDUwMTExNA@@._V1_QL75_UY140_CR31,0,140,140_.jpg', 'tt0038650'),
	('https://m.media-amazon.com/images/M/MV5BMTU3NTc1OTY4N15BMl5BanBnXkFtZTcwNTUwMTExNA@@._V1_QL75_UX140_CR0,0,140,140_.jpg', 'tt0038650'),
	('https://m.media-amazon.com/images/M/MV5BMTQwNDYyODUzMF5BMl5BanBnXkFtZTcwNzUwMTExNA@@._V1_QL75_UX140_CR0,0,140,140_.jpg', 'tt0038650'),
	('https://m.media-amazon.com/images/M/MV5BMTY3OTI1ODEzNF5BMl5BanBnXkFtZTcwMjA5MTU4Mw@@._V1_QL75_UY140_CR30,0,140,140_.jpg', 'tt0047478'),
	('https://m.media-amazon.com/images/M/MV5BMTI5MDg0Mjc2MV5BMl5BanBnXkFtZTcwMzA5MTU4Mw@@._V1_QL75_UY140_CR29,0,140,140_.jpg', 'tt0047478'),
	('https://m.media-amazon.com/images/M/MV5BMTQ2NzEwNTA5MV5BMl5BanBnXkFtZTcwNDA5MTU4Mw@@._V1_QL75_UY140_CR29,0,140,140_.jpg', 'tt0047478'),
	('https://m.media-amazon.com/images/M/MV5BMjIzNjczNDUzOV5BMl5BanBnXkFtZTcwNTA5MTU4Mw@@._V1_QL75_UY140_CR32,0,140,140_.jpg', 'tt0047478'),
	('https://m.media-amazon.com/images/M/MV5BMTg5MTc4MTc4M15BMl5BanBnXkFtZTcwNjA5MTU4Mw@@._V1_QL75_UY140_CR23,0,140,140_.jpg', 'tt0047478'),
	('https://m.media-amazon.com/images/M/MV5BMTM3NzE2MzEyNF5BMl5BanBnXkFtZTcwNzA5MTU4Mw@@._V1_QL75_UY140_CR30,0,140,140_.jpg', 'tt0047478'),
	('https://m.media-amazon.com/images/M/MV5BOGNiY2QzOTAtOWNlZC00NjAwLWFmMTAtNTJhYTBiNTY4ODU0XkEyXkFqcGdeQXVyMTQyMTMwOTk0._V1_QL75_UX140_CR0,0,140,140_.jpg', 'tt0047478'),
	('https://m.media-amazon.com/images/M/MV5BMGFiM2IyM2QtM2NkNC00NjRiLWFiNjctNGU3MDhjNTA0ZGQwXkEyXkFqcGdeQXVyNjY0OTgxOTI@._V1_QL75_UX140_CR0,0,140,140_.jpg', 'tt0047478'),
	('https://m.media-amazon.com/images/M/MV5BN2E5MDYyNzgtMmQ5MC00NGQyLThjODMtYTRhM2MwNGNjOTI5XkEyXkFqcGdeQXVyMTAyOTE2ODg0._V1_QL75_UX140_CR0,0,140,140_.jpg', 'tt0047478'),
	('https://m.media-amazon.com/images/M/MV5BMTU3NTI2MzExMl5BMl5BanBnXkFtZTgwMzM2OTE4MzE@._V1_QL75_UX140_CR0,0,140,140_.jpg', 'tt0047478'),
	('https://m.media-amazon.com/images/M/MV5BMTUwNjk0NDExM15BMl5BanBnXkFtZTgwNTM2OTE4MzE@._V1_QL75_UX140_CR0,0,140,140_.jpg', 'tt0047478'),
	('https://m.media-amazon.com/images/M/MV5BMTY5ODAzNjEzMV5BMl5BanBnXkFtZTgwNzM3NTU3MzE@._V1_QL75_UX140_CR0,0,140,140_.jpg', 'tt0047478'),
	('https://m.media-amazon.com/images/M/MV5BNDc2ZWY1MzUtNTJiMi00ZDQ2LWFlZDMtMDJiNmM2NDMwMTVhXkEyXkFqcGdeQXVyMDc2NTEzMw@@._V1_QL75_UY140_CR23,0,140,140_.jpg', 'tt0102926'),
	('https://m.media-amazon.com/images/M/MV5BMThjYjliZGMtZGE3ZS00ZWE1LThkODAtYzBjZWFmZTk3MzM2XkEyXkFqcGdeQXVyMDc2NTEzMw@@._V1_QL75_UY140_CR18,0,140,140_.jpg', 'tt0102926'),
	('https://m.media-amazon.com/images/M/MV5BY2QxZTZiMjQtZjNiMy00ZDRiLThlODQtYTQ5MTgyNjgxMWZiXkEyXkFqcGdeQXVyMDc2NTEzMw@@._V1_QL75_UX140_CR0,0,140,140_.jpg', 'tt0102926'),
	('https://m.media-amazon.com/images/M/MV5BNDFhYjgwNzktODQ2Yi00Mjk0LTkxNGEtNzA0MGU4NjEzYWIyXkEyXkFqcGdeQXVyMDc2NTEzMw@@._V1_QL75_UY140_CR39,0,140,140_.jpg', 'tt0102926'),
	('https://m.media-amazon.com/images/M/MV5BNWM3Yjc4YzItODZhZC00Y2YwLTk0NzQtYjg1NDNiNWYyNGQ1XkEyXkFqcGdeQXVyMDc2NTEzMw@@._V1_QL75_UY140_CR22,0,140,140_.jpg', 'tt0102926'),
	('https://m.media-amazon.com/images/M/MV5BMTQ5MzI5NDY3Nl5BMl5BanBnXkFtZTcwNTkwNjM5NA@@._V1_QL75_UX140_CR0,0,140,140_.jpg', 'tt0102926'),
	('https://m.media-amazon.com/images/M/MV5BMTczMDE3NzU2M15BMl5BanBnXkFtZTcwNjkwNjM5NA@@._V1_QL75_UY140_CR37,0,140,140_.jpg', 'tt0102926'),
	('https://m.media-amazon.com/images/M/MV5BMjE2NDQ4NjMzNV5BMl5BanBnXkFtZTcwMzQ3NDY3Mw@@._V1_QL75_UY140_CR35,0,140,140_.jpg', 'tt0102926'),
	('https://m.media-amazon.com/images/M/MV5BOTEzOTY4Mjg2NV5BMl5BanBnXkFtZTcwNDQ3NDY3Mw@@._V1_QL75_UX140_CR0,0,140,140_.jpg', 'tt0102926'),
	('https://m.media-amazon.com/images/M/MV5BMTc2NzAyMDM5N15BMl5BanBnXkFtZTcwNTQ3NDY3Mw@@._V1_QL75_UY140_CR35,0,140,140_.jpg', 'tt0102926'),
	('https://m.media-amazon.com/images/M/MV5BMTYyNzI0NTQ2MV5BMl5BanBnXkFtZTcwNjQ3NDY3Mw@@._V1_QL75_UX140_CR0,0,140,140_.jpg', 'tt0102926'),
	('https://m.media-amazon.com/images/M/MV5BMTY0MjEyODczMV5BMl5BanBnXkFtZTcwNzQ3NDY3Mw@@._V1_QL75_UX140_CR0,0,140,140_.jpg', 'tt0102926'),
	('https://m.media-amazon.com/images/M/MV5BNDI1ZTg0YzItMWU1ZC00ZmYyLTlmMTEtZjZmZGY5ZTgyZjdlXkEyXkFqcGdeQXVyMTEyMjM2NDc2._V1_QL75_UY140_CR35,0,140,140_.jpg', 'tt0120815'),
	('https://m.media-amazon.com/images/M/MV5BNmE2ZWI3MTYtZTAzNC00YmE3LWIxNmQtYTU2YTg1NDYyYzk4XkEyXkFqcGdeQXVyMTEyMjM2NDc2._V1_QL75_UY140_CR35,0,140,140_.jpg', 'tt0120815'),
	('https://m.media-amazon.com/images/M/MV5BN2ZkY2E2ODYtZTY1MC00NTAzLWJhNDUtNzAyNTcyZTcwZmE3XkEyXkFqcGdeQXVyMDc2NTEzMw@@._V1_QL75_UY140_CR39,0,140,140_.jpg', 'tt0120815'),
	('https://m.media-amazon.com/images/M/MV5BYWVkYTY1ODYtZTk0Yi00MWVhLWE3NDctYTljYzcxYTc5MmVjXkEyXkFqcGdeQXVyMDc2NTEzMw@@._V1_QL75_UY140_CR36,0,140,140_.jpg', 'tt0120815'),
	('https://m.media-amazon.com/images/M/MV5BN2I3Y2U1ZTEtZTdjNi00OGRmLWI2OTgtZjYzNGFkNzM3YWYzXkEyXkFqcGdeQXVyMDc2NTEzMw@@._V1_QL75_UY140_CR35,0,140,140_.jpg', 'tt0120815'),
	('https://m.media-amazon.com/images/M/MV5BMjIzMjE4MzMyNV5BMl5BanBnXkFtZTcwNjY2NzgwMw@@._V1_QL75_UY140_CR36,0,140,140_.jpg', 'tt0120815'),
	('https://m.media-amazon.com/images/M/MV5BNzIxNjc3NTcxNF5BMl5BanBnXkFtZTcwMDk2NzgwMw@@._V1_QL75_UY140_CR36,0,140,140_.jpg', 'tt0120815'),
	('https://m.media-amazon.com/images/M/MV5BMTAxMTAxOTc5OTJeQTJeQWpwZ15BbWU3MDUxNzc4MDM@._V1_QL75_UY140_CR36,0,140,140_.jpg', 'tt0120815'),
	('https://m.media-amazon.com/images/M/MV5BMTM5MzI1MDE5Nl5BMl5BanBnXkFtZTcwNDM3NzgwMw@@._V1_QL75_UY140_CR35,0,140,140_.jpg', 'tt0120815'),
	('https://m.media-amazon.com/images/M/MV5BMjA0MTM3NDk1N15BMl5BanBnXkFtZTcwNjQ3NzgwMw@@._V1_QL75_UX140_CR0,0,140,140_.jpg', 'tt0120815'),
	('https://m.media-amazon.com/images/M/MV5BMjE3NjE5MDI0OV5BMl5BanBnXkFtZTcwOTQ3NzgwMw@@._V1_QL75_UX140_CR0,0,140,140_.jpg', 'tt0120815'),
	('https://m.media-amazon.com/images/M/MV5BMTM4NzE0MTIwMF5BMl5BanBnXkFtZTcwNzg3NzgwMw@@._V1_QL75_UY140_CR36,0,140,140_.jpg', 'tt0120815'),
	('https://m.media-amazon.com/images/M/MV5BMjQ4MjgyNjAwNl5BMl5BanBnXkFtZTcwMTk2MzA1OQ@@._V1_QL75_UY140_CR58,0,140,140_.jpg', 'tt0317248'),
	('https://m.media-amazon.com/images/M/MV5BMTc5MzkzNzk5MV5BMl5BanBnXkFtZTcwMjc4MTE5Ng@@._V1_QL75_UY140_CR55,0,140,140_.jpg', 'tt0317248'),
	('https://m.media-amazon.com/images/M/MV5BMTUwNjQxNDg5MV5BMl5BanBnXkFtZTcwNDc4MTE5Ng@@._V1_QL75_UY140_CR55,0,140,140_.jpg', 'tt0317248'),
	('https://m.media-amazon.com/images/M/MV5BMTQ5MjM3ODIyM15BMl5BanBnXkFtZTcwNTMzNDY3Mw@@._V1_QL75_UY140_CR67,0,140,140_.jpg', 'tt0317248'),
	('https://m.media-amazon.com/images/M/MV5BMTM2MjQ3NzcxOV5BMl5BanBnXkFtZTcwNjMzNDY3Mw@@._V1_QL75_UY140_CR65,0,140,140_.jpg', 'tt0317248'),
	('https://m.media-amazon.com/images/M/MV5BMTY4MzAyMjUxNF5BMl5BanBnXkFtZTcwNjIwMTk2Mw@@._V1_QL75_UY140_CR56,0,140,140_.jpg', 'tt0317248'),
	('https://m.media-amazon.com/images/M/MV5BMTYwNDE4NjM0OF5BMl5BanBnXkFtZTcwNzIwMTk2Mw@@._V1_QL75_UY140_CR54,0,140,140_.jpg', 'tt0317248'),
	('https://m.media-amazon.com/images/M/MV5BNTNmNDU5NTQtYzI2Zi00ODM1LTg2ZDYtZTM1NjgyMjA1YzM4XkEyXkFqcGdeQXVyMDM2NDM2MQ@@._V1_QL75_UY140_CR21,0,140,140_.jpg', 'tt0317248'),
	('https://m.media-amazon.com/images/M/MV5BMjE0ODY2MzQyMV5BMl5BanBnXkFtZTYwNjAzNTI0._V1_QL75_UX140_CR0,0,140,140_.jpg', 'tt0317248'),
	('https://m.media-amazon.com/images/M/MV5BMTY4NTY3ODMyOF5BMl5BanBnXkFtZTYwODAzNTI0._V1_QL75_UX140_CR0,0,140,140_.jpg', 'tt0317248'),
	('https://m.media-amazon.com/images/M/MV5BMTk4NTI0NTYwMV5BMl5BanBnXkFtZTYwMDEzNTI0._V1_QL75_UX140_CR0,0,140,140_.jpg', 'tt0317248'),
	('https://m.media-amazon.com/images/M/MV5BNmI2ZWUwZTctN2Y3ZC00YzhmLTg3MTYtYzRmZWRiM2Y1NjAzXkEyXkFqcGdeQXVyMTQyMTMwOTk0._V1_QL75_UX140_CR0,0,140,140_.jpg', 'tt0317248'),
	('https://m.media-amazon.com/images/M/MV5BMjM5MjMwMjg0N15BMl5BanBnXkFtZTgwNjkxMTkwNTM@._V1_QL75_UY140_CR18,0,140,140_.jpg', 'tt0118799'),
	('https://m.media-amazon.com/images/M/MV5BMTQ4OTc5NzQ4OV5BMl5BanBnXkFtZTgwMjg0OTYyMTI@._V1_QL75_UY140_CR39,0,140,140_.jpg', 'tt0118799'),
	('https://m.media-amazon.com/images/M/MV5BMTk4OTcwMjUxOV5BMl5BanBnXkFtZTYwNzI1NDM3._V1_QL75_UY140_CR24,0,140,140_.jpg', 'tt0118799'),
	('https://m.media-amazon.com/images/M/MV5BMjE3MTM0Mjg2NV5BMl5BanBnXkFtZTYwOTI1NDM3._V1_QL75_UY140_CR24,0,140,140_.jpg', 'tt0118799'),
	('https://m.media-amazon.com/images/M/MV5BMTYzNzg5NDEyNl5BMl5BanBnXkFtZTYwMTM1NDM3._V1_QL75_UY140_CR24,0,140,140_.jpg', 'tt0118799'),
	('https://m.media-amazon.com/images/M/MV5BMTcyMjUxNzMzOF5BMl5BanBnXkFtZTYwMzM1NDM3._V1_QL75_UY140_CR24,0,140,140_.jpg', 'tt0118799'),
	('https://m.media-amazon.com/images/M/MV5BMTI0NzAwNzQ0OV5BMl5BanBnXkFtZTYwNTM1NDM3._V1_QL75_UY140_CR24,0,140,140_.jpg', 'tt0118799'),
	('https://m.media-amazon.com/images/M/MV5BMTMwMTA1OTE4OF5BMl5BanBnXkFtZTYwNzM1NDM3._V1_QL75_UX140_CR0,0,140,140_.jpg', 'tt0118799'),
	('https://m.media-amazon.com/images/M/MV5BMTU3MTMzMzY3Ml5BMl5BanBnXkFtZTYwMzY4NTMz._V1_QL75_UX140_CR0,0,140,140_.jpg', 'tt0118799'),
	('https://m.media-amazon.com/images/M/MV5BMTMxMjgyMjQzN15BMl5BanBnXkFtZTYwNTY4NTMz._V1_QL75_UX140_CR0,0,140,140_.jpg', 'tt0118799'),
	('https://m.media-amazon.com/images/M/MV5BMTI4MjYzMjU2OV5BMl5BanBnXkFtZTYwNzY4NTMz._V1_QL75_UX140_CR0,0,140,140_.jpg', 'tt0118799'),
	('https://m.media-amazon.com/images/M/MV5BMTM1NTgzNjYwNV5BMl5BanBnXkFtZTYwOTY4NTMz._V1_QL75_UX140_CR0,0,140,140_.jpg', 'tt0118799'),
	('https://m.media-amazon.com/images/M/MV5BYzA4ZWRhNjktMTA3ZS00NDNiLThmMDMtNzdlYzk0ZjY2ZGFmXkEyXkFqcGdeQXVyMDM2NDM2MQ@@._V1_QL75_UY140_CR38,0,140,140_.jpg', 'tt0120689'),
	('https://m.media-amazon.com/images/M/MV5BMjI0ODQ5ODEzN15BMl5BanBnXkFtZTgwMDg1MTM4MjI@._V1_QL75_UY140_CR38,0,140,140_.jpg', 'tt0120689'),
	('https://m.media-amazon.com/images/M/MV5BMzU4Mjg2MzYwNl5BMl5BanBnXkFtZTgwMTg1MTM4MjI@._V1_QL75_UY140_CR39,0,140,140_.jpg', 'tt0120689'),
	('https://m.media-amazon.com/images/M/MV5BMTUwNDE2MDc0M15BMl5BanBnXkFtZTYwMTY2NTY3._V1_QL75_UX140_CR0,0,140,140_.jpg', 'tt0120689'),
	('https://m.media-amazon.com/images/M/MV5BMjE1OTU5NTc3N15BMl5BanBnXkFtZTYwMzY2NTY3._V1_QL75_UX140_CR0,0,140,140_.jpg', 'tt0120689'),
	('https://m.media-amazon.com/images/M/MV5BMjA3OTk0NDk3OV5BMl5BanBnXkFtZTYwNTY2NTY3._V1_QL75_UX140_CR0,0,140,140_.jpg', 'tt0120689'),
	('https://m.media-amazon.com/images/M/MV5BMTkzNjk5ODgwNF5BMl5BanBnXkFtZTYwNzY2NTY3._V1_QL75_UX140_CR0,0,140,140_.jpg', 'tt0120689'),
	('https://m.media-amazon.com/images/M/MV5BMjAxMDUwNTc4N15BMl5BanBnXkFtZTYwOTY2NTY3._V1_QL75_UY140_CR35,0,140,140_.jpg', 'tt0120689'),
	('https://m.media-amazon.com/images/M/MV5BODY2MDkyODQ3MV5BMl5BanBnXkFtZTYwMTc2NTY3._V1_QL75_UX140_CR0,0,140,140_.jpg', 'tt0120689'),
	('https://m.media-amazon.com/images/M/MV5BMTc4NjcyODA3MF5BMl5BanBnXkFtZTYwMzc2NTY3._V1_QL75_UX140_CR0,0,140,140_.jpg', 'tt0120689'),
	('https://m.media-amazon.com/images/M/MV5BMTUzNTc5MjU5NF5BMl5BanBnXkFtZTYwNTc2NTY3._V1_QL75_UX140_CR0,0,140,140_.jpg', 'tt0120689'),
	('https://m.media-amazon.com/images/M/MV5BMTIzNzk4MzU5M15BMl5BanBnXkFtZTYwOTc2NTY3._V1_QL75_UY140_CR35,0,140,140_.jpg', 'tt0120689'),
	('https://m.media-amazon.com/images/M/MV5BYWNiN2VkOTMtOGFmZC00NDI1LTkxMDQtMWI0Y2Y2MDZiY2UzXkEyXkFqcGdeQXVyMTUzMTg2ODkz._V1_QL75_UY140_CR45,0,140,140_.jpg', 'tt0103064'),
	('https://m.media-amazon.com/images/M/MV5BOTFmODU1ZDItYTJjYS00ZmQ2LWFmN2QtMTRkMDdmMWM2ZWYxXkEyXkFqcGdeQXVyMTUzMTg2ODkz._V1_QL75_UY140_CR45,0,140,140_.jpg', 'tt0103064'),
	('https://m.media-amazon.com/images/M/MV5BZWMxYzg3NzMtZGZjMi00MDBjLTg1YTctMWNiMDFmYTkzMTkwXkEyXkFqcGdeQXVyMTUzMTg2ODkz._V1_QL75_UY140_CR45,0,140,140_.jpg', 'tt0103064'),
	('https://m.media-amazon.com/images/M/MV5BZGViNjYyNWMtYjVkYS00MjFjLWIxNmUtNjU2OWEyOTgwMzk1XkEyXkFqcGdeQXVyMTUzMTg2ODkz._V1_QL75_UY140_CR45,0,140,140_.jpg', 'tt0103064'),
	('https://m.media-amazon.com/images/M/MV5BY2JhNzliZDQtOGYxNS00ZWY3LWFlZDAtOTkyMDQ3ZWJiMjAxXkEyXkFqcGdeQXVyMTUzMTg2ODkz._V1_QL75_UY140_CR45,0,140,140_.jpg', 'tt0103064'),
	('https://m.media-amazon.com/images/M/MV5BMmQ1YjUzOTAtZGE5Mi00ZGU1LWI4MmEtNDE0ODdjNjExY2E5XkEyXkFqcGdeQXVyNTM3MDMyMDQ@._V1_QL75_UY140_CR55,0,140,140_.jpg', 'tt0103064'),
	('https://m.media-amazon.com/images/M/MV5BMTkzNjYxMzU2NV5BMl5BanBnXkFtZTgwOTk1OTgyNTM@._V1_QL75_UY140_CR55,0,140,140_.jpg', 'tt0103064'),
	('https://m.media-amazon.com/images/M/MV5BYTk3NTQ5NDktNjE3Ny00Yjg2LWEyZjMtMTNlODIxMTg2NGY2XkEyXkFqcGdeQXVyNTM3MDMyMDQ@._V1_QL75_UY140_CR24,0,140,140_.jpg', 'tt0103064'),
	('https://m.media-amazon.com/images/M/MV5BMTU2NTc2NDAwNF5BMl5BanBnXkFtZTgwNjk4MzgwMzI@._V1_QL75_UY140_CR23,0,140,140_.jpg', 'tt0103064'),
	('https://m.media-amazon.com/images/M/MV5BMjIyODk3NDMxNF5BMl5BanBnXkFtZTgwNzk4MzgwMzI@._V1_QL75_UY140_CR25,0,140,140_.jpg', 'tt0103064'),
	('https://m.media-amazon.com/images/M/MV5BMTY4NjA2OTQxOV5BMl5BanBnXkFtZTgwODk4MzgwMzI@._V1_QL75_UY140_CR24,0,140,140_.jpg', 'tt0103064'),
	('https://m.media-amazon.com/images/M/MV5BMjIwOTQ0NzgxMF5BMl5BanBnXkFtZTgwOTk4MzgwMzI@._V1_QL75_UY140_CR23,0,140,140_.jpg', 'tt0103064'),
	('https://m.media-amazon.com/images/M/MV5BMTk3MTkzNTk3Ml5BMl5BanBnXkFtZTgwOTcyMzQyNDM@._V1_QL75_UY140_CR22,0,140,140_.jpg', 'tt0076759'),
	('https://m.media-amazon.com/images/M/MV5BMjE1NzI5OTAwMl5BMl5BanBnXkFtZTgwMTgyMzQyNDM@._V1_QL75_UY140_CR17,0,140,140_.jpg', 'tt0076759'),
	('https://m.media-amazon.com/images/M/MV5BMjQwMjIzNTk3OF5BMl5BanBnXkFtZTgwMjgyMzQyNDM@._V1_QL75_UX140_CR0,0,140,140_.jpg', 'tt0076759'),
	('https://m.media-amazon.com/images/M/MV5BMjQ3NTM2Nzk2Ml5BMl5BanBnXkFtZTgwNDgyMzQyNDM@._V1_QL75_UY140_CR36,0,140,140_.jpg', 'tt0076759'),
	('https://m.media-amazon.com/images/M/MV5BMjUyNDE4MTAwOF5BMl5BanBnXkFtZTgwNTgyMzQyNDM@._V1_QL75_UX140_CR0,0,140,140_.jpg', 'tt0076759'),
	('https://m.media-amazon.com/images/M/MV5BMTkyODQ3ODE1MF5BMl5BanBnXkFtZTgwODgyMzQyNDM@._V1_QL75_UY140_CR53,0,140,140_.jpg', 'tt0076759'),
	('https://m.media-amazon.com/images/M/MV5BMjAxNDU1MjI0Nl5BMl5BanBnXkFtZTgwOTgyMzQyNDM@._V1_QL75_UX140_CR0,0,140,140_.jpg', 'tt0076759'),
	('https://m.media-amazon.com/images/M/MV5BMjA4OTEwNDM2Nl5BMl5BanBnXkFtZTgwNTcyMzQyNDM@._V1_QL75_UY140_CR36,0,140,140_.jpg', 'tt0076759'),
	('https://m.media-amazon.com/images/M/MV5BMTk3MDkyNzA1OV5BMl5BanBnXkFtZTgwNjcyMzQyNDM@._V1_QL75_UY140_CR36,0,140,140_.jpg', 'tt0076759'),
	('https://m.media-amazon.com/images/M/MV5BMTUyMjgzMjczOF5BMl5BanBnXkFtZTgwNzcyMzQyNDM@._V1_QL75_UX140_CR0,0,140,140_.jpg', 'tt0076759'),
	('https://m.media-amazon.com/images/M/MV5BMjQzMjEzNjUxOF5BMl5BanBnXkFtZTgwNTEwMzQyNDM@._V1_QL75_UX140_CR0,0,140,140_.jpg', 'tt0076759'),
	('https://m.media-amazon.com/images/M/MV5BNjA1OTMxNDg5N15BMl5BanBnXkFtZTgwMzUwMzg4MDI@._V1_QL75_UY140_CR95,0,140,140_.jpg', 'tt0076759'),
	('https://m.media-amazon.com/images/M/MV5BZjhiOTU5YmUtM2Y0NS00OTI2LWJiZjMtMTc3ZmQ1ZTZlMDg3XkEyXkFqcGdeQXVyMTUzMTg2ODkz._V1_QL75_UX140_CR0,0,140,140_.jpg', 'tt0088763'),
	('https://m.media-amazon.com/images/M/MV5BYWM5ODM4NDMtNmQ2My00NTkxLTk5Y2MtZDlmNjIyYWYyODdiXkEyXkFqcGdeQXVyMTUzMTg2ODkz._V1_QL75_UX140_CR0,0,140,140_.jpg', 'tt0088763'),
	('https://m.media-amazon.com/images/M/MV5BM2UzYzk5MGEtODg2OS00NDFmLThkMzEtOWRmY2U4MWMwNDNhXkEyXkFqcGdeQXVyMTUzMTg2ODkz._V1_QL75_UX140_CR0,0,140,140_.jpg', 'tt0088763'),
	('https://m.media-amazon.com/images/M/MV5BOTdjZjI5N2EtYWEyNS00ZjVlLTk4NGEtZjc3N2JkZTkxNDNiXkEyXkFqcGdeQXVyMTUzMTg2ODkz._V1_QL75_UY140_CR39,0,140,140_.jpg', 'tt0088763'),
	('https://m.media-amazon.com/images/M/MV5BMTE0YTJhOTUtZTg2Yy00NzVmLWFjZjItMGI0NTU2ZTEwNDgwXkEyXkFqcGdeQXVyMTUzMTg2ODkz._V1_QL75_UY140_CR38,0,140,140_.jpg', 'tt0088763'),
	('https://m.media-amazon.com/images/M/MV5BNTFlMjg1ZTMtOWI0NC00MzMwLWI3ZWEtNzZiOGY4ZWE2ZTg0XkEyXkFqcGdeQXVyMjQwMDg0Ng@@._V1_QL75_UY140_CR55,0,140,140_.jpg', 'tt0088763'),
	('https://m.media-amazon.com/images/M/MV5BMjA4MzI0NzI3MF5BMl5BanBnXkFtZTcwOTc4Mzg0OQ@@._V1_QL75_UY140_CR35,0,140,140_.jpg', 'tt0088763'),
	('https://m.media-amazon.com/images/M/MV5BMjE3Nzk5NzYzMV5BMl5BanBnXkFtZTcwNTMxNDc0NA@@._V1_QL75_UX140_CR0,0,140,140_.jpg', 'tt0088763'),
	('https://m.media-amazon.com/images/M/MV5BMTM3MTA2NjQ2Nl5BMl5BanBnXkFtZTcwNzMxNDc0NA@@._V1_QL75_UY140_CR36,0,140,140_.jpg', 'tt0088763'),
	('https://m.media-amazon.com/images/M/MV5BMTc1NjcwMzk3M15BMl5BanBnXkFtZTcwOTMxNDc0NA@@._V1_QL75_UX140_CR0,0,140,140_.jpg', 'tt0088763'),
	('https://m.media-amazon.com/images/M/MV5BMTcyOTA3OTMwNV5BMl5BanBnXkFtZTcwMDQxNDc0NA@@._V1_QL75_UX140_CR0,0,140,140_.jpg', 'tt0088763'),
	('https://m.media-amazon.com/images/M/MV5BMTM1MTc3NDE0MF5BMl5BanBnXkFtZTcwMTQxNDc0NA@@._V1_QL75_UY140_CR36,0,140,140_.jpg', 'tt0088763'),
	('https://m.media-amazon.com/images/M/MV5BNWI1NzFkZWEtYjAwYS00Y2QzLTliZjgtMzUwYjdhMWNjNzM0XkEyXkFqcGdeQXVyMTUzMTg2ODkz._V1_QL75_UY140_CR52,0,140,140_.jpg', 'tt15239678'),
	('https://m.media-amazon.com/images/M/MV5BNDM5NmI3Y2ItNjcwYy00MDQxLWI0ODMtY2ViZmU1M2Q2OGM4XkEyXkFqcGdeQXVyMTUzMTg2ODkz._V1_QL75_UY140_CR97,0,140,140_.jpg', 'tt15239678'),
	('https://m.media-amazon.com/images/M/MV5BZjE3MjEzOTctZTliOC00YjVkLWJiNmItOGEzZTgxMGJhNzY5XkEyXkFqcGdeQXVyMDM2NDM2MQ@@._V1_QL75_UY140_CR35,0,140,140_.jpg', 'tt15239678'),
	('https://m.media-amazon.com/images/M/MV5BNGIwOTczY2EtNTgzMy00MzM4LWE1NjctNDM2ZWUzMzFmYjRlXkEyXkFqcGdeQXVyMDM2NDM2MQ@@._V1_QL75_UY140_CR35,0,140,140_.jpg', 'tt15239678'),
	('https://m.media-amazon.com/images/M/MV5BMDc0MDBlMmItZWE5Yy00MjQ1LThhZDQtNDI4MzcxNmEyZTE1XkEyXkFqcGdeQXVyMDM2NDM2MQ@@._V1_QL75_UX140_CR0,0,140,140_.jpg', 'tt15239678'),
	('https://m.media-amazon.com/images/M/MV5BMGE4MmNiOTQtZmUwOS00MjUyLThjYzAtNzI5Y2E5OGFjZWQxXkEyXkFqcGdeQXVyMDM2NDM2MQ@@._V1_QL75_UY140_CR50,0,140,140_.jpg', 'tt15239678'),
	('https://m.media-amazon.com/images/M/MV5BMjI3YjQ2M2ItMzAwOC00NzM2LThiY2YtZWFjYTYzYjk1MGMyXkEyXkFqcGdeQXVyMTUzMTg2ODkz._V1_QL75_UY140_CR35,0,140,140_.jpg', 'tt15239678'),
	('https://m.media-amazon.com/images/M/MV5BNDFlZWUwYTMtNjI0MC00MDJiLTg0YjEtYWY0Nzc5ZTlhOWYwXkEyXkFqcGdeQXVyMTUzMTg2ODkz._V1_QL75_UX140_CR0,0,140,140_.jpg', 'tt15239678'),
	('https://m.media-amazon.com/images/M/MV5BODkzZTcxYTktMmZhYi00OTcyLTk5NTktOTNjMzgzZWJjZGUwXkEyXkFqcGdeQXVyMTUzMTg2ODkz._V1_QL75_UY140_CR35,0,140,140_.jpg', 'tt15239678'),
	('https://m.media-amazon.com/images/M/MV5BYTlmYWM3NDMtMjVkYi00ZmMxLWE5MTgtM2YzMzgxOTYxOTliXkEyXkFqcGdeQXVyMDM2NDM2MQ@@._V1_QL75_UY140_CR63,0,140,140_.jpg', 'tt15239678'),
	('https://m.media-amazon.com/images/M/MV5BN2I3NTY5ODMtZWE5Yy00OWUzLWE5NmUtNDA3NzNiODFhZTFhXkEyXkFqcGdeQXVyMDM2NDM2MQ@@._V1_QL75_UY140_CR63,0,140,140_.jpg', 'tt15239678'),
	('https://m.media-amazon.com/images/M/MV5BNmY1M2FjNGItZjAzZS00NTExLTk5OGEtOWFhMzM4NWU2NDkyXkEyXkFqcGdeQXVyMDM2NDM2MQ@@._V1_QL75_UY140_CR63,0,140,140_.jpg', 'tt15239678'),
	('https://m.media-amazon.com/images/M/MV5BYjZlNzRiYTUtODZjNi00ZjE1LWJjNDQtNDk4ZjU3MjIzOGRkXkEyXkFqcGdeQXVyMTUzMTg2ODkz._V1_QL75_UY140_CR60,0,140,140_.jpg', 'tt0245429'),
	('https://m.media-amazon.com/images/M/MV5BNzk4MTA4NWMtYmVlMi00MjI0LWJhNDYtOGIyZjlmMmYxNzc2XkEyXkFqcGdeQXVyMTUzMTg2ODkz._V1_QL75_UY140_CR60,0,140,140_.jpg', 'tt0245429'),
	('https://m.media-amazon.com/images/M/MV5BMTgxMzMwMjg3M15BMl5BanBnXkFtZTgwMDM0NDE0ODE@._V1_QL75_UY140_CR55,0,140,140_.jpg', 'tt0245429'),
	('https://m.media-amazon.com/images/M/MV5BMTU3MjI5MzM2Ml5BMl5BanBnXkFtZTgwOTc1MTMyMDE@._V1_QL75_UY140_CR44,0,140,140_.jpg', 'tt0245429'),
	('https://m.media-amazon.com/images/M/MV5BMTgyOTQ4NjEzNF5BMl5BanBnXkFtZTgwODY1MTMyMDE@._V1_QL75_UY140_CR43,0,140,140_.jpg', 'tt0245429'),
	('https://m.media-amazon.com/images/M/MV5BODM2OTgyOTY1OV5BMl5BanBnXkFtZTgwOTY1MTMyMDE@._V1_QL75_UY140_CR64,0,140,140_.jpg', 'tt0245429'),
	('https://m.media-amazon.com/images/M/MV5BNTEzNzMwMDQ3OF5BMl5BanBnXkFtZTgwMTc1MTMyMDE@._V1_QL75_UY140_CR45,0,140,140_.jpg', 'tt0245429'),
	('https://m.media-amazon.com/images/M/MV5BMjMyNjg2NzQxN15BMl5BanBnXkFtZTgwMjc1MTMyMDE@._V1_QL75_UY140_CR19,0,140,140_.jpg', 'tt0245429'),
	('https://m.media-amazon.com/images/M/MV5BOTEyOTExMDM2OF5BMl5BanBnXkFtZTgwMzc1MTMyMDE@._V1_QL75_UY140_CR20,0,140,140_.jpg', 'tt0245429'),
	('https://m.media-amazon.com/images/M/MV5BMjE5MDk0NDUxMV5BMl5BanBnXkFtZTgwNDc1MTMyMDE@._V1_QL75_UY140_CR19,0,140,140_.jpg', 'tt0245429'),
	('https://m.media-amazon.com/images/M/MV5BMjE1Mjk2MTcwNV5BMl5BanBnXkFtZTgwNTc1MTMyMDE@._V1_QL75_UY140_CR26,0,140,140_.jpg', 'tt0245429'),
	('https://m.media-amazon.com/images/M/MV5BNTkyODE0MTA5Ml5BMl5BanBnXkFtZTgwNjc1MTMyMDE@._V1_QL75_UY140_CR65,0,140,140_.jpg', 'tt0245429'),
	('https://m.media-amazon.com/images/M/MV5BMTM2MzU3MjA3Nl5BMl5BanBnXkFtZTcwNDgxMTIyMw@@._V1_QL75_UX140_CR0,0,140,140_.jpg', 'tt0253474'),
	('https://m.media-amazon.com/images/M/MV5BMjIwNjgyNjAyOF5BMl5BanBnXkFtZTcwNTgxMTIyMw@@._V1_QL75_UX140_CR0,0,140,140_.jpg', 'tt0253474'),
	('https://m.media-amazon.com/images/M/MV5BMTk4MzExMTA4N15BMl5BanBnXkFtZTcwODcxMTIyMw@@._V1_QL75_UY140_CR34,0,140,140_.jpg', 'tt0253474'),
	('https://m.media-amazon.com/images/M/MV5BMTg1ODI4NTYxNl5BMl5BanBnXkFtZTcwOTcxMTIyMw@@._V1_QL75_UY140_CR35,0,140,140_.jpg', 'tt0253474'),
	('https://m.media-amazon.com/images/M/MV5BMjE4MzAwMjEwMV5BMl5BanBnXkFtZTcwMTgxMTIyMw@@._V1_QL75_UY140_CR35,0,140,140_.jpg', 'tt0253474'),
	('https://m.media-amazon.com/images/M/MV5BMTcwNDg4NDI1M15BMl5BanBnXkFtZTcwMjgxMTIyMw@@._V1_QL75_UY140_CR35,0,140,140_.jpg', 'tt0253474'),
	('https://m.media-amazon.com/images/M/MV5BMTM2MTU4MDYxOV5BMl5BanBnXkFtZTcwMzgxMTIyMw@@._V1_QL75_UY140_CR121,0,140,140_.jpg', 'tt0253474'),
	('https://m.media-amazon.com/images/M/MV5BMTQ5MDQxMzQ3M15BMl5BanBnXkFtZTcwMjYxMTIyMw@@._V1_QL75_UY140_CR35,0,140,140_.jpg', 'tt0253474'),
	('https://m.media-amazon.com/images/M/MV5BMjEyMDg2OTgzMV5BMl5BanBnXkFtZTcwMzYxMTIyMw@@._V1_QL75_UY140_CR35,0,140,140_.jpg', 'tt0253474'),
	('https://m.media-amazon.com/images/M/MV5BMTMxMTUzOTYxNF5BMl5BanBnXkFtZTcwNDYxMTIyMw@@._V1_QL75_UY140_CR35,0,140,140_.jpg', 'tt0253474'),
	('https://m.media-amazon.com/images/M/MV5BMTM5MjY1MTUzMF5BMl5BanBnXkFtZTcwNTYxMTIyMw@@._V1_QL75_UY140_CR35,0,140,140_.jpg', 'tt0253474'),
	('https://m.media-amazon.com/images/M/MV5BMTQxNjMzMzc2MV5BMl5BanBnXkFtZTcwNzkwMTIyMw@@._V1_QL75_UY140_CR35,0,140,140_.jpg', 'tt0253474'),
	('https://m.media-amazon.com/images/M/MV5BNTIyMDZhYzItYjEzZC00MzU1LWJhNTQtYmJhZjQxN2ZkNmNkXkEyXkFqcGdeQXVyMTkxNjUyNQ@@._V1_QL75_UX140_CR0,0,140,140_.jpg', 'tt6751668'),
	('https://m.media-amazon.com/images/M/MV5BYjQzNjZlMDMtNDQwMi00ZWI3LWJlMTAtNzFhZGJiZmVkMDgyXkEyXkFqcGdeQXVyMTkxNjUyNQ@@._V1_QL75_UY140_CR35,0,140,140_.jpg', 'tt6751668'),
	('https://m.media-amazon.com/images/M/MV5BMWFkMWExMTAtZmVmNi00ZWZiLTkwYzktODlkYmJlOTlhMzVhXkEyXkFqcGdeQXVyMTkxNjUyNQ@@._V1_QL75_UY140_CR23,0,140,140_.jpg', 'tt6751668'),
	('https://m.media-amazon.com/images/M/MV5BNmM5YjZiZWUtMjc4Yi00NzNkLTk4MjctOWFkMTgwM2Q2YTMzXkEyXkFqcGdeQXVyMTkxNjUyNQ@@._V1_QL75_UY140_CR35,0,140,140_.jpg', 'tt6751668'),
	('https://m.media-amazon.com/images/M/MV5BZjc2MzVlMDUtOGY4OC00NDlmLTgwMWItNGM3MDFiODAxNTA4XkEyXkFqcGdeQXVyMTkxNjUyNQ@@._V1_QL75_UY140_CR35,0,140,140_.jpg', 'tt6751668'),
	('https://m.media-amazon.com/images/M/MV5BYzU5ODBmYzQtZTdlNS00NDM3LWJmMDctZTA0MWM4ZmE0M2JkXkEyXkFqcGdeQXVyMDM2NDM2MQ@@._V1_QL75_UX140_CR0,0,140,140_.jpg', 'tt6751668'),
	('https://m.media-amazon.com/images/M/MV5BZDIxOGE4NmMtZjkzNC00ZDY0LWEzYWMtNWU5ODA5YjMyMzQ1XkEyXkFqcGdeQXVyMDM2NDM2MQ@@._V1_QL75_UX140_CR0,0,140,140_.jpg', 'tt6751668'),
	('https://m.media-amazon.com/images/M/MV5BOTk3YWM0ZjctYWRiNy00M2RiLWI4NmYtODRlODk2Yzc0ZGU4XkEyXkFqcGdeQXVyMDM2NDM2MQ@@._V1_QL75_UY140_CR35,0,140,140_.jpg', 'tt6751668'),
	('https://m.media-amazon.com/images/M/MV5BNWE3M2Q3ZGItODc1ZC00ZjBhLWE0OGMtYmJhZDgzZGUzZjlmXkEyXkFqcGdeQXVyMDM2NDM2MQ@@._V1_QL75_UX140_CR0,0,140,140_.jpg', 'tt6751668'),
	('https://m.media-amazon.com/images/M/MV5BN2UwNWFjZDUtNDkyMS00YTExLTgzNmYtMzgzZjkyYzBjOWVmXkEyXkFqcGdeQXVyMDM2NDM2MQ@@._V1_QL75_UY140_CR35,0,140,140_.jpg', 'tt6751668'),
	('https://m.media-amazon.com/images/M/MV5BZTUwYTZiYzMtMWVkYS00MzkzLTk0YjgtM2Q0Yjc5NmY3MzQ2XkEyXkFqcGdeQXVyMDM2NDM2MQ@@._V1_QL75_UY140_CR35,0,140,140_.jpg', 'tt6751668'),
	('https://m.media-amazon.com/images/M/MV5BNDgzMDViM2ItOTk5OS00OGUwLTk0YjktYzUzOTk4MjM1MTAyXkEyXkFqcGdeQXVyMDM2NDM2MQ@@._V1_QL75_UY140_CR35,0,140,140_.jpg', 'tt6751668'),
	('https://m.media-amazon.com/images/M/MV5BYzlmMmFmOTktZDlmNC00YjAxLWIxYzAtODllYTc1YjhiNmNiXkEyXkFqcGdeQXVyMTUzMTg2ODkz._V1_QL75_UY140_CR21,0,140,140_.jpg', 'tt0054215'),
	('https://m.media-amazon.com/images/M/MV5BMjFhZDM2MmQtNDdhYS00M2M5LTgzMTYtNTcyMzE3NjQ1MzU4XkEyXkFqcGdeQXVyMTUzMTg2ODkz._V1_QL75_UX140_CR0,0,140,140_.jpg', 'tt0054215'),
	('https://m.media-amazon.com/images/M/MV5BZjI2NzRlMDYtOWNlMS00ZDY2LWI3ODMtNmQwMmZiODMyMTQ4XkEyXkFqcGdeQXVyMTUzMTg2ODkz._V1_QL75_UX140_CR0,0,140,140_.jpg', 'tt0054215'),
	('https://m.media-amazon.com/images/M/MV5BZGQzNTQzNDUtZWNmYy00NjMzLTlmNzQtMzg4MDk2YjVhZTQ4XkEyXkFqcGdeQXVyMTUzMTg2ODkz._V1_QL75_UX140_CR0,0,140,140_.jpg', 'tt0054215'),
	('https://m.media-amazon.com/images/M/MV5BOWJlZThhZjItNWNlMi00YTAxLWE0MWYtNDBiNzc5NzdiN2ZlXkEyXkFqcGdeQXVyMTUzMTg2ODkz._V1_QL75_UY140_CR21,0,140,140_.jpg', 'tt0054215'),
	('https://m.media-amazon.com/images/M/MV5BMmJmYzcwNTQtM2YyMS00NjdmLWI3ZjctMmVjMGY3YWMyYWNiXkEyXkFqcGdeQXVyMTUzMTg2ODkz._V1_QL75_UY140_CR23,0,140,140_.jpg', 'tt0054215'),
	('https://m.media-amazon.com/images/M/MV5BYzc3OTcwYTUtMWRlMS00OTM4LTg3MDEtNWFiNDFkZWQyMDQyXkEyXkFqcGdeQXVyMTUzMTg2ODkz._V1_QL75_UX140_CR0,0,140,140_.jpg', 'tt0054215'),
	('https://m.media-amazon.com/images/M/MV5BNDU3YmMyMmEtNDMzYi00YmI4LTg3MDctZmRiMzllYTQ4MzA1XkEyXkFqcGdeQXVyMTUzMTg2ODkz._V1_QL75_UX140_CR0,0,140,140_.jpg', 'tt0054215'),
	('https://m.media-amazon.com/images/M/MV5BOGFkNTAzMmYtMjRkNy00OTc0LTg1NDktZmU1Yzc3NGIwMjQ0XkEyXkFqcGdeQXVyMTUzMTg2ODkz._V1_QL75_UX140_CR0,0,140,140_.jpg', 'tt0054215'),
	('https://m.media-amazon.com/images/M/MV5BMTczMzM4NTYtZDBlYS00YTM1LWIzOTYtYjA2YjRlNTFkZmQyXkEyXkFqcGdeQXVyMTUzMTg2ODkz._V1_QL75_UY140_CR24,0,140,140_.jpg', 'tt0054215'),
	('https://m.media-amazon.com/images/M/MV5BOGQ4N2I3MDctYTgyNi00YTVmLWI4ZDItMjJiZGQwYjJjNWZhXkEyXkFqcGdeQXVyMTUzMTg2ODkz._V1_QL75_UX140_CR0,0,140,140_.jpg', 'tt0054215'),
	('https://m.media-amazon.com/images/M/MV5BZGIyMTIzMGItODA2Ni00Y2E4LTg5NmUtNmFhNzZjMzE0NzE5XkEyXkFqcGdeQXVyMTUzMTg2ODkz._V1_QL75_UY140_CR23,0,140,140_.jpg', 'tt0054215'),
	('https://m.media-amazon.com/images/M/MV5BMTA0MDEwNDM0MTVeQTJeQWpwZ15BbWU3MDQ0NDY3MTQ@._V1_QL75_UY140_CR36,0,140,140_.jpg', 'tt0172495'),
	('https://m.media-amazon.com/images/M/MV5BMTY1NTcxMzg5M15BMl5BanBnXkFtZTcwNTQ0NjcxNA@@._V1_QL75_UX140_CR0,0,140,140_.jpg', 'tt0172495'),
	('https://m.media-amazon.com/images/M/MV5BMjIzMjM3NjUzMV5BMl5BanBnXkFtZTcwNjQ0NjcxNA@@._V1_QL75_UY140_CR37,0,140,140_.jpg', 'tt0172495'),
	('https://m.media-amazon.com/images/M/MV5BODA5MzcxNjIxOV5BMl5BanBnXkFtZTcwNzQ0NjcxNA@@._V1_QL75_UY140_CR34,0,140,140_.jpg', 'tt0172495'),
	('https://m.media-amazon.com/images/M/MV5BMjE1OTc4MzA0NV5BMl5BanBnXkFtZTcwODQ0NjcxNA@@._V1_QL75_UY140_CR22,0,140,140_.jpg', 'tt0172495'),
	('https://m.media-amazon.com/images/M/MV5BMTM1NTA3MTkwOF5BMl5BanBnXkFtZTcwOTQ0NjcxNA@@._V1_QL75_UX140_CR0,0,140,140_.jpg', 'tt0172495'),
	('https://m.media-amazon.com/images/M/MV5BMjExOTEyNDgxOV5BMl5BanBnXkFtZTcwMDU0NjcxNA@@._V1_QL75_UY140_CR36,0,140,140_.jpg', 'tt0172495'),
	('https://m.media-amazon.com/images/M/MV5BMjIwMTQ3MzE1Ml5BMl5BanBnXkFtZTcwMTU0NjcxNA@@._V1_QL75_UY140_CR36,0,140,140_.jpg', 'tt0172495'),
	('https://m.media-amazon.com/images/M/MV5BNjY5OTEyNTkzN15BMl5BanBnXkFtZTcwNDU0NjcxNA@@._V1_QL75_UY140_CR34,0,140,140_.jpg', 'tt0172495'),
	('https://m.media-amazon.com/images/M/MV5BMTU5MDI5MzM5OV5BMl5BanBnXkFtZTcwNjU0NjcxNA@@._V1_QL75_UY140_CR37,0,140,140_.jpg', 'tt0172495'),
	('https://m.media-amazon.com/images/M/MV5BMjEzMDc5MzcxMF5BMl5BanBnXkFtZTcwMzY0NjcxNA@@._V1_QL75_UY140_CR36,0,140,140_.jpg', 'tt0172495'),
	('https://m.media-amazon.com/images/M/MV5BMTQ3NTM4ODcwM15BMl5BanBnXkFtZTcwNzc0NjcxNA@@._V1_QL75_UY140_CR35,0,140,140_.jpg', 'tt0172495'),
	('https://m.media-amazon.com/images/M/MV5BMTM2ODAwNTc0NV5BMl5BanBnXkFtZTcwMjQ2NTI3Ng@@._V1_QL75_UY140_CR55,0,140,140_.jpg', 'tt0110357'),
	('https://m.media-amazon.com/images/M/MV5BMTU4ODA5MTEyM15BMl5BanBnXkFtZTcwNDQ2NTI3Ng@@._V1_QL75_UY140_CR48,0,140,140_.jpg', 'tt0110357'),
	('https://m.media-amazon.com/images/M/MV5BMTQxNDg1MzA2MV5BMl5BanBnXkFtZTcwNTQ2NTI3Ng@@._V1_QL75_UY140_CR55,0,140,140_.jpg', 'tt0110357'),
	('https://m.media-amazon.com/images/M/MV5BMTM4OTg5NzE4OF5BMl5BanBnXkFtZTcwNjQ2NTI3Ng@@._V1_QL75_UY140_CR50,0,140,140_.jpg', 'tt0110357'),
	('https://m.media-amazon.com/images/M/MV5BNTQxNzU4NTY2OF5BMl5BanBnXkFtZTcwNzQ2NTI3Ng@@._V1_QL75_UY140_CR55,0,140,140_.jpg', 'tt0110357'),
	('https://m.media-amazon.com/images/M/MV5BMTY3MDA0NzA2MV5BMl5BanBnXkFtZTcwODQ2NTI3Ng@@._V1_QL75_UY140_CR48,0,140,140_.jpg', 'tt0110357'),
	('https://m.media-amazon.com/images/M/MV5BMTk3OTgzNDg4Ml5BMl5BanBnXkFtZTcwMDU2NTI3Ng@@._V1_QL75_UY140_CR55,0,140,140_.jpg', 'tt0110357'),
	('https://m.media-amazon.com/images/M/MV5BMTMyNjg0MzQwM15BMl5BanBnXkFtZTcwMTU2NTI3Ng@@._V1_QL75_UY140_CR48,0,140,140_.jpg', 'tt0110357'),
	('https://m.media-amazon.com/images/M/MV5BMTgwNDYyODg5MF5BMl5BanBnXkFtZTcwMjU2NTI3Ng@@._V1_QL75_UY140_CR55,0,140,140_.jpg', 'tt0110357'),
	('https://m.media-amazon.com/images/M/MV5BNDYxODkxOTk3MV5BMl5BanBnXkFtZTcwMzU2NTI3Ng@@._V1_QL75_UY140_CR55,0,140,140_.jpg', 'tt0110357'),
	('https://m.media-amazon.com/images/M/MV5BNzU0MDI2MTY0Ml5BMl5BanBnXkFtZTcwNDU2NTI3Ng@@._V1_QL75_UY140_CR55,0,140,140_.jpg', 'tt0110357'),
	('https://m.media-amazon.com/images/M/MV5BMjE4OTMxMjMyOV5BMl5BanBnXkFtZTcwNTU2NTI3Ng@@._V1_QL75_UY140_CR55,0,140,140_.jpg', 'tt0110357'),
	('https://m.media-amazon.com/images/M/MV5BMjMwODU4MDU4OF5BMl5BanBnXkFtZTcwMzY4MzMyNw@@._V1_QL75_UY140_CR35,0,140,140_.jpg', 'tt0407887'),
	('https://m.media-amazon.com/images/M/MV5BMTU4MTE4ODI0MF5BMl5BanBnXkFtZTcwNDY4MzMyNw@@._V1_QL75_UY140_CR35,0,140,140_.jpg', 'tt0407887'),
	('https://m.media-amazon.com/images/M/MV5BMTM4NzAwNzExNV5BMl5BanBnXkFtZTcwNTY4MzMyNw@@._V1_QL75_UY140_CR35,0,140,140_.jpg', 'tt0407887'),
	('https://m.media-amazon.com/images/M/MV5BMjIzOTg0MTkzMl5BMl5BanBnXkFtZTcwNjY4MzMyNw@@._V1_QL75_UX140_CR0,0,140,140_.jpg', 'tt0407887'),
	('https://m.media-amazon.com/images/M/MV5BMzg0MTE0NDU0NF5BMl5BanBnXkFtZTcwNzY4MzMyNw@@._V1_QL75_UY140_CR35,0,140,140_.jpg', 'tt0407887'),
	('https://m.media-amazon.com/images/M/MV5BMzI5MTk0NjA0Nl5BMl5BanBnXkFtZTcwODY4MzMyNw@@._V1_QL75_UX140_CR0,0,140,140_.jpg', 'tt0407887'),
	('https://m.media-amazon.com/images/M/MV5BMTYwNDIyODI2OV5BMl5BanBnXkFtZTcwOTY4MzMyNw@@._V1_QL75_UY140_CR35,0,140,140_.jpg', 'tt0407887'),
	('https://m.media-amazon.com/images/M/MV5BMTc1MDA5MDYwNF5BMl5BanBnXkFtZTcwMDc4MzMyNw@@._V1_QL75_UX140_CR0,0,140,140_.jpg', 'tt0407887'),
	('https://m.media-amazon.com/images/M/MV5BMTc0OTY5NDc5N15BMl5BanBnXkFtZTcwMTc4MzMyNw@@._V1_QL75_UY140_CR35,0,140,140_.jpg', 'tt0407887'),
	('https://m.media-amazon.com/images/M/MV5BMTk3OTE2ODM1NF5BMl5BanBnXkFtZTcwMjc4MzMyNw@@._V1_QL75_UY140_CR39,0,140,140_.jpg', 'tt0407887'),
	('https://m.media-amazon.com/images/M/MV5BMTU4NjY5MDE2N15BMl5BanBnXkFtZTcwMzc4MzMyNw@@._V1_QL75_UY140_CR32,0,140,140_.jpg', 'tt0407887'),
	('https://m.media-amazon.com/images/M/MV5BMTgxMDE5MzAyNV5BMl5BanBnXkFtZTcwNDc4MzMyNw@@._V1_QL75_UY140_CR35,0,140,140_.jpg', 'tt0407887'),
	('https://m.media-amazon.com/images/M/MV5BMjU2MzA5MjQ0MV5BMl5BanBnXkFtZTgwMzczMTY3MTI@._V1_QL75_UY140_CR35,0,140,140_.jpg', 'tt0110413'),
	('https://m.media-amazon.com/images/M/MV5BMjQ1NDU1NDMxM15BMl5BanBnXkFtZTgwMDEyMTY3MTI@._V1_QL75_UY140_CR17,0,140,140_.jpg', 'tt0110413'),
	('https://m.media-amazon.com/images/M/MV5BMTc4MjMyNDUwNF5BMl5BanBnXkFtZTgwMjc5MTQzMTI@._V1_QL75_UY140_CR35,0,140,140_.jpg', 'tt0110413'),
	('https://m.media-amazon.com/images/M/MV5BMTY3NDgwMDUzN15BMl5BanBnXkFtZTgwNDc5MTQzMTI@._V1_QL75_UY140_CR35,0,140,140_.jpg', 'tt0110413'),
	('https://m.media-amazon.com/images/M/MV5BMjIxODc2MTE2OV5BMl5BanBnXkFtZTgwNTc5MTQzMTI@._V1_QL75_UY140_CR17,0,140,140_.jpg', 'tt0110413'),
	('https://m.media-amazon.com/images/M/MV5BMTgxMTY5MDM3MF5BMl5BanBnXkFtZTgwNjc5MTQzMTI@._V1_QL75_UY140_CR35,0,140,140_.jpg', 'tt0110413'),
	('https://m.media-amazon.com/images/M/MV5BOTI1Mzg2Nzk1OV5BMl5BanBnXkFtZTgwNzc5MTQzMTI@._V1_QL75_UY140_CR35,0,140,140_.jpg', 'tt0110413'),
	('https://m.media-amazon.com/images/M/MV5BMjA0NDEyMDE3OV5BMl5BanBnXkFtZTgwODc5MTQzMTI@._V1_QL75_UY140_CR35,0,140,140_.jpg', 'tt0110413'),
	('https://m.media-amazon.com/images/M/MV5BMTcwOTAxODc5OV5BMl5BanBnXkFtZTgwOTc5MTQzMTI@._V1_QL75_UY140_CR17,0,140,140_.jpg', 'tt0110413'),
	('https://m.media-amazon.com/images/M/MV5BMTMwMDY0MTYyMF5BMl5BanBnXkFtZTcwMzI2NDkxNA@@._V1_QL75_UX140_CR0,0,140,140_.jpg', 'tt0110413'),
	('https://m.media-amazon.com/images/M/MV5BMjAyNjMzODY0MV5BMl5BanBnXkFtZTcwNDI2NDkxNA@@._V1_QL75_UX140_CR0,0,140,140_.jpg', 'tt0110413'),
	('https://m.media-amazon.com/images/M/MV5BMjIxMDAxNTE2N15BMl5BanBnXkFtZTcwNTI2NDkxNA@@._V1_QL75_UX140_CR0,0,140,140_.jpg', 'tt0110413'),
	('https://m.media-amazon.com/images/M/MV5BMTc0OTgyOTQ4Nl5BMl5BanBnXkFtZTcwMDIxODY3Mw@@._V1_QL75_UY140_CR35,0,140,140_.jpg', 'tt0120586'),
	('https://m.media-amazon.com/images/M/MV5BODU0Njg0ODM5N15BMl5BanBnXkFtZTcwMTIxODY3Mw@@._V1_QL75_UY140_CR35,0,140,140_.jpg', 'tt0120586'),
	('https://m.media-amazon.com/images/M/MV5BNzc3NjEyMDcwNV5BMl5BanBnXkFtZTcwMjIxODY3Mw@@._V1_QL75_UX140_CR0,0,140,140_.jpg', 'tt0120586'),
	('https://m.media-amazon.com/images/M/MV5BMjI3NTQ3MjgzM15BMl5BanBnXkFtZTcwNDIxODY3Mw@@._V1_QL75_UY140_CR35,0,140,140_.jpg', 'tt0120586'),
	('https://m.media-amazon.com/images/M/MV5BNjg5MTEwNjY5Nl5BMl5BanBnXkFtZTcwNTIxODY3Mw@@._V1_QL75_UX140_CR0,0,140,140_.jpg', 'tt0120586'),
	('https://m.media-amazon.com/images/M/MV5BMTMxMDY3MDA0Ml5BMl5BanBnXkFtZTcwNjIxODY3Mw@@._V1_QL75_UY140_CR35,0,140,140_.jpg', 'tt0120586'),
	('https://m.media-amazon.com/images/M/MV5BNzc4OTI0MzM5OF5BMl5BanBnXkFtZTYwOTM5OTc2._V1_QL75_UY140_CR35,0,140,140_.jpg', 'tt0120586'),
	('https://m.media-amazon.com/images/M/MV5BMjE0OTUwMzA4N15BMl5BanBnXkFtZTYwMTQ5OTc2._V1_QL75_UY140_CR35,0,140,140_.jpg', 'tt0120586'),
	('https://m.media-amazon.com/images/M/MV5BMzY5MDYxODU1M15BMl5BanBnXkFtZTYwMzQ5OTc2._V1_QL75_UY140_CR35,0,140,140_.jpg', 'tt0120586'),
	('https://m.media-amazon.com/images/M/MV5BMTk3MzM4OTIwN15BMl5BanBnXkFtZTYwNTQ5OTc2._V1_QL75_UY140_CR35,0,140,140_.jpg', 'tt0120586'),
	('https://m.media-amazon.com/images/M/MV5BMTM3OTgxODQ5MV5BMl5BanBnXkFtZTYwNzQ5OTc2._V1_QL75_UY140_CR35,0,140,140_.jpg', 'tt0120586'),
	('https://m.media-amazon.com/images/M/MV5BMTI2Mjg2NDE0NV5BMl5BanBnXkFtZTYwOTQ5OTc2._V1_QL75_UY140_CR35,0,140,140_.jpg', 'tt0120586'),
	('https://m.media-amazon.com/images/M/MV5BMTkzNzgwOTY4NV5BMl5BanBnXkFtZTgwMTQ1NTE4MjE@._V1_QL75_UY140_CR35,0,140,140_.jpg', 'tt2582802'),
	('https://m.media-amazon.com/images/M/MV5BNDA4MjgxODI2NV5BMl5BanBnXkFtZTgwMzQ1NTE4MjE@._V1_QL75_UY140_CR35,0,140,140_.jpg', 'tt2582802'),
	('https://m.media-amazon.com/images/M/MV5BMjM4MzA0MDE0M15BMl5BanBnXkFtZTgwNTQ1NTE4MjE@._V1_QL75_UY140_CR35,0,140,140_.jpg', 'tt2582802'),
	('https://m.media-amazon.com/images/M/MV5BODg0NzI5MTg0NF5BMl5BanBnXkFtZTgwNjM1NTE4MjE@._V1_QL75_UY140_CR35,0,140,140_.jpg', 'tt2582802'),
	('https://m.media-amazon.com/images/M/MV5BMTc1MDg2MzgyMF5BMl5BanBnXkFtZTgwNzM1NTE4MjE@._V1_QL75_UY140_CR35,0,140,140_.jpg', 'tt2582802'),
	('https://m.media-amazon.com/images/M/MV5BMTYyODEwOTIwMV5BMl5BanBnXkFtZTgwODM1NTE4MjE@._V1_QL75_UY140_CR35,0,140,140_.jpg', 'tt2582802'),
	('https://m.media-amazon.com/images/M/MV5BMTU0NzQ2ODQ0OF5BMl5BanBnXkFtZTgwOTM1NTE4MjE@._V1_QL75_UX140_CR0,0,140,140_.jpg', 'tt2582802'),
	('https://m.media-amazon.com/images/M/MV5BMjAyODU3NzczOV5BMl5BanBnXkFtZTgwMTM1NTE4MjE@._V1_QL75_UY140_CR35,0,140,140_.jpg', 'tt2582802'),
	('https://m.media-amazon.com/images/M/MV5BMTQxOTc5NzI2MV5BMl5BanBnXkFtZTgwMjM1NTE4MjE@._V1_QL75_UY140_CR35,0,140,140_.jpg', 'tt2582802'),
	('https://m.media-amazon.com/images/M/MV5BNDExMzYyMjEyMF5BMl5BanBnXkFtZTgwNDM1NTE4MjE@._V1_QL75_UX140_CR0,0,140,140_.jpg', 'tt2582802'),
	('https://m.media-amazon.com/images/M/MV5BMTc3ODM1MDM5Nl5BMl5BanBnXkFtZTgwNTM1NTE4MjE@._V1_QL75_UY140_CR35,0,140,140_.jpg', 'tt2582802'),
	('https://m.media-amazon.com/images/M/MV5BMTY4NzkyNjg5M15BMl5BanBnXkFtZTgwOTI1NTE4MjE@._V1_QL75_UY140_CR35,0,140,140_.jpg', 'tt2582802'),
	('https://m.media-amazon.com/images/M/MV5BOTE0MzQ2NTk5MV5BMl5BanBnXkFtZTcwNjkzNDMyMw@@._V1_QL75_UY140_CR36,0,140,140_.jpg', 'tt0482571'),
	('https://m.media-amazon.com/images/M/MV5BODc0MzkxOTg5N15BMl5BanBnXkFtZTcwODkzNDMyMw@@._V1_QL75_UY140_CR36,0,140,140_.jpg', 'tt0482571'),
	('https://m.media-amazon.com/images/M/MV5BMTYxMjIwNjI2Nl5BMl5BanBnXkFtZTcwOTkzNDMyMw@@._V1_QL75_UY140_CR35,0,140,140_.jpg', 'tt0482571'),
	('https://m.media-amazon.com/images/M/MV5BMTU4OTYyMDE0M15BMl5BanBnXkFtZTcwMDA0NDMyMw@@._V1_QL75_UY140_CR36,0,140,140_.jpg', 'tt0482571'),
	('https://m.media-amazon.com/images/M/MV5BMTMzNDMxMTQ3NV5BMl5BanBnXkFtZTcwMTA0NDMyMw@@._V1_QL75_UY140_CR35,0,140,140_.jpg', 'tt0482571'),
	('https://m.media-amazon.com/images/M/MV5BMjI1NzIyNDk1N15BMl5BanBnXkFtZTcwMjA0NDMyMw@@._V1_QL75_UY140_CR36,0,140,140_.jpg', 'tt0482571'),
	('https://m.media-amazon.com/images/M/MV5BMTk1MjY0MTk0MV5BMl5BanBnXkFtZTcwMzA0NDMyMw@@._V1_QL75_UY140_CR36,0,140,140_.jpg', 'tt0482571'),
	('https://m.media-amazon.com/images/M/MV5BMjA0NDYxMDM2MF5BMl5BanBnXkFtZTcwNDA0NDMyMw@@._V1_QL75_UY140_CR36,0,140,140_.jpg', 'tt0482571'),
	('https://m.media-amazon.com/images/M/MV5BMTk5MjE3ODQ2Nl5BMl5BanBnXkFtZTcwNTA0NDMyMw@@._V1_QL75_UY140_CR36,0,140,140_.jpg', 'tt0482571'),
	('https://m.media-amazon.com/images/M/MV5BMjE3MzkwNjgzM15BMl5BanBnXkFtZTcwNjA0NDMyMw@@._V1_QL75_UY140_CR36,0,140,140_.jpg', 'tt0482571'),
	('https://m.media-amazon.com/images/M/MV5BMjA0NDE4NjI4MF5BMl5BanBnXkFtZTcwMjUzNDMyMw@@._V1_QL75_UY140_CR36,0,140,140_.jpg', 'tt0482571'),
	('https://m.media-amazon.com/images/M/MV5BMTczMjQ3NTcwMl5BMl5BanBnXkFtZTcwMzUzNDMyMw@@._V1_QL75_UY140_CR35,0,140,140_.jpg', 'tt0482571'),
	('https://m.media-amazon.com/images/M/MV5BOTg2NDI1MTQ4NV5BMl5BanBnXkFtZTgwNjQ0MDMzNTE@._V1_QL75_UY140_CR60,0,140,140_.jpg', 'tt0095327'),
	('https://m.media-amazon.com/images/M/MV5BMjIyOTk4OTIwMl5BMl5BanBnXkFtZTgwMjcyMDk2MjE@._V1_QL75_UY140_CR55,0,140,140_.jpg', 'tt0095327'),
	('https://m.media-amazon.com/images/M/MV5BMjMzNTY1MjI5Nl5BMl5BanBnXkFtZTgwMzcyMDk2MjE@._V1_QL75_UY140_CR55,0,140,140_.jpg', 'tt0095327'),
	('https://m.media-amazon.com/images/M/MV5BMTQ4NjY3ODQ2OF5BMl5BanBnXkFtZTgwOTYyMDk2MjE@._V1_QL75_UY140_CR55,0,140,140_.jpg', 'tt0095327'),
	('https://m.media-amazon.com/images/M/MV5BMjIwODE4MjM1OF5BMl5BanBnXkFtZTgwNTYyMDk2MjE@._V1_QL75_UY140_CR55,0,140,140_.jpg', 'tt0095327'),
	('https://m.media-amazon.com/images/M/MV5BMTQwMDAzNDM5MV5BMl5BanBnXkFtZTcwNjc5MDI2NQ@@._V1_QL75_UY140_CR24,0,140,140_.jpg', 'tt0095327'),
	('https://m.media-amazon.com/images/M/MV5BMTgwODM5MzE4M15BMl5BanBnXkFtZTcwNzc5MDI2NQ@@._V1_QL75_UY140_CR24,0,140,140_.jpg', 'tt0095327'),
	('https://m.media-amazon.com/images/M/MV5BMjM2MTIyMDIwMl5BMl5BanBnXkFtZTcwOTc5MDI2NQ@@._V1_QL75_UY140_CR24,0,140,140_.jpg', 'tt0095327'),
	('https://m.media-amazon.com/images/M/MV5BMjE3MzkwMTM4MV5BMl5BanBnXkFtZTcwMDg5MDI2NQ@@._V1_QL75_UY140_CR24,0,140,140_.jpg', 'tt0095327'),
	('https://m.media-amazon.com/images/M/MV5BMTMyMjE4ODA2OV5BMl5BanBnXkFtZTcwMTg5MDI2NQ@@._V1_QL75_UY140_CR24,0,140,140_.jpg', 'tt0095327'),
	('https://m.media-amazon.com/images/M/MV5BOGQ5NTE4MzAtOTY2YS00NTgwLWFmYjgtNDEwNjQyMzljNWEwXkEyXkFqcGdeQXVyMTM2ODk1OTQ@._V1_QL75_UX140_CR0,0,140,140_.jpg', 'tt0095327'),
	('https://m.media-amazon.com/images/M/MV5BNDg4ZjFlNWUtMTg5OC00MTU5LWI3MDAtMjU4MDVmNTEzNzI2XkEyXkFqcGdeQXVyNjI0MTA1MTM@._V1_QL75_UX140_CR0,0,140,140_.jpg', 'tt0095327'),
	('https://m.media-amazon.com/images/M/MV5BMTY1NjE0MzIwOF5BMl5BanBnXkFtZTcwNDE5NjM5Ng@@._V1_QL75_UX140_CR0,0,140,140_.jpg', 'tt0056058'),
	('https://m.media-amazon.com/images/M/MV5BMTUwMDc1MjY4MF5BMl5BanBnXkFtZTcwNTE5NjM5Ng@@._V1_QL75_UY140_CR29,0,140,140_.jpg', 'tt0056058'),
	('https://m.media-amazon.com/images/M/MV5BMTY5MTcxMjg0OF5BMl5BanBnXkFtZTcwNjE5NjM5Ng@@._V1_QL75_UY140_CR29,0,140,140_.jpg', 'tt0056058'),
	('https://m.media-amazon.com/images/M/MV5BMjI1NzA3NTg3MF5BMl5BanBnXkFtZTcwNzE5NjM5Ng@@._V1_QL75_UY140_CR30,0,140,140_.jpg', 'tt0056058'),
	('https://m.media-amazon.com/images/M/MV5BMTc4NjgzNjg5M15BMl5BanBnXkFtZTcwODE5NjM5Ng@@._V1_QL75_UX140_CR0,0,140,140_.jpg', 'tt0056058'),
	('https://m.media-amazon.com/images/M/MV5BOTA3Njg0NDA5MF5BMl5BanBnXkFtZTcwOTE5NjM5Ng@@._V1_QL75_UY140_CR20,0,140,140_.jpg', 'tt0056058'),
	('https://m.media-amazon.com/images/M/MV5BMTkwMDk3NDM3M15BMl5BanBnXkFtZTcwMDI5NjM5Ng@@._V1_QL75_UX140_CR0,0,140,140_.jpg', 'tt0056058'),
	('https://m.media-amazon.com/images/M/MV5BMTMyNjQ5NDIzM15BMl5BanBnXkFtZTcwMTI5NjM5Ng@@._V1_QL75_UY140_CR28,0,140,140_.jpg', 'tt0056058'),
	('https://m.media-amazon.com/images/M/MV5BM2FiMzJiMTYtY2RiNS00Y2ExLWJkMTYtNzJhMmZmMDlhMDQzXkEyXkFqcGdeQXVyNDI3NjU1NzQ@._V1_QL75_UX140_CR0,0,140,140_.jpg', 'tt0056058'),
	('https://m.media-amazon.com/images/M/MV5BNzBkNGE4YTItNTA3ZC00NmUwLWFkMmItN2I5ZTJhYjcyNjUwXkEyXkFqcGdeQXVyMTExNzQzMDE0._V1_QL75_UX140_CR0,0,140,140_.jpg', 'tt0056058'),
	('https://m.media-amazon.com/images/M/MV5BYmJkYWFiMWMtMDc3Yi00NDQxLWIxNmEtMTBjYWViN2M3MzEyXkEyXkFqcGdeQXVyMTM2ODk1OTQ@._V1_QL75_UX140_CR0,0,140,140_.jpg', 'tt0056058'),
	('https://m.media-amazon.com/images/M/MV5BMTg2MzMwNjk5Ml5BMl5BanBnXkFtZTgwNTQwOTkxMTE@._V1_QL75_UX140_CR0,0,140,140_.jpg', 'tt0056058'),
	('https://m.media-amazon.com/images/M/MV5BMTk5ODY2NjIwNl5BMl5BanBnXkFtZTcwNTA4Mjg3NA@@._V1_QL75_UY140_CR35,0,140,140_.jpg', 'tt0114814'),
	('https://m.media-amazon.com/images/M/MV5BMTc4NTQ5MTMyMF5BMl5BanBnXkFtZTcwOTA4Mjg3NA@@._V1_QL75_UY140_CR34,0,140,140_.jpg', 'tt0114814'),
	('https://m.media-amazon.com/images/M/MV5BMTMxMTc4MDkyMV5BMl5BanBnXkFtZTcwNDE4Mjg3NA@@._V1_QL75_UY140_CR35,0,140,140_.jpg', 'tt0114814'),
	('https://m.media-amazon.com/images/M/MV5BMTYxODY3NDk1Nl5BMl5BanBnXkFtZTcwNTE4Mjg3NA@@._V1_QL75_UY140_CR35,0,140,140_.jpg', 'tt0114814'),
	('https://m.media-amazon.com/images/M/MV5BMTYyNDUwMzU5OF5BMl5BanBnXkFtZTcwNjE4Mjg3NA@@._V1_QL75_UY140_CR34,0,140,140_.jpg', 'tt0114814'),
	('https://m.media-amazon.com/images/M/MV5BMjE0MTA5NjgyM15BMl5BanBnXkFtZTcwODE4Mjg3NA@@._V1_QL75_UY140_CR33,0,140,140_.jpg', 'tt0114814'),
	('https://m.media-amazon.com/images/M/MV5BMTQ2MzczOTU3MV5BMl5BanBnXkFtZTcwOTE4Mjg3NA@@._V1_QL75_UY140_CR35,0,140,140_.jpg', 'tt0114814'),
	('https://m.media-amazon.com/images/M/MV5BMTc0NDg1Mjc0OF5BMl5BanBnXkFtZTcwOTgwNzY3Mw@@._V1_QL75_UY140_CR35,0,140,140_.jpg', 'tt0114814'),
	('https://m.media-amazon.com/images/M/MV5BMTUxOTQ3OTY5Ml5BMl5BanBnXkFtZTcwMDkwNzY3Mw@@._V1_QL75_UY140_CR35,0,140,140_.jpg', 'tt0114814'),
	('https://m.media-amazon.com/images/M/MV5BMTM3MzIzMjU1N15BMl5BanBnXkFtZTcwMTkwNzY3Mw@@._V1_QL75_UY140_CR35,0,140,140_.jpg', 'tt0114814'),
	('https://m.media-amazon.com/images/M/MV5BNTA5NTIwOTQ5MF5BMl5BanBnXkFtZTcwMjkwNzY3Mw@@._V1_QL75_UY140_CR35,0,140,140_.jpg', 'tt0114814'),
	('https://m.media-amazon.com/images/M/MV5BMTA0MTM0NzEzMDVeQTJeQWpwZ15BbWU3MDM5MDc2NzM@._V1_QL75_UY140_CR35,0,140,140_.jpg', 'tt0114814'),
	('https://m.media-amazon.com/images/M/MV5BNmVhNjI1YTktYTAxZS00MTNjLTlkNmItMjI1NGYxOGZkYjdlXkEyXkFqcGdeQXVyMjQwMDg0Ng@@._V1_QL75_UX140_CR0,0,140,140_.jpg', 'tt0034583'),
	('https://m.media-amazon.com/images/M/MV5BMjE2MDMxNzk0NV5BMl5BanBnXkFtZTgwMjI1MTI2NDM@._V1_QL75_UY140_CR18,0,140,140_.jpg', 'tt0034583'),
	('https://m.media-amazon.com/images/M/MV5BMTg4ODYyODcxM15BMl5BanBnXkFtZTgwMzI1MTI2NDM@._V1_QL75_UY140_CR19,0,140,140_.jpg', 'tt0034583'),
	('https://m.media-amazon.com/images/M/MV5BMTkxOTc1NjI0Ml5BMl5BanBnXkFtZTgwODA1MTI2NDM@._V1_QL75_UY140_CR17,0,140,140_.jpg', 'tt0034583'),
	('https://m.media-amazon.com/images/M/MV5BMTk4NDUxNzI1MV5BMl5BanBnXkFtZTgwOTA1MTI2NDM@._V1_QL75_UY140_CR18,0,140,140_.jpg', 'tt0034583'),
	('https://m.media-amazon.com/images/M/MV5BMjE2OTA3OTkxNF5BMl5BanBnXkFtZTgwMDE1MTI2NDM@._V1_QL75_UX140_CR0,0,140,140_.jpg', 'tt0034583'),
	('https://m.media-amazon.com/images/M/MV5BMjA2MzY0MjU4N15BMl5BanBnXkFtZTgwMTE1MTI2NDM@._V1_QL75_UX140_CR0,0,140,140_.jpg', 'tt0034583'),
	('https://m.media-amazon.com/images/M/MV5BMzYxNjMxOTA3MV5BMl5BanBnXkFtZTgwMjE1MTI2NDM@._V1_QL75_UY140_CR20,0,140,140_.jpg', 'tt0034583'),
	('https://m.media-amazon.com/images/M/MV5BMTg5Mzg3MzI4Ml5BMl5BanBnXkFtZTgwMzE1MTI2NDM@._V1_QL75_UX140_CR0,0,140,140_.jpg', 'tt0034583'),
	('https://m.media-amazon.com/images/M/MV5BNjQ2NjM4NDA1M15BMl5BanBnXkFtZTgwNDE1MTI2NDM@._V1_QL75_UX140_CR0,0,140,140_.jpg', 'tt0034583'),
	('https://m.media-amazon.com/images/M/MV5BMjE3MzQzMjU1MV5BMl5BanBnXkFtZTgwNTE1MTI2NDM@._V1_QL75_UY140_CR19,0,140,140_.jpg', 'tt0034583'),
	('https://m.media-amazon.com/images/M/MV5BMTU0MTE3MzYyMl5BMl5BanBnXkFtZTgwNjE1MTI2NDM@._V1_QL75_UX140_CR0,0,140,140_.jpg', 'tt0034583'),
	('https://m.media-amazon.com/images/M/MV5BMTgzOTM1OTY1OV5BMl5BanBnXkFtZTcwOTE5NzQ3Nw@@._V1_QL75_UY140_CR35,0,140,140_.jpg', 'tt1675434'),
	('https://m.media-amazon.com/images/M/MV5BMTU4MzE2ODUwNV5BMl5BanBnXkFtZTcwMzM5NzQ3Nw@@._V1_QL75_UY140_CR35,0,140,140_.jpg', 'tt1675434'),
	('https://m.media-amazon.com/images/M/MV5BMjI4MTk0ODA1OV5BMl5BanBnXkFtZTcwMjQ5NzQ3Nw@@._V1_QL75_UY140_CR36,0,140,140_.jpg', 'tt1675434'),
	('https://m.media-amazon.com/images/M/MV5BOTU0ODk2NTcxOF5BMl5BanBnXkFtZTcwMDAyMjkyNw@@._V1_QL75_UX140_CR0,0,140,140_.jpg', 'tt1675434'),
	('https://m.media-amazon.com/images/M/MV5BMjIxNjg1MTY1N15BMl5BanBnXkFtZTcwMjAyMjkyNw@@._V1_QL75_UY140_CR36,0,140,140_.jpg', 'tt1675434'),
	('https://m.media-amazon.com/images/M/MV5BMTYyNjgzMjM0NV5BMl5BanBnXkFtZTcwMzAyMjkyNw@@._V1_QL75_UY140_CR36,0,140,140_.jpg', 'tt1675434'),
	('https://m.media-amazon.com/images/M/MV5BMTQwOTE2MDM1MV5BMl5BanBnXkFtZTcwNTAyMjkyNw@@._V1_QL75_UY140_CR36,0,140,140_.jpg', 'tt1675434'),
	('https://m.media-amazon.com/images/M/MV5BMTU1OTA1OTU0M15BMl5BanBnXkFtZTcwNjAyMjkyNw@@._V1_QL75_UY140_CR36,0,140,140_.jpg', 'tt1675434'),
	('https://m.media-amazon.com/images/M/MV5BMTEyNzIxMjc3NTBeQTJeQWpwZ15BbWU3MDcwMjI5Mjc@._V1_QL75_UX140_CR0,0,140,140_.jpg', 'tt1675434'),
	('https://m.media-amazon.com/images/M/MV5BMTQxNzg2ODA3M15BMl5BanBnXkFtZTcwODAyMjkyNw@@._V1_QL75_UY140_CR36,0,140,140_.jpg', 'tt1675434'),
	('https://m.media-amazon.com/images/M/MV5BMTMzMTc0MDY5NF5BMl5BanBnXkFtZTcwMDEyMjkyNw@@._V1_QL75_UY140_CR35,0,140,140_.jpg', 'tt1675434'),
	('https://m.media-amazon.com/images/M/MV5BMjMxNzAwOTc2N15BMl5BanBnXkFtZTcwMjEyMjkyNw@@._V1_QL75_UY140_CR36,0,140,140_.jpg', 'tt1675434'),
	('https://m.media-amazon.com/images/M/MV5BMjE2OTc3NzA3MF5BMl5BanBnXkFtZTcwMDg2NzIwNw@@._V1_QL75_UY140_CR31,0,140,140_.jpg', 'tt0095765'),
	('https://m.media-amazon.com/images/M/MV5BMjAyNjcxODg3N15BMl5BanBnXkFtZTcwMTg2NzIwNw@@._V1_QL75_UY140_CR55,0,140,140_.jpg', 'tt0095765'),
	('https://m.media-amazon.com/images/M/MV5BMTA5OTExMTM5MjheQTJeQWpwZ15BbWU3MDI4NjcyMDc@._V1_QL75_UY140_CR55,0,140,140_.jpg', 'tt0095765'),
	('https://m.media-amazon.com/images/M/MV5BMjA5NzU1Mjc2Ml5BMl5BanBnXkFtZTcwMzg2NzIwNw@@._V1_QL75_UY140_CR55,0,140,140_.jpg', 'tt0095765'),
	('https://m.media-amazon.com/images/M/MV5BODQ3Mzg2OTgyMF5BMl5BanBnXkFtZTcwNDg2NzIwNw@@._V1_QL75_UY140_CR55,0,140,140_.jpg', 'tt0095765'),
	('https://m.media-amazon.com/images/M/MV5BMTU2MzE2OTE0N15BMl5BanBnXkFtZTcwNTg2NzIwNw@@._V1_QL75_UY140_CR55,0,140,140_.jpg', 'tt0095765'),
	('https://m.media-amazon.com/images/M/MV5BMTYxMzI3NzcyM15BMl5BanBnXkFtZTcwNjg2NzIwNw@@._V1_QL75_UY140_CR55,0,140,140_.jpg', 'tt0095765'),
	('https://m.media-amazon.com/images/M/MV5BMTUyMTI4NDE1N15BMl5BanBnXkFtZTcwNzg2NzIwNw@@._V1_QL75_UY140_CR55,0,140,140_.jpg', 'tt0095765'),
	('https://m.media-amazon.com/images/M/MV5BMzAyMDcyMjE5Ml5BMl5BanBnXkFtZTYwNzU4ODQ3._V1_QL75_UY140_CR42,0,140,140_.jpg', 'tt0095765'),
	('https://m.media-amazon.com/images/M/MV5BMTY0Mjk3OTczMl5BMl5BanBnXkFtZTYwOTU4ODQ3._V1_QL75_UX140_CR0,0,140,140_.jpg', 'tt0095765'),
	('https://m.media-amazon.com/images/M/MV5BMDg0ZTZlMTktNTU4NC00MGIyLWFhNDYtN2M3YzE3NWY5ZTA1XkEyXkFqcGdeQXVyNDI3NjU1NzQ@._V1_QL75_UX140_CR0,0,140,140_.jpg', 'tt0095765'),
	('https://m.media-amazon.com/images/M/MV5BOGNjNjkyMmMtYzQ3MC00MzdmLWEzNjYtYTNkYjVjMmE3NGZkXkEyXkFqcGdeQXVyODIyOTEyMzY@._V1_QL75_UX140_CR0,0,140,140_.jpg', 'tt0095765'),
	('https://m.media-amazon.com/images/M/MV5BMjA4ODM4NDc5MF5BMl5BanBnXkFtZTcwNTc0NDQyNw@@._V1_QL75_UX140_CR0,0,140,140_.jpg', 'tt0027977'),
	('https://m.media-amazon.com/images/M/MV5BMzUwNDQyNDc0N15BMl5BanBnXkFtZTcwNjc0NDQyNw@@._V1_QL75_UX140_CR0,0,140,140_.jpg', 'tt0027977'),
	('https://m.media-amazon.com/images/M/MV5BMjAxNzQ0ODgzNF5BMl5BanBnXkFtZTcwNzc0NDQyNw@@._V1_QL75_UY140_CR30,0,140,140_.jpg', 'tt0027977'),
	('https://m.media-amazon.com/images/M/MV5BMTU2NDA1NTUzOV5BMl5BanBnXkFtZTcwODc0NDQyNw@@._V1_QL75_UY140_CR30,0,140,140_.jpg', 'tt0027977'),
	('https://m.media-amazon.com/images/M/MV5BMjE5ODgxNDk1OV5BMl5BanBnXkFtZTcwODc3NzE5Ng@@._V1_QL75_UY140_CR25,0,140,140_.jpg', 'tt0027977'),
	('https://m.media-amazon.com/images/M/MV5BMjA0NTI5MDE1NV5BMl5BanBnXkFtZTcwMDg3NzE5Ng@@._V1_QL75_UY140_CR25,0,140,140_.jpg', 'tt0027977'),
	('https://m.media-amazon.com/images/M/MV5BMTUzMTgwNDE3M15BMl5BanBnXkFtZTcwNDA4Njc0NQ@@._V1_QL75_UY140_CR25,0,140,140_.jpg', 'tt0027977'),
	('https://m.media-amazon.com/images/M/MV5BMTM4MDUzNTgyNl5BMl5BanBnXkFtZTcwNTA4Njc0NQ@@._V1_QL75_UY140_CR25,0,140,140_.jpg', 'tt0027977'),
	('https://m.media-amazon.com/images/M/MV5BMTM2MDgzNjM2Nl5BMl5BanBnXkFtZTcwNjA4Njc0NQ@@._V1_QL75_UY140_CR25,0,140,140_.jpg', 'tt0027977'),
	('https://m.media-amazon.com/images/M/MV5BMjA1Mzg4NjU4N15BMl5BanBnXkFtZTcwNzA4Njc0NQ@@._V1_QL75_UY140_CR25,0,140,140_.jpg', 'tt0027977'),
	('https://m.media-amazon.com/images/M/MV5BMTczMTgyMTI2OV5BMl5BanBnXkFtZTcwODA4Njc0NQ@@._V1_QL75_UY140_CR24,0,140,140_.jpg', 'tt0027977'),
	('https://m.media-amazon.com/images/M/MV5BMTMxOTE3MDI0NV5BMl5BanBnXkFtZTcwMDE4Njc0NQ@@._V1_QL75_UY140_CR25,0,140,140_.jpg', 'tt0027977'),
	('https://m.media-amazon.com/images/M/MV5BZmM4OGFiY2MtY2M2MS00MDhiLWJlMTUtOThjNWZhNTJiZDAyXkEyXkFqcGdeQXVyODk4OTc3MTY@._V1_QL75_UX140_CR0,0,140,140_.jpg', 'tt0047396'),
	('https://m.media-amazon.com/images/M/MV5BNzAyYjQ5NTQtZTg2MC00ODNjLThkMDktOGNiZjYyYTc3MDJlXkEyXkFqcGdeQXVyODk4OTc3MTY@._V1_QL75_UX140_CR0,0,140,140_.jpg', 'tt0047396'),
	('https://m.media-amazon.com/images/M/MV5BOTJkN2U2YzEtMWRmYS00YzNkLTk0YjYtMGYzZjY4MzYwZDAyXkEyXkFqcGdeQXVyODk4OTc3MTY@._V1_QL75_UY140_CR39,0,140,140_.jpg', 'tt0047396'),
	('https://m.media-amazon.com/images/M/MV5BYzIyM2E2NzgtZjg3YS00MDZmLTk4MGItNGEyYWNiM2Y4NTUzXkEyXkFqcGdeQXVyODk4OTc3MTY@._V1_QL75_UY140_CR18,0,140,140_.jpg', 'tt0047396'),
	('https://m.media-amazon.com/images/M/MV5BODMyOGViYTctNDAwOC00MDZlLWE4YmQtMmYwZGVmMzM0YWJhXkEyXkFqcGdeQXVyODk4OTc3MTY@._V1_QL75_UY140_CR20,0,140,140_.jpg', 'tt0047396'),
	('https://m.media-amazon.com/images/M/MV5BY2JmMDg3YmYtZGM0MC00YmQ1LWE2ZWItOGFiNWJmNTljZmM5XkEyXkFqcGdeQXVyMDc2NTEzMw@@._V1_QL75_UX140_CR0,0,140,140_.jpg', 'tt0047396'),
	('https://m.media-amazon.com/images/M/MV5BMGUwNzBlMzMtOWFjYy00MTQ5LWI5ZWQtZjg4OGExOTMzYzY1XkEyXkFqcGdeQXVyMDc2NTEzMw@@._V1_QL75_UX140_CR0,0,140,140_.jpg', 'tt0047396'),
	('https://m.media-amazon.com/images/M/MV5BMjIwNzM0Mzc2MV5BMl5BanBnXkFtZTgwODAxODUyMTI@._V1_QL75_UY140_CR24,0,140,140_.jpg', 'tt0047396'),
	('https://m.media-amazon.com/images/M/MV5BMTM5NTYwMjEzM15BMl5BanBnXkFtZTcwNjYzMjAyNw@@._V1_QL75_UY140_CR20,0,140,140_.jpg', 'tt0047396'),
	('https://m.media-amazon.com/images/M/MV5BMjMyNDkzNDM0MV5BMl5BanBnXkFtZTcwNzYzMjAyNw@@._V1_QL75_UY140_CR29,0,140,140_.jpg', 'tt0047396'),
	('https://m.media-amazon.com/images/M/MV5BMTg0NjA5NDcyN15BMl5BanBnXkFtZTcwMTc5MDkzNQ@@._V1_QL75_UY140_CR34,0,140,140_.jpg', 'tt0047396'),
	('https://m.media-amazon.com/images/M/MV5BMTQzNTQxMTY5N15BMl5BanBnXkFtZTcwNDc5MDkzNQ@@._V1_QL75_UY140_CR34,0,140,140_.jpg', 'tt0047396'),
	('https://m.media-amazon.com/images/M/MV5BYWRkZmZkYmMtZjQ1Ni00MGQwLTkxZjUtOWU3ODlkZDRmY2FjXkEyXkFqcGdeQXVyMDc2NTEzMw@@._V1_QL75_UX140_CR0,0,140,140_.jpg', 'tt0064116'),
	('https://m.media-amazon.com/images/M/MV5BMTM2NTQ2MzkwNV5BMl5BanBnXkFtZTcwMjU1ODIwNw@@._V1_QL75_UY140_CR28,0,140,140_.jpg', 'tt0064116'),
	('https://m.media-amazon.com/images/M/MV5BMjA1Njg3ODA2MF5BMl5BanBnXkFtZTcwNDU1ODIwNw@@._V1_QL75_UY140_CR20,0,140,140_.jpg', 'tt0064116'),
	('https://m.media-amazon.com/images/M/MV5BMTgzNDM5NTY3NF5BMl5BanBnXkFtZTcwNjA4MTc4Mw@@._V1_QL75_UY140_CR26,0,140,140_.jpg', 'tt0064116'),
	('https://m.media-amazon.com/images/M/MV5BMTgyNjc4NTM1MV5BMl5BanBnXkFtZTcwNzA4MTc4Mw@@._V1_QL75_UY140_CR26,0,140,140_.jpg', 'tt0064116'),
	('https://m.media-amazon.com/images/M/MV5BMjgyODk4MTIwOF5BMl5BanBnXkFtZTcwODA4MTc4Mw@@._V1_QL75_UY140_CR26,0,140,140_.jpg', 'tt0064116'),
	('https://m.media-amazon.com/images/M/MV5BMTQyODg4NTA1NF5BMl5BanBnXkFtZTcwOTYwMTUzNw@@._V1_QL75_UY140_CR35,0,140,140_.jpg', 'tt0064116'),
	('https://m.media-amazon.com/images/M/MV5BNDk5OTcyMjQzM15BMl5BanBnXkFtZTcwMzU1ODIwNw@@._V1_QL75_UX140_CR0,0,140,140_.jpg', 'tt0064116'),
	('https://m.media-amazon.com/images/M/MV5BNzZiNjA5NzMtOGU1My00NjRiLTg4ODQtMTllNTNlZjYxNjQ3XkEyXkFqcGdeQXVyMTAyOTE2ODg0._V1_QL75_UX140_CR0,0,140,140_.jpg', 'tt0064116'),
	('https://m.media-amazon.com/images/M/MV5BMTYxOTEwOTU0MV5BMl5BanBnXkFtZTgwNDc4NjQ3MTI@._V1_QL75_UX140_CR0,0,140,140_.jpg', 'tt0064116'),
	('https://m.media-amazon.com/images/M/MV5BODg2NDIyODM2NV5BMl5BanBnXkFtZTgwMjI4OTU0MTE@._V1_QL75_UX140_CR0,0,140,140_.jpg', 'tt0064116'),
	('https://m.media-amazon.com/images/M/MV5BNTg1NTcyNjc2M15BMl5BanBnXkFtZTgwMzI4OTU0MTE@._V1_QL75_UX140_CR0,0,140,140_.jpg', 'tt0064116'),
	('https://m.media-amazon.com/images/M/MV5BZDY1ZGY0MGQtNDhjNi00OGUyLTg4YTAtNWNlNTkyYzJjNTdjXkEyXkFqcGdeQXVyMDc2NTEzMw@@._V1_QL75_UY140_CR34,0,140,140_.jpg', 'tt0078748'),
	('https://m.media-amazon.com/images/M/MV5BNDA2NjNjMWYtZGZkNC00ODQ2LTk0MDAtMGRhMTliOTE4MTMyXkEyXkFqcGdeQXVyMDc2NTEzMw@@._V1_QL75_UY140_CR36,0,140,140_.jpg', 'tt0078748'),
	('https://m.media-amazon.com/images/M/MV5BZTc2NWU1NDMtNmVlYS00MTUyLTlkYjctZDcxNTgwMjRiYTNjXkEyXkFqcGdeQXVyMDc2NTEzMw@@._V1_QL75_UY140_CR33,0,140,140_.jpg', 'tt0078748'),
	('https://m.media-amazon.com/images/M/MV5BOTk3ODg1Nzg3NV5BMl5BanBnXkFtZTgwNDU0ODQ3NTM@._V1_QL75_UY140_CR55,0,140,140_.jpg', 'tt0078748'),
	('https://m.media-amazon.com/images/M/MV5BMTkzNDEwNDE3MV5BMl5BanBnXkFtZTgwNzg5MDMyNTM@._V1_QL75_UX140_CR0,0,140,140_.jpg', 'tt0078748'),
	('https://m.media-amazon.com/images/M/MV5BNzc3NTY1NzY2MV5BMl5BanBnXkFtZTcwMjEzMjcxOA@@._V1_QL75_UX140_CR0,0,140,140_.jpg', 'tt0078748'),
	('https://m.media-amazon.com/images/M/MV5BMTMzNDM1Mzg0NF5BMl5BanBnXkFtZTcwOTk5NzAxNA@@._V1_QL75_UY140_CR35,0,140,140_.jpg', 'tt0078748'),
	('https://m.media-amazon.com/images/M/MV5BMTY4ODQyNjczMl5BMl5BanBnXkFtZTcwMTAwODAxNA@@._V1_QL75_UY140_CR34,0,140,140_.jpg', 'tt0078748'),
	('https://m.media-amazon.com/images/M/MV5BMjQ1MTI3OTM0Ml5BMl5BanBnXkFtZTcwMzAwODAxNA@@._V1_QL75_UY140_CR34,0,140,140_.jpg', 'tt0078748'),
	('https://m.media-amazon.com/images/M/MV5BMjI3NzU0NjAzM15BMl5BanBnXkFtZTcwNDAwODAxNA@@._V1_QL75_UX140_CR0,0,140,140_.jpg', 'tt0078748'),
	('https://m.media-amazon.com/images/M/MV5BMTU2ODk5MjE0OV5BMl5BanBnXkFtZTcwNTAwODAxNA@@._V1_QL75_UX140_CR0,0,140,140_.jpg', 'tt0078748'),
	('https://m.media-amazon.com/images/M/MV5BMjE1OTc3OTAxN15BMl5BanBnXkFtZTcwMDM2NTUyMw@@._V1_QL75_UY140_CR35,0,140,140_.jpg', 'tt0078748'),
	('https://m.media-amazon.com/images/M/MV5BMTk5OTUwMTUzMF5BMl5BanBnXkFtZTcwOTAzMDMyNw@@._V1_QL75_UX140_CR0,0,140,140_.jpg', 'tt0021749'),
	('https://m.media-amazon.com/images/M/MV5BMTc5NDAyOTIwNF5BMl5BanBnXkFtZTcwMDEzMDMyNw@@._V1_QL75_UY140_CR29,0,140,140_.jpg', 'tt0021749'),
	('https://m.media-amazon.com/images/M/MV5BMjMyMTA5NDk3NV5BMl5BanBnXkFtZTcwMTEzMDMyNw@@._V1_QL75_UX140_CR0,0,140,140_.jpg', 'tt0021749'),
	('https://m.media-amazon.com/images/M/MV5BMTM2NjE5ODIwOV5BMl5BanBnXkFtZTcwMjEzMDMyNw@@._V1_QL75_UY140_CR31,0,140,140_.jpg', 'tt0021749'),
	('https://m.media-amazon.com/images/M/MV5BMTM5MTM4NzQzNV5BMl5BanBnXkFtZTcwMzEzMDMyNw@@._V1_QL75_UY140_CR28,0,140,140_.jpg', 'tt0021749'),
	('https://m.media-amazon.com/images/M/MV5BMjAzMzc0NTA0Nl5BMl5BanBnXkFtZTcwNDEzMDMyNw@@._V1_QL75_UY140_CR29,0,140,140_.jpg', 'tt0021749'),
	('https://m.media-amazon.com/images/M/MV5BMTM4MzQ2NzAwMF5BMl5BanBnXkFtZTcwNTEzMDMyNw@@._V1_QL75_UY140_CR30,0,140,140_.jpg', 'tt0021749'),
	('https://m.media-amazon.com/images/M/MV5BNTIzODMwODU2NF5BMl5BanBnXkFtZTcwNzY3NzE5Ng@@._V1_QL75_UY140_CR25,0,140,140_.jpg', 'tt0021749'),
	('https://m.media-amazon.com/images/M/MV5BMTM4OTM0ODU1Ml5BMl5BanBnXkFtZTcwODY3NzE5Ng@@._V1_QL75_UY140_CR25,0,140,140_.jpg', 'tt0021749'),
	('https://m.media-amazon.com/images/M/MV5BMjA0Mjg5MjcxMV5BMl5BanBnXkFtZTcwOTY3NzE5Ng@@._V1_QL75_UY140_CR24,0,140,140_.jpg', 'tt0021749'),
	('https://m.media-amazon.com/images/M/MV5BMTU3NjQ2NjU4Nl5BMl5BanBnXkFtZTYwMDc1MjY3._V1_QL75_UX140_CR0,0,140,140_.jpg', 'tt0021749'),
	('https://m.media-amazon.com/images/M/MV5BMTkwODIxMjgyMl5BMl5BanBnXkFtZTYwNjc1MjY3._V1_QL75_UX140_CR0,0,140,140_.jpg', 'tt0021749'),
	('https://m.media-amazon.com/images/M/MV5BMTY2Mzg1ODYyOF5BMl5BanBnXkFtZTcwOTgwMzQ3OA@@._V1_QL75_UY140_CR30,0,140,140_.jpg', 'tt1853728'),
	('https://m.media-amazon.com/images/M/MV5BMTY0NzU1Nzk2MF5BMl5BanBnXkFtZTcwNjE4Mzg2OA@@._V1_QL75_UX140_CR0,0,140,140_.jpg', 'tt1853728'),
	('https://m.media-amazon.com/images/M/MV5BMjMzMTMxNjMyNV5BMl5BanBnXkFtZTcwNzE4Mzg2OA@@._V1_QL75_UY140_CR30,0,140,140_.jpg', 'tt1853728'),
	('https://m.media-amazon.com/images/M/MV5BMTYxNDY5ODQ4MF5BMl5BanBnXkFtZTcwODE4Mzg2OA@@._V1_QL75_UY140_CR30,0,140,140_.jpg', 'tt1853728'),
	('https://m.media-amazon.com/images/M/MV5BMTc3OTc3NzUyOV5BMl5BanBnXkFtZTcwOTE4Mzg2OA@@._V1_QL75_UY140_CR30,0,140,140_.jpg', 'tt1853728'),
	('https://m.media-amazon.com/images/M/MV5BMjEyODQxNDE3NV5BMl5BanBnXkFtZTcwMDI4Mzg2OA@@._V1_QL75_UX140_CR0,0,140,140_.jpg', 'tt1853728'),
	('https://m.media-amazon.com/images/M/MV5BMTYwNzQxNjgxOF5BMl5BanBnXkFtZTcwMTI4Mzg2OA@@._V1_QL75_UY140_CR30,0,140,140_.jpg', 'tt1853728'),
	('https://m.media-amazon.com/images/M/MV5BMjA5MTQ0NjQ5MV5BMl5BanBnXkFtZTcwMjI4Mzg2OA@@._V1_QL75_UX140_CR0,0,140,140_.jpg', 'tt1853728'),
	('https://m.media-amazon.com/images/M/MV5BMTQ1MDcyODg0M15BMl5BanBnXkFtZTcwMzI4Mzg2OA@@._V1_QL75_UY140_CR72,0,140,140_.jpg', 'tt1853728'),
	('https://m.media-amazon.com/images/M/MV5BMTQ5Nzc4ODY0NF5BMl5BanBnXkFtZTcwNDI4Mzg2OA@@._V1_QL75_UY140_CR61,0,140,140_.jpg', 'tt1853728'),
	('https://m.media-amazon.com/images/M/MV5BMTQ1MzI1MTkyNV5BMl5BanBnXkFtZTcwNTI4Mzg2OA@@._V1_QL75_UY140_CR30,0,140,140_.jpg', 'tt1853728'),
	('https://m.media-amazon.com/images/M/MV5BODUyNzEwNDkzNl5BMl5BanBnXkFtZTcwMzcwMDYzOA@@._V1_QL75_UY140_CR30,0,140,140_.jpg', 'tt1853728'),
	('https://m.media-amazon.com/images/M/MV5BNzFkOTFjN2EtZjIwYy00MmFlLTk1ODEtZTFkODdlM2UyMzhiXkEyXkFqcGdeQXVyNTgzMzk4NDQ@._V1_QL75_UY140_CR95,0,140,140_.jpg', 'tt0078788'),
	('https://m.media-amazon.com/images/M/MV5BZmVjMGE3ZjktMGZjMi00ZjM5LTgxMDMtNmI3ZjZiNmYyOTY2XkEyXkFqcGdeQXVyNTgzMzk4NDQ@._V1_QL75_UY140_CR95,0,140,140_.jpg', 'tt0078788'),
	('https://m.media-amazon.com/images/M/MV5BNjgzZjAxM2QtMTczMi00MjYxLTg1ZGYtYjM3OTI0NTI2YjI2XkEyXkFqcGdeQXVyNTgzMzk4NDQ@._V1_QL75_UY140_CR95,0,140,140_.jpg', 'tt0078788'),
	('https://m.media-amazon.com/images/M/MV5BMTMzNzc0NDg2OF5BMl5BanBnXkFtZTcwNjQxMTkzNQ@@._V1_QL75_UY140_CR98,0,140,140_.jpg', 'tt0078788'),
	('https://m.media-amazon.com/images/M/MV5BMTk4NzI5NzEwM15BMl5BanBnXkFtZTcwNzQxMTkzNQ@@._V1_QL75_UX140_CR0,0,140,140_.jpg', 'tt0078788'),
	('https://m.media-amazon.com/images/M/MV5BMTA3MjgxNTA2NjZeQTJeQWpwZ15BbWU3MDA1MTE5MzU@._V1_QL75_UY140_CR35,0,140,140_.jpg', 'tt0078788'),
	('https://m.media-amazon.com/images/M/MV5BMTUwNjY1NDM1NV5BMl5BanBnXkFtZTcwMTUxMTkzNQ@@._V1_QL75_UY140_CR95,0,140,140_.jpg', 'tt0078788'),
	('https://m.media-amazon.com/images/M/MV5BOTQyMTk3Njg3NF5BMl5BanBnXkFtZTcwMjUxMTkzNQ@@._V1_QL75_UY140_CR95,0,140,140_.jpg', 'tt0078788'),
	('https://m.media-amazon.com/images/M/MV5BMTM5ODg4NjY1M15BMl5BanBnXkFtZTcwMTUyNDY4Mw@@._V1_QL75_UY140_CR33,0,140,140_.jpg', 'tt0078788'),
	('https://m.media-amazon.com/images/M/MV5BMTM0OTEzNTQ5MF5BMl5BanBnXkFtZTcwNDUyNDY4Mw@@._V1_QL75_UY140_CR33,0,140,140_.jpg', 'tt0078788'),
	('https://m.media-amazon.com/images/M/MV5BMjQwMjUwNTM0MV5BMl5BanBnXkFtZTcwODUyNDY4Mw@@._V1_QL75_UY140_CR33,0,140,140_.jpg', 'tt0078788'),
	('https://m.media-amazon.com/images/M/MV5BMTg3MDYwNzI5NV5BMl5BanBnXkFtZTcwMTYyNDY4Mw@@._V1_QL75_UX140_CR0,0,140,140_.jpg', 'tt0078788'),
	('https://m.media-amazon.com/images/M/MV5BMjc5NzUzNzAwOF5BMl5BanBnXkFtZTcwMjY0NzY2NA@@._V1_QL75_UY140_CR35,0,140,140_.jpg', 'tt0209144'),
	('https://m.media-amazon.com/images/M/MV5BMTQyNzU3MDU0OF5BMl5BanBnXkFtZTcwMzY0NzY2NA@@._V1_QL75_UY140_CR34,0,140,140_.jpg', 'tt0209144'),
	('https://m.media-amazon.com/images/M/MV5BMTU3ODA5Mjc5NF5BMl5BanBnXkFtZTcwNDY0NzY2NA@@._V1_QL75_UY140_CR36,0,140,140_.jpg', 'tt0209144'),
	('https://m.media-amazon.com/images/M/MV5BMTY2NzE4OTE4Nl5BMl5BanBnXkFtZTcwNTY0NzY2NA@@._V1_QL75_UY140_CR35,0,140,140_.jpg', 'tt0209144'),
	('https://m.media-amazon.com/images/M/MV5BMTU2Nzc3Mzc2Nl5BMl5BanBnXkFtZTcwNjY0NzY2NA@@._V1_QL75_UX140_CR0,0,140,140_.jpg', 'tt0209144'),
	('https://m.media-amazon.com/images/M/MV5BMjI1NjczNjI0OV5BMl5BanBnXkFtZTYwOTMwNzc3._V1_QL75_UY140_CR34,0,140,140_.jpg', 'tt0209144'),
	('https://m.media-amazon.com/images/M/MV5BMTQwNTUyODI5OF5BMl5BanBnXkFtZTYwMTQwNzc3._V1_QL75_UY140_CR27,0,140,140_.jpg', 'tt0209144'),
	('https://m.media-amazon.com/images/M/MV5BMTMxMTIwMzAyM15BMl5BanBnXkFtZTYwNTQwNzc3._V1_QL75_UY140_CR34,0,140,140_.jpg', 'tt0209144'),
	('https://m.media-amazon.com/images/M/MV5BMTM2OTQxMDIxM15BMl5BanBnXkFtZTYwNjQwNzc3._V1_QL75_UY140_CR35,0,140,140_.jpg', 'tt0209144'),
	('https://m.media-amazon.com/images/M/MV5BMTI2NzQyMTE4N15BMl5BanBnXkFtZTYwMDUwNzc3._V1_QL75_UY140_CR35,0,140,140_.jpg', 'tt0209144'),
	('https://m.media-amazon.com/images/M/MV5BMjA3MDc5MTMxMF5BMl5BanBnXkFtZTYwOTQwNzc3._V1_QL75_UY140_CR27,0,140,140_.jpg', 'tt0209144'),
	('https://m.media-amazon.com/images/M/MV5BNzc3NjUyNDg2OV5BMl5BanBnXkFtZTgwODcwMjY1NDM@._V1_QL75_UY140_CR39,0,140,140_.jpg', 'tt0209144'),
	('https://m.media-amazon.com/images/M/MV5BODQxYmE2NjEtM2RhMi00ZDJhLWJlNGMtZjU1ODYwNGJkNTk2XkEyXkFqcGdeQXVyMTAyOTc1ODQy._V1_QL75_UY140_CR55,0,140,140_.jpg', 'tt0910970'),
	('https://m.media-amazon.com/images/M/MV5BMTMyOTk0NDMwMF5BMl5BanBnXkFtZTcwMzgwMzMzMw@@._V1_QL75_UY140_CR0,0,140,140_.jpg', 'tt0910970'),
	('https://m.media-amazon.com/images/M/MV5BNDExNzM3Mzc2MV5BMl5BanBnXkFtZTcwMDIwMzMzMw@@._V1_QL75_UY140_CR81,0,140,140_.jpg', 'tt0910970'),
	('https://m.media-amazon.com/images/M/MV5BMjE4MTcwMTM1Nl5BMl5BanBnXkFtZTcwMTIwMzMzMw@@._V1_QL75_UY140_CR34,0,140,140_.jpg', 'tt0910970'),
	('https://m.media-amazon.com/images/M/MV5BMTI5NzY4NDQ3OV5BMl5BanBnXkFtZTcwNDIwMzMzMw@@._V1_QL75_UY140_CR98,0,140,140_.jpg', 'tt0910970'),
	('https://m.media-amazon.com/images/M/MV5BNzM0OTU2NzM0NV5BMl5BanBnXkFtZTcwNjIwMzMzMw@@._V1_QL75_UY140_CR31,0,140,140_.jpg', 'tt0910970'),
	('https://m.media-amazon.com/images/M/MV5BMTA3MDk4ODkyNDFeQTJeQWpwZ15BbWU3MDcyMDMzMzM@._V1_QL75_UY140_CR98,0,140,140_.jpg', 'tt0910970'),
	('https://m.media-amazon.com/images/M/MV5BNjAxMjMzNDY1NV5BMl5BanBnXkFtZTcwODIwMzMzMw@@._V1_QL75_UY140_CR98,0,140,140_.jpg', 'tt0910970'),
	('https://m.media-amazon.com/images/M/MV5BMjE2NDMyNTE3Ml5BMl5BanBnXkFtZTcwOTIwMzMzMw@@._V1_QL75_UY140_CR98,0,140,140_.jpg', 'tt0910970'),
	('https://m.media-amazon.com/images/M/MV5BMTM5Njk4NjgyM15BMl5BanBnXkFtZTcwMDMwMzMzMw@@._V1_QL75_UY140_CR98,0,140,140_.jpg', 'tt0910970'),
	('https://m.media-amazon.com/images/M/MV5BMTMwMTIxMTQ4M15BMl5BanBnXkFtZTcwMjMwMzMzMw@@._V1_QL75_UY140_CR98,0,140,140_.jpg', 'tt0910970'),
	('https://m.media-amazon.com/images/M/MV5BMzMxNjYxNTA2N15BMl5BanBnXkFtZTcwMzMwMzMzMw@@._V1_QL75_UY140_CR98,0,140,140_.jpg', 'tt0910970'),
	('https://m.media-amazon.com/images/M/MV5BZTgzMTMxODEtMGRkZi00YmNhLTg5MWUtYmY3MGUxNTAyZjkwXkEyXkFqcGdeQXVyMTYzMTU3Njgx._V1_QL75_UX140_CR0,0,140,140_.jpg', 'tt23849204'),
	('https://m.media-amazon.com/images/M/MV5BOTJlY2U2ZmYtMzU3Ny00ZDI3LWEwMDYtOWIxNzdhZDI5ZWRkXkEyXkFqcGdeQXVyMTY3ODkyNDkz._V1_QL75_UX140_CR0,0,140,140_.jpg', 'tt23849204'),
	('https://m.media-amazon.com/images/M/MV5BMGIxZTkxZGQtMzEwNy00ZTEzLTk2ZmMtZDRkZWEyMDQxZDc3XkEyXkFqcGdeQXVyMTU0ODI1NTA2._V1_QL75_UY140_CR70,0,140,140_.jpg', 'tt23849204'),
	('https://m.media-amazon.com/images/M/MV5BNTZlZTMyZTgtZTgzOC00YWYxLWFmMDQtMDhhYzBhNTBiNjg4XkEyXkFqcGdeQXVyMTU0ODI1NTA2._V1_QL75_UY140_CR70,0,140,140_.jpg', 'tt23849204'),
	('https://m.media-amazon.com/images/M/MV5BMWI2MGQ3MDMtZGE3MS00NmExLWJmM2EtZGY1NGQzZjFlYzgwXkEyXkFqcGdeQXVyMTUyNjIwMDEw._V1_QL75_UX140_CR0,0,140,140_.jpg', 'tt23849204'),
	('https://m.media-amazon.com/images/M/MV5BOTM1ODMyYzEtN2MxNi00MGM1LWFmMjEtNGM0YTUxNDFmZjRlXkEyXkFqcGdeQXVyMTYzMTU3Njgx._V1_QL75_UX140_CR0,0,140,140_.jpg', 'tt23849204'),
	('https://m.media-amazon.com/images/M/MV5BMWQ3NzFjY2YtMTUzMS00YmM4LTlmNDYtMzMxMzQ4YjRjOTg0XkEyXkFqcGdeQXVyMTU3OTQ4Njcy._V1_QL75_UY140_CR48,0,140,140_.jpg', 'tt23849204'),
	('https://m.media-amazon.com/images/M/MV5BMzExZmJjODItZTM5OS00NmM2LWIzOWQtYWY3Y2M4YzQyNWU3XkEyXkFqcGdeQXVyODQ3Nzg5MzY@._V1_QL75_UY140_CR35,0,140,140_.jpg', 'tt23849204'),
	('https://m.media-amazon.com/images/M/MV5BMjgzMDQ1NmYtMWFjYS00ZTM0LWJlZWUtYjA2ODE2MzhkNGRjXkEyXkFqcGdeQXVyODQ3Nzg5MzY@._V1_QL75_UY140_CR24,0,140,140_.jpg', 'tt23849204'),
	('https://m.media-amazon.com/images/M/MV5BM2JkNGIzYzctNTZhYy00YjgwLTk5ZjYtNDVkNmVhOGUzYzNmXkEyXkFqcGdeQXVyMjM0MDUwNDQ@._V1_QL75_UX140_CR0,0,140,140_.jpg', 'tt23849204'),
	('https://m.media-amazon.com/images/M/MV5BZWQzOGY3NWQtNTZlNC00ZmFlLTlhMTYtMWUxZmY1YWFjYTMzXkEyXkFqcGdeQXVyMTE3Mzg4MjM2._V1_QL75_UY140_CR101,0,140,140_.jpg', 'tt23849204'),
	('https://m.media-amazon.com/images/M/MV5BOTAwYmVjZDMtZGQyNS00MTM1LTgyNTAtZmEyY2YxYTdkMDRlXkEyXkFqcGdeQXVyMTE3Mzg4MjM2._V1_QL75_UY140_CR99,0,140,140_.jpg', 'tt23849204'),
	('https://m.media-amazon.com/images/M/MV5BMmNiODlmNmUtZTRhZC00Mjg4LWJkOGQtYmNlYjgxMmQxMjAxXkEyXkFqcGdeQXVyMTUzMTg2ODkz._V1_QL75_UY140_CR70,0,140,140_.jpg', 'tt0082971'),
	('https://m.media-amazon.com/images/M/MV5BNGMwNzVjMTYtZTAwOS00YzNjLWI3ZWYtZTVjMjQ5N2M5NmRlXkEyXkFqcGdeQXVyMTUzMTg2ODkz._V1_QL75_UY140_CR66,0,140,140_.jpg', 'tt0082971'),
	('https://m.media-amazon.com/images/M/MV5BOTBlNjdhNWEtN2I2Zi00OTM1LWJiMDUtY2I5NzRiNWE0Yzg2XkEyXkFqcGdeQXVyMTUzMTg2ODkz._V1_QL75_UY140_CR70,0,140,140_.jpg', 'tt0082971'),
	('https://m.media-amazon.com/images/M/MV5BYjYyMTRhNmItMTA0NC00ZmU5LThjNWYtNTMzZGYyNzM1MTNiXkEyXkFqcGdeQXVyMTUzMTg2ODkz._V1_QL75_UY140_CR72,0,140,140_.jpg', 'tt0082971'),
	('https://m.media-amazon.com/images/M/MV5BNDJjZDIyY2EtMjQzZS00NzQ5LTllODktZGZiOTMyZGNmMWQ5XkEyXkFqcGdeQXVyMTUzMTg2ODkz._V1_QL75_UY140_CR70,0,140,140_.jpg', 'tt0082971'),
	('https://m.media-amazon.com/images/M/MV5BZmYwMThiYWMtZTI5Mi00ODYwLTkwNTgtY2Y2ZTYwNTUyNDZmXkEyXkFqcGdeQXVyMTUzMTg2ODkz._V1_QL75_UY140_CR70,0,140,140_.jpg', 'tt0082971'),
	('https://m.media-amazon.com/images/M/MV5BOTgwYjg2Y2YtNTE4Ny00NGM5LWEyNWItYWMwNDQxZjVkMThmXkEyXkFqcGdeQXVyMTUzMTg2ODkz._V1_QL75_UY140_CR71,0,140,140_.jpg', 'tt0082971'),
	('https://m.media-amazon.com/images/M/MV5BOTkwNDgwNjUwMV5BMl5BanBnXkFtZTcwODk0MzA4NA@@._V1_QL75_UX140_CR0,0,140,140_.jpg', 'tt0082971'),
	('https://m.media-amazon.com/images/M/MV5BMTMzMDUzNjE5OV5BMl5BanBnXkFtZTcwOTk0MzA4NA@@._V1_QL75_UY140_CR74,0,140,140_.jpg', 'tt0082971'),
	('https://m.media-amazon.com/images/M/MV5BMTQwNzI5NTA1MV5BMl5BanBnXkFtZTcwMDA1MzA4NA@@._V1_QL75_UX140_CR0,0,140,140_.jpg', 'tt0082971'),
	('https://m.media-amazon.com/images/M/MV5BMTQ2ODIzODkzNl5BMl5BanBnXkFtZTcwMTA1MzA4NA@@._V1_QL75_UY140_CR35,0,140,140_.jpg', 'tt0082971'),
	('https://m.media-amazon.com/images/M/MV5BNDExMDYyMjYzM15BMl5BanBnXkFtZTcwMjA1MzA4NA@@._V1_QL75_UY140_CR35,0,140,140_.jpg', 'tt0082971'),
	('https://m.media-amazon.com/images/M/MV5BMTc0MzcyNDU4NV5BMl5BanBnXkFtZTYwNDYxMTg2._V1_QL75_UY140_CR96,0,140,140_.jpg', 'tt0405094'),
	('https://m.media-amazon.com/images/M/MV5BMTg4NDc1NTI4OV5BMl5BanBnXkFtZTYwODYxMTg2._V1_QL75_UY140_CR97,0,140,140_.jpg', 'tt0405094'),
	('https://m.media-amazon.com/images/M/MV5BMTM4NzcyNDcxM15BMl5BanBnXkFtZTYwMjcxMTg2._V1_QL75_UY140_CR105,0,140,140_.jpg', 'tt0405094'),
	('https://m.media-amazon.com/images/M/MV5BMTUwNzQwNDA5MV5BMl5BanBnXkFtZTYwNTcxMTg2._V1_QL75_UY140_CR96,0,140,140_.jpg', 'tt0405094'),
	('https://m.media-amazon.com/images/M/MV5BMTc2NTkyMDc4Nl5BMl5BanBnXkFtZTYwNzcxMTg2._V1_QL75_UY140_CR29,0,140,140_.jpg', 'tt0405094'),
	('https://m.media-amazon.com/images/M/MV5BMTQyMjUxMzU1NF5BMl5BanBnXkFtZTYwMTgxMTg2._V1_QL75_UY140_CR52,0,140,140_.jpg', 'tt0405094'),
	('https://m.media-amazon.com/images/M/MV5BMTY3MDQxMzE2NV5BMl5BanBnXkFtZTYwNjgxMTg2._V1_QL75_UY140_CR36,0,140,140_.jpg', 'tt0405094'),
	('https://m.media-amazon.com/images/M/MV5BMjE2MTQ4NzA2MF5BMl5BanBnXkFtZTYwOTgxMTg2._V1_QL75_UY140_CR105,0,140,140_.jpg', 'tt0405094'),
	('https://m.media-amazon.com/images/M/MV5BMTM1MzgyMDE1OF5BMl5BanBnXkFtZTYwMTkxMTg2._V1_QL75_UY140_CR33,0,140,140_.jpg', 'tt0405094'),
	('https://m.media-amazon.com/images/M/MV5BMzQxMDgxMjU2OF5BMl5BanBnXkFtZTYwNDkxMTg2._V1_QL75_UY140_CR36,0,140,140_.jpg', 'tt0405094'),
	('https://m.media-amazon.com/images/M/MV5BMTM4OTY1MzQwNV5BMl5BanBnXkFtZTYwNzkxMTg2._V1_QL75_UY140_CR35,0,140,140_.jpg', 'tt0405094'),
	('https://m.media-amazon.com/images/M/MV5BMTQ2NDQ3MjU4MF5BMl5BanBnXkFtZTYwMjAyMTg2._V1_QL75_UY140_CR35,0,140,140_.jpg', 'tt0405094'),
	('https://m.media-amazon.com/images/M/MV5BZTVjMTA4YTMtYTc3Ny00NWE0LTlmYjktYTM2MDY3ZmFlYzQxXkEyXkFqcGdeQXVyMjQwMDg0Ng@@._V1_QL75_UX140_CR0,0,140,140_.jpg', 'tt0043014'),
	('https://m.media-amazon.com/images/M/MV5BMTYwNDQxMTg3Nl5BMl5BanBnXkFtZTcwNzEzODQ0Nw@@._V1_QL75_UX140_CR0,0,140,140_.jpg', 'tt0043014'),
	('https://m.media-amazon.com/images/M/MV5BMjkyNTUwMTY2Nl5BMl5BanBnXkFtZTcwODEzODQ0Nw@@._V1_QL75_UY140_CR24,0,140,140_.jpg', 'tt0043014'),
	('https://m.media-amazon.com/images/M/MV5BNDIyMjg5MzU3Ml5BMl5BanBnXkFtZTcwMTIzODQ0Nw@@._V1_QL75_UX140_CR0,0,140,140_.jpg', 'tt0043014'),
	('https://m.media-amazon.com/images/M/MV5BMjI5MDQ3NjcwOV5BMl5BanBnXkFtZTcwMjIzODQ0Nw@@._V1_QL75_UY140_CR19,0,140,140_.jpg', 'tt0043014'),
	('https://m.media-amazon.com/images/M/MV5BMTQzNjIwMTAxMV5BMl5BanBnXkFtZTYwMjYyODM2._V1_QL75_UY140_CR25,0,140,140_.jpg', 'tt0043014'),
	('https://m.media-amazon.com/images/M/MV5BMTkyMTcwMDE4NF5BMl5BanBnXkFtZTYwNjYyODM2._V1_QL75_UY140_CR24,0,140,140_.jpg', 'tt0043014'),
	('https://m.media-amazon.com/images/M/MV5BMjAyMjQzODU5MV5BMl5BanBnXkFtZTYwNTcyODM2._V1_QL75_UY140_CR31,0,140,140_.jpg', 'tt0043014'),
	('https://m.media-amazon.com/images/M/MV5BMTk5Mzg2MTk2N15BMl5BanBnXkFtZTYwMzIxODQ2._V1_QL75_UY140_CR26,0,140,140_.jpg', 'tt0043014'),
	('https://m.media-amazon.com/images/M/MV5BMTA2MTgyMDU3NTleQTJeQWpwZ15BbWU2MDUyMTg0Ng@@._V1_QL75_UY140_CR28,0,140,140_.jpg', 'tt0043014'),
	('https://m.media-amazon.com/images/M/MV5BMzE2NTIzMjY0NV5BMl5BanBnXkFtZTYwOTIxODQ2._V1_QL75_UY140_CR27,0,140,140_.jpg', 'tt0043014'),
	('https://m.media-amazon.com/images/M/MV5BMTI0ODA5NTY5M15BMl5BanBnXkFtZTYwMTMxODQ2._V1_QL75_UY140_CR25,0,140,140_.jpg', 'tt0043014'),
	('https://m.media-amazon.com/images/M/MV5BNjg2MjI2MjU4NV5BMl5BanBnXkFtZTgwMjgxMjQ0NjM@._V1_QL75_UY140_CR101,0,140,140_.jpg', 'tt4154756'),
	('https://m.media-amazon.com/images/M/MV5BMjA0MTg0MjUwMF5BMl5BanBnXkFtZTgwMjc4MjkzNTM@._V1_QL75_UY140_CR36,0,140,140_.jpg', 'tt4154756'),
	('https://m.media-amazon.com/images/M/MV5BNjI4NzM2MTM1M15BMl5BanBnXkFtZTgwMzc4MjkzNTM@._V1_QL75_UY140_CR63,0,140,140_.jpg', 'tt4154756'),
	('https://m.media-amazon.com/images/M/MV5BMjQwNTgxMTEwNl5BMl5BanBnXkFtZTgwNDc4MjkzNTM@._V1_QL75_UY140_CR35,0,140,140_.jpg', 'tt4154756'),
	('https://m.media-amazon.com/images/M/MV5BMTk0OTc5Njg5M15BMl5BanBnXkFtZTgwNTc4MjkzNTM@._V1_QL75_UY140_CR64,0,140,140_.jpg', 'tt4154756'),
	('https://m.media-amazon.com/images/M/MV5BMjE5ODU5MzY5OV5BMl5BanBnXkFtZTgwNjc4MjkzNTM@._V1_QL75_UY140_CR63,0,140,140_.jpg', 'tt4154756'),
	('https://m.media-amazon.com/images/M/MV5BMjM4NjE0MTYwM15BMl5BanBnXkFtZTgwNzc4MjkzNTM@._V1_QL75_UY140_CR35,0,140,140_.jpg', 'tt4154756'),
	('https://m.media-amazon.com/images/M/MV5BMTU2NTM1MTY0OV5BMl5BanBnXkFtZTgwODc4MjkzNTM@._V1_QL75_UY140_CR26,0,140,140_.jpg', 'tt4154756'),
	('https://m.media-amazon.com/images/M/MV5BMTg1MjMwNTQ3MF5BMl5BanBnXkFtZTgwMDg4MjkzNTM@._V1_QL75_UY140_CR63,0,140,140_.jpg', 'tt4154756'),
	('https://m.media-amazon.com/images/M/MV5BOTg0ODU3ODY2NF5BMl5BanBnXkFtZTgwMTg4MjkzNTM@._V1_QL75_UY140_CR63,0,140,140_.jpg', 'tt4154756'),
	('https://m.media-amazon.com/images/M/MV5BNzc1NTY4ODM1Nl5BMl5BanBnXkFtZTgwMjg4MjkzNTM@._V1_QL75_UY140_CR63,0,140,140_.jpg', 'tt4154756'),
	('https://m.media-amazon.com/images/M/MV5BMjQ2NTQ3MDI3Nl5BMl5BanBnXkFtZTgwMzg4MjkzNTM@._V1_QL75_UY140_CR63,0,140,140_.jpg', 'tt4154756'),
	('https://m.media-amazon.com/images/M/MV5BMTgxNzQyMDczM15BMl5BanBnXkFtZTcwMjY1MzgxNA@@._V1_QL75_UX140_CR0,0,140,140_.jpg', 'tt0050825'),
	('https://m.media-amazon.com/images/M/MV5BNjg2NTA5MjUwNV5BMl5BanBnXkFtZTcwNDY1MzgxNA@@._V1_QL75_UX140_CR0,0,140,140_.jpg', 'tt0050825'),
	('https://m.media-amazon.com/images/M/MV5BMTcyODYxMTQzMl5BMl5BanBnXkFtZTcwNTY1MzgxNA@@._V1_QL75_UX140_CR0,0,140,140_.jpg', 'tt0050825'),
	('https://m.media-amazon.com/images/M/MV5BMTgyMjkzMzY5OV5BMl5BanBnXkFtZTcwNjY1MzgxNA@@._V1_QL75_UX140_CR0,0,140,140_.jpg', 'tt0050825'),
	('https://m.media-amazon.com/images/M/MV5BMTU3NzMwMjE3Nl5BMl5BanBnXkFtZTcwNzY1MzgxNA@@._V1_QL75_UX140_CR0,0,140,140_.jpg', 'tt0050825'),
	('https://m.media-amazon.com/images/M/MV5BNjUyZjYxNTEtYzgzNS00MjQ2LWJiNjQtMzBmMzUxMzE1ZmM2XkEyXkFqcGdeQXVyMTQyMTMwOTk0._V1_QL75_UX140_CR0,0,140,140_.jpg', 'tt0050825'),
	('https://m.media-amazon.com/images/M/MV5BMzg2MGVjYmYtNzAwNS00ZGExLThiZjUtMDkzZWRiNDkyMjU1XkEyXkFqcGdeQXVyMTExNzQzMDE0._V1_QL75_UX140_CR0,0,140,140_.jpg', 'tt0050825'),
	('https://m.media-amazon.com/images/M/MV5BMTc2NjAwNjg1MF5BMl5BanBnXkFtZTcwMzYwOTc2NA@@._V1_QL75_UX140_CR0,0,140,140_.jpg', 'tt0050825'),
	('https://m.media-amazon.com/images/M/MV5BOTkzMTY3OTQ4NV5BMl5BanBnXkFtZTcwMzY1MzgxNA@@._V1_QL75_UX140_CR0,0,140,140_.jpg', 'tt0050825'),
	('https://m.media-amazon.com/images/M/MV5BMTY3MzI4Mzk4NV5BMl5BanBnXkFtZTYwNzExOTY4._V1_QL75_UX140_CR0,0,140,140_.jpg', 'tt0050825'),
	('https://m.media-amazon.com/images/M/MV5BMTA4NjUwOTM3NDleQTJeQWpwZ15BbWU2MDgxMTk2OA@@._V1_QL75_UY140_CR24,0,140,140_.jpg', 'tt0050825'),
	('https://m.media-amazon.com/images/M/MV5BYmU1YWJhZGEtYmY1YS00MGFiLTk5ZGUtMjRiNGFlZTc1YzgwXkEyXkFqcGdeQXVyNjkxNDkyNDI@._V1_QL75_UY140_CR42,0,140,140_.jpg', 'tt0050825'),
	('https://m.media-amazon.com/images/M/MV5BMTU4NjYwNzAxN15BMl5BanBnXkFtZTgwMDkyODI4NjM@._V1_QL75_UY140_CR97,0,140,140_.jpg', 'tt4633694'),
	('https://m.media-amazon.com/images/M/MV5BMTA2NDExMzc2ODJeQTJeQWpwZ15BbWU4MDE5MjgyODYz._V1_QL75_UY140_CR97,0,140,140_.jpg', 'tt4633694'),
	('https://m.media-amazon.com/images/M/MV5BMjIzMzA1MDgzNV5BMl5BanBnXkFtZTgwMjkyODI4NjM@._V1_QL75_UY140_CR97,0,140,140_.jpg', 'tt4633694'),
	('https://m.media-amazon.com/images/M/MV5BMTgxODE5MDgyOV5BMl5BanBnXkFtZTgwMzkyODI4NjM@._V1_QL75_UY140_CR97,0,140,140_.jpg', 'tt4633694'),
	('https://m.media-amazon.com/images/M/MV5BNTA4MTYxMTM5OF5BMl5BanBnXkFtZTgwNjgyODI4NjM@._V1_QL75_UY140_CR97,0,140,140_.jpg', 'tt4633694'),
	('https://m.media-amazon.com/images/M/MV5BNjUzNzc3NjQ4OF5BMl5BanBnXkFtZTgwNzgyODI4NjM@._V1_QL75_UY140_CR97,0,140,140_.jpg', 'tt4633694'),
	('https://m.media-amazon.com/images/M/MV5BMzgxNTEwNDI5OV5BMl5BanBnXkFtZTgwODgyODI4NjM@._V1_QL75_UY140_CR12,0,140,140_.jpg', 'tt4633694'),
	('https://m.media-amazon.com/images/M/MV5BMjA0MTgwNTM5MV5BMl5BanBnXkFtZTgwOTgyODI4NjM@._V1_QL75_UY140_CR97,0,140,140_.jpg', 'tt4633694'),
	('https://m.media-amazon.com/images/M/MV5BMjM2MjM3OTEwNV5BMl5BanBnXkFtZTgwNTA4NDMwNjM@._V1_QL75_UY140_CR98,0,140,140_.jpg', 'tt4633694'),
	('https://m.media-amazon.com/images/M/MV5BMjUyMDg1NjgyNF5BMl5BanBnXkFtZTgwMjEyMzY2NTM@._V1_QL75_UY140_CR97,0,140,140_.jpg', 'tt4633694'),
	('https://m.media-amazon.com/images/M/MV5BMjkyNTg0NDY1N15BMl5BanBnXkFtZTgwNDEyMzY2NTM@._V1_QL75_UY140_CR97,0,140,140_.jpg', 'tt4633694'),
	('https://m.media-amazon.com/images/M/MV5BNzE0MTYzOTk3OF5BMl5BanBnXkFtZTgwNTEyMzY2NTM@._V1_QL75_UY140_CR97,0,140,140_.jpg', 'tt4633694'),
	('https://m.media-amazon.com/images/M/MV5BMTc0MjgyNTUyNF5BMl5BanBnXkFtZTcwNDQzMDg0Nw@@._V1_QL75_UX140_CR0,0,140,140_.jpg', 'tt0051201'),
	('https://m.media-amazon.com/images/M/MV5BMTM4MTQ0ODQ2OV5BMl5BanBnXkFtZTcwNTQzMDg0Nw@@._V1_QL75_UY140_CR34,0,140,140_.jpg', 'tt0051201'),
	('https://m.media-amazon.com/images/M/MV5BMTkyODY4MjY1OF5BMl5BanBnXkFtZTcwNjQzMDg0Nw@@._V1_QL75_UY140_CR38,0,140,140_.jpg', 'tt0051201'),
	('https://m.media-amazon.com/images/M/MV5BMjA4ODg4ODE5OF5BMl5BanBnXkFtZTcwNzQzMDg0Nw@@._V1_QL75_UY140_CR31,0,140,140_.jpg', 'tt0051201'),
	('https://m.media-amazon.com/images/M/MV5BMjg5MTc2MjM2OF5BMl5BanBnXkFtZTcwODQzMDg0Nw@@._V1_QL75_UX140_CR0,0,140,140_.jpg', 'tt0051201'),
	('https://m.media-amazon.com/images/M/MV5BODQ2NTcwNzE2MF5BMl5BanBnXkFtZTcwOTQzMDg0Nw@@._V1_QL75_UX140_CR0,0,140,140_.jpg', 'tt0051201'),
	('https://m.media-amazon.com/images/M/MV5BMjIyMDAyMjEyNV5BMl5BanBnXkFtZTcwMDUzMDg0Nw@@._V1_QL75_UY140_CR33,0,140,140_.jpg', 'tt0051201'),
	('https://m.media-amazon.com/images/M/MV5BOTk2MzYxMzg3Ml5BMl5BanBnXkFtZTcwMTUzMDg0Nw@@._V1_QL75_UX140_CR0,0,140,140_.jpg', 'tt0051201'),
	('https://m.media-amazon.com/images/M/MV5BMTc5MjI0NjE3Nl5BMl5BanBnXkFtZTcwMjUzMDg0Nw@@._V1_QL75_UY140_CR28,0,140,140_.jpg', 'tt0051201'),
	('https://m.media-amazon.com/images/M/MV5BMjI4ODM4NDEzN15BMl5BanBnXkFtZTcwMzUzMDg0Nw@@._V1_QL75_UY140_CR34,0,140,140_.jpg', 'tt0051201'),
	('https://m.media-amazon.com/images/M/MV5BOTk1ODg5NDc5MV5BMl5BanBnXkFtZTYwODc5MjM2._V1_QL75_UX140_CR0,0,140,140_.jpg', 'tt0051201'),
	('https://m.media-amazon.com/images/M/MV5BNzc4Nzc5NjYxNl5BMl5BanBnXkFtZTYwNTc5MjM2._V1_QL75_UX140_CR0,0,140,140_.jpg', 'tt0051201'),
	('https://m.media-amazon.com/images/M/MV5BMTc5MjM4Njg3Nl5BMl5BanBnXkFtZTgwNTk1NDU2NjM@._V1_QL75_UY140_CR18,0,140,140_.jpg', 'tt0081505'),
	('https://m.media-amazon.com/images/M/MV5BMTA0NzUxMjU3OTJeQTJeQWpwZ15BbWU4MDc5NTQ1NjYz._V1_QL75_UY140_CR17,0,140,140_.jpg', 'tt0081505'),
	('https://m.media-amazon.com/images/M/MV5BMTU3MTkwMjQ1MF5BMl5BanBnXkFtZTgwODk1NDU2NjM@._V1_QL75_UY140_CR17,0,140,140_.jpg', 'tt0081505'),
	('https://m.media-amazon.com/images/M/MV5BMTU4NTY0MzUyMF5BMl5BanBnXkFtZTgwMDA2NDU2NjM@._V1_QL75_UY140_CR18,0,140,140_.jpg', 'tt0081505'),
	('https://m.media-amazon.com/images/M/MV5BNzczMTIxMjk4Nl5BMl5BanBnXkFtZTgwOTMzMDYwNDI@._V1_QL75_UY140_CR55,0,140,140_.jpg', 'tt0081505'),
	('https://m.media-amazon.com/images/M/MV5BMTg0MzkzODUwNV5BMl5BanBnXkFtZTgwODM1MjEwNDI@._V1_QL75_UY140_CR18,0,140,140_.jpg', 'tt0081505'),
	('https://m.media-amazon.com/images/M/MV5BMTUxNTc1MjQ0NV5BMl5BanBnXkFtZTgwNTY1MjY5NzE@._V1_QL75_UY140_CR36,0,140,140_.jpg', 'tt0081505'),
	('https://m.media-amazon.com/images/M/MV5BMTUwNzI4NDc2Nl5BMl5BanBnXkFtZTgwNjY1MjY5NzE@._V1_QL75_UY140_CR31,0,140,140_.jpg', 'tt0081505'),
	('https://m.media-amazon.com/images/M/MV5BNzg3MzY3MzYxNF5BMl5BanBnXkFtZTgwODg1OTEwMjE@._V1_QL75_UY140_CR15,0,140,140_.jpg', 'tt0081505'),
	('https://m.media-amazon.com/images/M/MV5BMTU0NTYxNjIzNl5BMl5BanBnXkFtZTcwNDk4NDIwNA@@._V1_QL75_UY140_CR34,0,140,140_.jpg', 'tt0081505'),
	('https://m.media-amazon.com/images/M/MV5BMTMwODM3ODgxNl5BMl5BanBnXkFtZTcwNTk4NDIwNA@@._V1_QL75_UY140_CR33,0,140,140_.jpg', 'tt0081505'),
	('https://m.media-amazon.com/images/M/MV5BMTY2MjQxNDI2Ml5BMl5BanBnXkFtZTcwNjk4NDIwNA@@._V1_QL75_UX140_CR0,0,140,140_.jpg', 'tt0081505'),
	('https://m.media-amazon.com/images/M/MV5BYjYyNjJmMGMtMjFiNy00ZWJhLTg4MTMtNDc1N2ZiZGNlOTE4XkEyXkFqcGdeQXVyMDM2NDM2MQ@@._V1_QL75_UY140_CR22,0,140,140_.jpg', 'tt0032553'),
	('https://m.media-amazon.com/images/M/MV5BMTc3MTk5NzMxN15BMl5BanBnXkFtZTcwODA4NzMyNw@@._V1_QL75_UY140_CR19,0,140,140_.jpg', 'tt0032553'),
	('https://m.media-amazon.com/images/M/MV5BMTU3MDM0NzU4OV5BMl5BanBnXkFtZTcwOTA4NzMyNw@@._V1_QL75_UY140_CR27,0,140,140_.jpg', 'tt0032553'),
	('https://m.media-amazon.com/images/M/MV5BMTc4NTMxOTI1OF5BMl5BanBnXkFtZTcwOTg3NzE5Ng@@._V1_QL75_UX140_CR0,0,140,140_.jpg', 'tt0032553'),
	('https://m.media-amazon.com/images/M/MV5BMTM4MjE0MDQyM15BMl5BanBnXkFtZTcwMDk3NzE5Ng@@._V1_QL75_UY140_CR24,0,140,140_.jpg', 'tt0032553'),
	('https://m.media-amazon.com/images/M/MV5BMTcyODUxNTMxNV5BMl5BanBnXkFtZTcwMTk3NzE5Ng@@._V1_QL75_UY140_CR25,0,140,140_.jpg', 'tt0032553'),
	('https://m.media-amazon.com/images/M/MV5BMTU4NzA2MDAxN15BMl5BanBnXkFtZTcwMjk3NzE5Ng@@._V1_QL75_UX140_CR0,0,140,140_.jpg', 'tt0032553'),
	('https://m.media-amazon.com/images/M/MV5BNjcxNjM0MzY5NF5BMl5BanBnXkFtZTcwMzk3NzE5Ng@@._V1_QL75_UX140_CR0,0,140,140_.jpg', 'tt0032553'),
	('https://m.media-amazon.com/images/M/MV5BMTUxNDc3OTM3OF5BMl5BanBnXkFtZTcwNDk3NzE5Ng@@._V1_QL75_UY140_CR26,0,140,140_.jpg', 'tt0032553'),
	('https://m.media-amazon.com/images/M/MV5BMTM2OTc4OTI2MF5BMl5BanBnXkFtZTcwNTk3NzE5Ng@@._V1_QL75_UY140_CR25,0,140,140_.jpg', 'tt0032553'),
	('https://m.media-amazon.com/images/M/MV5BMTM0OTIzODgzN15BMl5BanBnXkFtZTcwNjk3NzE5Ng@@._V1_QL75_UY140_CR27,0,140,140_.jpg', 'tt0032553'),
	('https://m.media-amazon.com/images/M/MV5BNDJmZDQ2MzktZTFlMi00NTE5LWE3MmItNTI5MTBhMjc1ZjI2XkEyXkFqcGdeQXVyMjQwMDg0Ng@@._V1_QL75_UX140_CR0,0,140,140_.jpg', 'tt0032553'),
	('https://m.media-amazon.com/images/M/MV5BMTk3NzU5NDE0MF5BMl5BanBnXkFtZTgwNjAxNzE5MDI@._V1_QL75_UX140_CR0,0,140,140_.jpg', 'tt0090605'),
	('https://m.media-amazon.com/images/M/MV5BNzA4MDgwOTE4NF5BMl5BanBnXkFtZTgwODAwNzc5OTE@._V1_QL75_UY140_CR35,0,140,140_.jpg', 'tt0090605'),
	('https://m.media-amazon.com/images/M/MV5BNDM2ODYyMDcxNV5BMl5BanBnXkFtZTgwOTAwNzc5OTE@._V1_QL75_UY140_CR35,0,140,140_.jpg', 'tt0090605'),
	('https://m.media-amazon.com/images/M/MV5BMTY0ODgyMDkwNV5BMl5BanBnXkFtZTgwMDEwNzc5OTE@._V1_QL75_UY140_CR35,0,140,140_.jpg', 'tt0090605'),
	('https://m.media-amazon.com/images/M/MV5BMTc0NDcwMjY3MV5BMl5BanBnXkFtZTgwMTEwNzc5OTE@._V1_QL75_UY140_CR24,0,140,140_.jpg', 'tt0090605'),
	('https://m.media-amazon.com/images/M/MV5BNTM4ODE0MDcwN15BMl5BanBnXkFtZTgwMjEwNzc5OTE@._V1_QL75_UY140_CR32,0,140,140_.jpg', 'tt0090605'),
	('https://m.media-amazon.com/images/M/MV5BMjE1NzQyNDYyMF5BMl5BanBnXkFtZTgwMzEwNzc5OTE@._V1_QL75_UY140_CR35,0,140,140_.jpg', 'tt0090605'),
	('https://m.media-amazon.com/images/M/MV5BMTQ4NTMyODA4NV5BMl5BanBnXkFtZTcwODY0MTI3NA@@._V1_QL75_UY140_CR36,0,140,140_.jpg', 'tt0090605'),
	('https://m.media-amazon.com/images/M/MV5BMjIzODI5Mzc0NV5BMl5BanBnXkFtZTcwOTY0MTI3NA@@._V1_QL75_UY140_CR39,0,140,140_.jpg', 'tt0090605'),
	('https://m.media-amazon.com/images/M/MV5BMTU2NjMzNjMwMV5BMl5BanBnXkFtZTcwMDc0MTI3NA@@._V1_QL75_UY140_CR32,0,140,140_.jpg', 'tt0090605'),
	('https://m.media-amazon.com/images/M/MV5BMTYxMDM2MDY5OF5BMl5BanBnXkFtZTcwMTc0MTI3NA@@._V1_QL75_UY140_CR36,0,140,140_.jpg', 'tt0090605'),
	('https://m.media-amazon.com/images/M/MV5BMTY0MzgyODQ3OF5BMl5BanBnXkFtZTcwMjc0MTI3NA@@._V1_QL75_UY140_CR39,0,140,140_.jpg', 'tt0090605'),
	('https://m.media-amazon.com/images/M/MV5BMTAxNTIyMTIxMzReQTJeQWpwZ15BbWU4MDk3Mjc5NzEy._V1_QL75_UY140_CR35,0,140,140_.jpg', 'tt0361748'),
	('https://m.media-amazon.com/images/M/MV5BMjIxNTE5MjEzM15BMl5BanBnXkFtZTgwMDgyNzk3MTI@._V1_QL75_UY140_CR35,0,140,140_.jpg', 'tt0361748'),
	('https://m.media-amazon.com/images/M/MV5BMjMyNzcwODE2MV5BMl5BanBnXkFtZTgwNTAwNDI2MTI@._V1_QL75_UY140_CR35,0,140,140_.jpg', 'tt0361748'),
	('https://m.media-amazon.com/images/M/MV5BODgxMjg1MDA0M15BMl5BanBnXkFtZTgwNzc1MDc3MTE@._V1_QL75_UX140_CR0,0,140,140_.jpg', 'tt0361748'),
	('https://m.media-amazon.com/images/M/MV5BMTcxODA4NzIyNF5BMl5BanBnXkFtZTgwMDg1MDc3MTE@._V1_QL75_UX140_CR0,0,140,140_.jpg', 'tt0361748'),
	('https://m.media-amazon.com/images/M/MV5BMTk1MTYzNTYxMl5BMl5BanBnXkFtZTgwODc1MDc3MTE@._V1_QL75_UY140_CR35,0,140,140_.jpg', 'tt0361748'),
	('https://m.media-amazon.com/images/M/MV5BMTQ1MDM1NDQyM15BMl5BanBnXkFtZTgwMTg1MDc3MTE@._V1_QL75_UX140_CR0,0,140,140_.jpg', 'tt0361748'),
	('https://m.media-amazon.com/images/M/MV5BMjI0MTY3Njk5OF5BMl5BanBnXkFtZTgwMjg1MDc3MTE@._V1_QL75_UX140_CR0,0,140,140_.jpg', 'tt0361748'),
	('https://m.media-amazon.com/images/M/MV5BMTk1NjA1MDMyNF5BMl5BanBnXkFtZTgwMzg1MDc3MTE@._V1_QL75_UX140_CR0,0,140,140_.jpg', 'tt0361748'),
	('https://m.media-amazon.com/images/M/MV5BMjA3NzcwMjMwN15BMl5BanBnXkFtZTcwODA0OTY3Mg@@._V1_QL75_UY140_CR35,0,140,140_.jpg', 'tt0361748'),
	('https://m.media-amazon.com/images/M/MV5BMjI0OTYyMjk0OF5BMl5BanBnXkFtZTcwOTA0OTY3Mg@@._V1_QL75_UY140_CR35,0,140,140_.jpg', 'tt0361748'),
	('https://m.media-amazon.com/images/M/MV5BMjE2NzIyMDQ1OV5BMl5BanBnXkFtZTcwMDE0OTY3Mg@@._V1_QL75_UY140_CR35,0,140,140_.jpg', 'tt0361748'),
	('https://m.media-amazon.com/images/M/MV5BMTU0OTg2MTE2Ml5BMl5BanBnXkFtZTcwNTUwMzQxOA@@._V1_QL75_UY140_CR18,0,140,140_.jpg', 'tt1345836'),
	('https://m.media-amazon.com/images/M/MV5BMTk3MTk1NjQ2M15BMl5BanBnXkFtZTcwNjUwMzQxOA@@._V1_QL75_UY140_CR36,0,140,140_.jpg', 'tt1345836'),
	('https://m.media-amazon.com/images/M/MV5BMTU0OTA0MDQ3M15BMl5BanBnXkFtZTcwOTUwMzQxOA@@._V1_QL75_UY140_CR24,0,140,140_.jpg', 'tt1345836'),
	('https://m.media-amazon.com/images/M/MV5BMTkwOTMyOTk0MV5BMl5BanBnXkFtZTcwMTYwMzQxOA@@._V1_QL75_UY140_CR24,0,140,140_.jpg', 'tt1345836'),
	('https://m.media-amazon.com/images/M/MV5BMTk3MDY1MTAyOF5BMl5BanBnXkFtZTcwMzYwMzQxOA@@._V1_QL75_UY140_CR99,0,140,140_.jpg', 'tt1345836'),
	('https://m.media-amazon.com/images/M/MV5BMTkyNTA3MTIwMF5BMl5BanBnXkFtZTcwNTYwMzQxOA@@._V1_QL75_UY140_CR36,0,140,140_.jpg', 'tt1345836'),
	('https://m.media-amazon.com/images/M/MV5BMjMwMDQ3OTI3N15BMl5BanBnXkFtZTcwNjYwMzQxOA@@._V1_QL75_UX140_CR0,0,140,140_.jpg', 'tt1345836'),
	('https://m.media-amazon.com/images/M/MV5BMTM0MzcxMjUxNV5BMl5BanBnXkFtZTcwOTYwMzQxOA@@._V1_QL75_UY140_CR36,0,140,140_.jpg', 'tt1345836'),
	('https://m.media-amazon.com/images/M/MV5BMTUwMTk1Njc4OF5BMl5BanBnXkFtZTcwMTcwMzQxOA@@._V1_QL75_UY140_CR36,0,140,140_.jpg', 'tt1345836'),
	('https://m.media-amazon.com/images/M/MV5BNzI1MTAxOTk1OF5BMl5BanBnXkFtZTcwMjcwMzQxOA@@._V1_QL75_UY140_CR35,0,140,140_.jpg', 'tt1345836'),
	('https://m.media-amazon.com/images/M/MV5BMTUxNzExMzUyMF5BMl5BanBnXkFtZTcwNTcwMzQxOA@@._V1_QL75_UY140_CR36,0,140,140_.jpg', 'tt1345836'),
	('https://m.media-amazon.com/images/M/MV5BMTU1NjI2Njg5OV5BMl5BanBnXkFtZTcwNjcwMzQxOA@@._V1_QL75_UY140_CR13,0,140,140_.jpg', 'tt1345836'),
	('https://m.media-amazon.com/images/M/MV5BYmUwYzE0YmUtMzZmNy00YTQ3LWE3ZGYtZjIwNWRlNjI5YmFkXkEyXkFqcGdeQXVyMjQwMDg0Ng@@._V1_QL75_UX140_CR0,0,140,140_.jpg', 'tt0057012'),
	('https://m.media-amazon.com/images/M/MV5BYzJiMDhkY2YtMzUyNC00ZmZmLWJiNDQtY2E5NzA0Y2ZhMWEyXkEyXkFqcGdeQXVyMjQwMDg0Ng@@._V1_QL75_UX140_CR0,0,140,140_.jpg', 'tt0057012'),
	('https://m.media-amazon.com/images/M/MV5BOWFiYzY2MzEtZGZjYi00NDE3LTg5OTMtNzhiZjgwMmEyMzdkXkEyXkFqcGdeQXVyMDc2NTEzMw@@._V1_QL75_UX140_CR0,0,140,140_.jpg', 'tt0057012'),
	('https://m.media-amazon.com/images/M/MV5BODk2NTM2MGQtZWMxYy00NjdjLTgzYmMtNGQwOTI1YTZjYWUzXkEyXkFqcGdeQXVyMDc2NTEzMw@@._V1_QL75_UX140_CR0,0,140,140_.jpg', 'tt0057012'),
	('https://m.media-amazon.com/images/M/MV5BMzM5NmQ5YTYtMGM1ZC00MWY2LTgwODEtMTliZTA5NGQzZDhiXkEyXkFqcGdeQXVyMDc2NTEzMw@@._V1_QL75_UX140_CR0,0,140,140_.jpg', 'tt0057012'),
	('https://m.media-amazon.com/images/M/MV5BNDBiYmJiMjAtNDgyMy00ZDAyLWEwNmEtMzhhZTA2NGRjNjY3XkEyXkFqcGdeQXVyMDc2NTEzMw@@._V1_QL75_UX140_CR0,0,140,140_.jpg', 'tt0057012'),
	('https://m.media-amazon.com/images/M/MV5BODQ3MzJiMDQtNmI0Mi00NGJjLTljOWMtY2IxZTJmYzk5YWFjXkEyXkFqcGdeQXVyMDc2NTEzMw@@._V1_QL75_UX140_CR0,0,140,140_.jpg', 'tt0057012'),
	('https://m.media-amazon.com/images/M/MV5BMzI4Yjk5MmEtODk5ZC00OThmLWI2MDEtZGY1ZTE4NWE1MDU3XkEyXkFqcGdeQXVyMDc2NTEzMw@@._V1_QL75_UY140_CR31,0,140,140_.jpg', 'tt0057012'),
	('https://m.media-amazon.com/images/M/MV5BMTEyNTcyMjk5MzZeQTJeQWpwZ15BbWU4MDM5OTE5MDUz._V1_QL75_UX140_CR0,0,140,140_.jpg', 'tt0057012'),
	('https://m.media-amazon.com/images/M/MV5BMTQzNjA0NjcxNF5BMl5BanBnXkFtZTgwNTE0OTEwMjE@._V1_QL75_UY140_CR26,0,140,140_.jpg', 'tt0057012'),
	('https://m.media-amazon.com/images/M/MV5BMjE4ODg5MDAxMF5BMl5BanBnXkFtZTcwNjE0MDkxNA@@._V1_QL75_UX140_CR0,0,140,140_.jpg', 'tt0057012'),
	('https://m.media-amazon.com/images/M/MV5BMTg4NTI5ODU5Nl5BMl5BanBnXkFtZTcwODE0MDkxNA@@._V1_QL75_UX140_CR0,0,140,140_.jpg', 'tt0057012'),
	('https://m.media-amazon.com/images/M/MV5BMjM2MzIwNDYyMV5BMl5BanBnXkFtZTgwMTEzMjMyNDM@._V1_QL75_UY140_CR70,0,140,140_.jpg', 'tt2380307'),
	('https://m.media-amazon.com/images/M/MV5BMTgyMTA2ODMxNl5BMl5BanBnXkFtZTgwMzEzMjMyNDM@._V1_QL75_UY140_CR98,0,140,140_.jpg', 'tt2380307'),
	('https://m.media-amazon.com/images/M/MV5BMTU4Njg3MDIxN15BMl5BanBnXkFtZTgwNDEzMjMyNDM@._V1_QL75_UY140_CR98,0,140,140_.jpg', 'tt2380307'),
	('https://m.media-amazon.com/images/M/MV5BMjQ4NzA3MzgzNV5BMl5BanBnXkFtZTgwNTEzMjMyNDM@._V1_QL75_UY140_CR67,0,140,140_.jpg', 'tt2380307'),
	('https://m.media-amazon.com/images/M/MV5BMjM2Mjc0OTAyNl5BMl5BanBnXkFtZTgwNzEzMjMyNDM@._V1_QL75_UY140_CR97,0,140,140_.jpg', 'tt2380307'),
	('https://m.media-amazon.com/images/M/MV5BMTk1Nzg0MDc1MF5BMl5BanBnXkFtZTgwODEzMjMyNDM@._V1_QL75_UY140_CR98,0,140,140_.jpg', 'tt2380307'),
	('https://m.media-amazon.com/images/M/MV5BNzc2MjE3MzQ0M15BMl5BanBnXkFtZTgwNzkyMjMyNDM@._V1_QL75_UY140_CR89,0,140,140_.jpg', 'tt2380307'),
	('https://m.media-amazon.com/images/M/MV5BMTcxNjg0NTg1Nl5BMl5BanBnXkFtZTgwODkyMjMyNDM@._V1_QL75_UY140_CR53,0,140,140_.jpg', 'tt2380307'),
	('https://m.media-amazon.com/images/M/MV5BMTYwNTQwNTc5OF5BMl5BanBnXkFtZTgwOTkyMjMyNDM@._V1_QL75_UY140_CR97,0,140,140_.jpg', 'tt2380307'),
	('https://m.media-amazon.com/images/M/MV5BMTU3MDE4MzI2Nl5BMl5BanBnXkFtZTgwMDAzMjMyNDM@._V1_QL75_UY140_CR97,0,140,140_.jpg', 'tt2380307'),
	('https://m.media-amazon.com/images/M/MV5BMzEwOTkyNDE0OV5BMl5BanBnXkFtZTgwMjAzMjMyNDM@._V1_QL75_UY140_CR98,0,140,140_.jpg', 'tt2380307'),
	('https://m.media-amazon.com/images/M/MV5BMzY5MTE1MTMyMV5BMl5BanBnXkFtZTgwNDAzMjMyNDM@._V1_QL75_UY140_CR36,0,140,140_.jpg', 'tt2380307'),
	('https://m.media-amazon.com/images/M/MV5BMjA5ODAzNTExNV5BMl5BanBnXkFtZTcwMTQ4MTI2NQ@@._V1_QL75_UX140_CR0,0,140,140_.jpg', 'tt0364569'),
	('https://m.media-amazon.com/images/M/MV5BMTMyNzQxMjc3OF5BMl5BanBnXkFtZTcwNjQ4MTI2NQ@@._V1_QL75_UY140_CR36,0,140,140_.jpg', 'tt0364569'),
	('https://m.media-amazon.com/images/M/MV5BMjIzODY4MjM2Ml5BMl5BanBnXkFtZTcwNzQ4MTI2NQ@@._V1_QL75_UY140_CR34,0,140,140_.jpg', 'tt0364569'),
	('https://m.media-amazon.com/images/M/MV5BMjA0OTI2MzM0Ml5BMl5BanBnXkFtZTcwODQ4MTI2NQ@@._V1_QL75_UY140_CR36,0,140,140_.jpg', 'tt0364569'),
	('https://m.media-amazon.com/images/M/MV5BMTQ5ODUyMzg3NV5BMl5BanBnXkFtZTcwOTQ4MTI2NQ@@._V1_QL75_UY140_CR37,0,140,140_.jpg', 'tt0364569'),
	('https://m.media-amazon.com/images/M/MV5BOTUzOTEyMTkxM15BMl5BanBnXkFtZTcwMTU4MTI2NQ@@._V1_QL75_UY140_CR36,0,140,140_.jpg', 'tt0364569'),
	('https://m.media-amazon.com/images/M/MV5BMjExMzk4NzE1MF5BMl5BanBnXkFtZTcwMjU4MTI2NQ@@._V1_QL75_UY140_CR35,0,140,140_.jpg', 'tt0364569'),
	('https://m.media-amazon.com/images/M/MV5BMTM0Mjk4NzExN15BMl5BanBnXkFtZTcwMzU4MTI2NQ@@._V1_QL75_UX140_CR0,0,140,140_.jpg', 'tt0364569'),
	('https://m.media-amazon.com/images/M/MV5BMjE0MjUwNjgxNl5BMl5BanBnXkFtZTcwNTU4MTI2NQ@@._V1_QL75_UY140_CR36,0,140,140_.jpg', 'tt0364569'),
	('https://m.media-amazon.com/images/M/MV5BMTUzNTk2NTE5OF5BMl5BanBnXkFtZTcwNjU4MTI2NQ@@._V1_QL75_UY140_CR37,0,140,140_.jpg', 'tt0364569'),
	('https://m.media-amazon.com/images/M/MV5BMTQyNTI3MjU4NV5BMl5BanBnXkFtZTcwODU4MTI2NQ@@._V1_QL75_UY140_CR38,0,140,140_.jpg', 'tt0364569'),
	('https://m.media-amazon.com/images/M/MV5BMDAwNDJjMGUtZjliMS00OTY2LWE3MTQtYmQ1NzMwZmMzMGIyXkEyXkFqcGdeQXVyNjY1MTg4Mzc@._V1_QL75_UX140_CR0,0,140,140_.jpg', 'tt0364569'),
	('https://m.media-amazon.com/images/M/MV5BMTYzNjIwNzI0OV5BMl5BanBnXkFtZTcwNjIyODY3Mw@@._V1_QL75_UY140_CR32,0,140,140_.jpg', 'tt0169547'),
	('https://m.media-amazon.com/images/M/MV5BMTM1NjYyMzExMV5BMl5BanBnXkFtZTcwODEyODY3Mw@@._V1_QL75_UY140_CR32,0,140,140_.jpg', 'tt0169547'),
	('https://m.media-amazon.com/images/M/MV5BMTM4NzU3NzM2N15BMl5BanBnXkFtZTcwOTEyODY3Mw@@._V1_QL75_UY140_CR32,0,140,140_.jpg', 'tt0169547'),
	('https://m.media-amazon.com/images/M/MV5BMTgyMjYwMDM5Ml5BMl5BanBnXkFtZTcwMDIyODY3Mw@@._V1_QL75_UY140_CR32,0,140,140_.jpg', 'tt0169547'),
	('https://m.media-amazon.com/images/M/MV5BMTU4MzEwODQzOF5BMl5BanBnXkFtZTcwMTIyODY3Mw@@._V1_QL75_UY140_CR32,0,140,140_.jpg', 'tt0169547'),
	('https://m.media-amazon.com/images/M/MV5BMTc1Mzk4NzIxNl5BMl5BanBnXkFtZTcwMzIyODY3Mw@@._V1_QL75_UY140_CR32,0,140,140_.jpg', 'tt0169547'),
	('https://m.media-amazon.com/images/M/MV5BMjI0NDYyOTE5OF5BMl5BanBnXkFtZTcwNDIyODY3Mw@@._V1_QL75_UY140_CR32,0,140,140_.jpg', 'tt0169547'),
	('https://m.media-amazon.com/images/M/MV5BMjI4MTE3Mzc3OF5BMl5BanBnXkFtZTcwNTIyODY3Mw@@._V1_QL75_UY140_CR32,0,140,140_.jpg', 'tt0169547'),
	('https://m.media-amazon.com/images/M/MV5BMTg2NTIwODM0MF5BMl5BanBnXkFtZTYwNjc0Mzk2._V1_QL75_UY140_CR35,0,140,140_.jpg', 'tt0169547'),
	('https://m.media-amazon.com/images/M/MV5BMTUwNzkyODA0N15BMl5BanBnXkFtZTYwODc0Mzk2._V1_QL75_UY140_CR35,0,140,140_.jpg', 'tt0169547'),
	('https://m.media-amazon.com/images/M/MV5BMTgxMzM0MDEyOV5BMl5BanBnXkFtZTYwMDg0Mzk2._V1_QL75_UY140_CR36,0,140,140_.jpg', 'tt0169547'),
	('https://m.media-amazon.com/images/M/MV5BMTg0NzgzOTU3NF5BMl5BanBnXkFtZTYwMTg0Mzk2._V1_QL75_UY140_CR36,0,140,140_.jpg', 'tt0169547'),
	('https://m.media-amazon.com/images/M/MV5BM2FjMjdlY2ItNjdhOC00ZWM3LWE0YjQtOGVhNTk4MTE5YTM5XkEyXkFqcGdeQXVyMTUzMTg2ODkz._V1_QL75_UY140_CR17,0,140,140_.jpg', 'tt0086879'),
	('https://m.media-amazon.com/images/M/MV5BMTUzNzcyMTM5Nl5BMl5BanBnXkFtZTgwMzM1NDA1NDM@._V1_QL75_UY140_CR42,0,140,140_.jpg', 'tt0086879'),
	('https://m.media-amazon.com/images/M/MV5BMTQ4MjAzNDIxMl5BMl5BanBnXkFtZTgwMTEwNjU5MTE@._V1_QL75_UY140_CR17,0,140,140_.jpg', 'tt0086879'),
	('https://m.media-amazon.com/images/M/MV5BMTU3OTA0MjcxM15BMl5BanBnXkFtZTYwMjc3MDk2._V1_QL75_UY140_CR39,0,140,140_.jpg', 'tt0086879'),
	('https://m.media-amazon.com/images/M/MV5BMTcxNDkwNjc1NV5BMl5BanBnXkFtZTYwNDc3MDk2._V1_QL75_UY140_CR40,0,140,140_.jpg', 'tt0086879'),
	('https://m.media-amazon.com/images/M/MV5BMTQxMTU5NzkzNF5BMl5BanBnXkFtZTYwNjc3MDk2._V1_QL75_UX140_CR0,0,140,140_.jpg', 'tt0086879'),
	('https://m.media-amazon.com/images/M/MV5BMzA5MzIwOTE4Nl5BMl5BanBnXkFtZTYwODc3MDk2._V1_QL75_UY140_CR36,0,140,140_.jpg', 'tt0086879'),
	('https://m.media-amazon.com/images/M/MV5BMjA3NzcwMjYwNF5BMl5BanBnXkFtZTYwMDg3MDk2._V1_QL75_UY140_CR39,0,140,140_.jpg', 'tt0086879'),
	('https://m.media-amazon.com/images/M/MV5BMTI2MTQ4NTkyNF5BMl5BanBnXkFtZTYwMjg3MDk2._V1_QL75_UX140_CR0,0,140,140_.jpg', 'tt0086879'),
	('https://m.media-amazon.com/images/M/MV5BMTI3OTk5MjA1OF5BMl5BanBnXkFtZTYwNDg3MDk2._V1_QL75_UY140_CR38,0,140,140_.jpg', 'tt0086879'),
	('https://m.media-amazon.com/images/M/MV5BMjE3NzE1MTM3MV5BMl5BanBnXkFtZTYwNTg3MDk2._V1_QL75_UY140_CR39,0,140,140_.jpg', 'tt0086879'),
	('https://m.media-amazon.com/images/M/MV5BNTc5MDM5NDIyNV5BMl5BanBnXkFtZTcwMTE0MDYwMw@@._V1_QL75_UY140_CR28,0,140,140_.jpg', 'tt0086879'),
	('https://m.media-amazon.com/images/M/MV5BN2Q4NWY3ZTYtYWNjNi00OGExLWI0YTAtZDM0NTY5MDY3OWZhXkEyXkFqcGdeQXVyMDc2NTEzMw@@._V1_QL75_UX140_CR0,0,140,140_.jpg', 'tt0114709'),
	('https://m.media-amazon.com/images/M/MV5BNjFjMTdkOGQtZDJjZS00YzIzLWE1NTItZDdhYzY1NzE1Njg2XkEyXkFqcGdeQXVyMjg0NjA1Mzk@._V1_QL75_UY140_CR55,0,140,140_.jpg', 'tt0114709'),
	('https://m.media-amazon.com/images/M/MV5BMTUyNTQwMTUwMl5BMl5BanBnXkFtZTgwOTI2OTYwMzI@._V1_QL75_UY140_CR55,0,140,140_.jpg', 'tt0114709'),
	('https://m.media-amazon.com/images/M/MV5BMTQ5NTc5NTYyM15BMl5BanBnXkFtZTcwMzk0MjIyNw@@._V1_QL75_UX140_CR0,0,140,140_.jpg', 'tt0114709'),
	('https://m.media-amazon.com/images/M/MV5BNjY3Njk2MDgwM15BMl5BanBnXkFtZTcwNDk0MjIyNw@@._V1_QL75_UY140_CR47,0,140,140_.jpg', 'tt0114709'),
	('https://m.media-amazon.com/images/M/MV5BMTM5MTE1MzkwN15BMl5BanBnXkFtZTcwNTk0MjIyNw@@._V1_QL75_UY140_CR47,0,140,140_.jpg', 'tt0114709'),
	('https://m.media-amazon.com/images/M/MV5BNjk1NjgzMzc1MF5BMl5BanBnXkFtZTcwNzk0MjIyNw@@._V1_QL75_UY140_CR47,0,140,140_.jpg', 'tt0114709'),
	('https://m.media-amazon.com/images/M/MV5BMTUzODkyMjk2Ml5BMl5BanBnXkFtZTcwOTk0MjIyNw@@._V1_QL75_UY140_CR47,0,140,140_.jpg', 'tt0114709'),
	('https://m.media-amazon.com/images/M/MV5BNzI5NTM0MDU0Nl5BMl5BanBnXkFtZTcwNTc4NjIyNQ@@._V1_QL75_UY140_CR55,0,140,140_.jpg', 'tt0114709'),
	('https://m.media-amazon.com/images/M/MV5BMTQ2MDU0OTI0M15BMl5BanBnXkFtZTcwOTgyNDAxMw@@._V1_QL75_UY140_CR32,0,140,140_.jpg', 'tt0114709'),
	('https://m.media-amazon.com/images/M/MV5BMTI1Nzk2MzU3Ml5BMl5BanBnXkFtZTcwMzAzMzc4Mg@@._V1_QL75_UY140_CR48,0,140,140_.jpg', 'tt0114709'),
	('https://m.media-amazon.com/images/M/MV5BOTYxOTg0Mjc4Nl5BMl5BanBnXkFtZTcwNDAzMzc4Mg@@._V1_QL75_UX140_CR0,0,140,140_.jpg', 'tt0114709'),
	('https://m.media-amazon.com/images/M/MV5BMTlmOGE2ZWMtODA4MS00M2Q0LTg5MDktYzY2MmYzOWRhZWVlXkEyXkFqcGdeQXVyODkzNTgxMDg@._V1_QL75_UY140_CR63,0,140,140_.jpg', 'tt4154796'),
	('https://m.media-amazon.com/images/M/MV5BNDQ1YjBkNGEtYzUxZi00NzUyLTgwZGUtYmFhZTkzYTJkOTk0XkEyXkFqcGdeQXVyNjg2NjQwMDQ@._V1_QL75_UY140_CR63,0,140,140_.jpg', 'tt4154796'),
	('https://m.media-amazon.com/images/M/MV5BZmRmNjhmOGItNWMzNi00NTMyLTgzZTktY2UxMzQ4YjhhN2YxXkEyXkFqcGdeQXVyNjg2NjQwMDQ@._V1_QL75_UY140_CR63,0,140,140_.jpg', 'tt4154796'),
	('https://m.media-amazon.com/images/M/MV5BZGFmYWU1OGUtYmUxNS00N2E4LTkxYmMtZGYxM2NmYzhjZjJkXkEyXkFqcGdeQXVyNjg2NjQwMDQ@._V1_QL75_UY140_CR63,0,140,140_.jpg', 'tt4154796'),
	('https://m.media-amazon.com/images/M/MV5BZWQ5OGI3Y2EtNjVmMi00Zjc0LWEyMTgtODk3MDlmNGE2ZTEwXkEyXkFqcGdeQXVyNjg2NjQwMDQ@._V1_QL75_UY140_CR63,0,140,140_.jpg', 'tt4154796'),
	('https://m.media-amazon.com/images/M/MV5BZGU5NzNiODEtZGVjOC00MjliLTkwZWQtNzk5Y2U2NTc5ODljXkEyXkFqcGdeQXVyNjg2NjQwMDQ@._V1_QL75_UY140_CR63,0,140,140_.jpg', 'tt4154796'),
	('https://m.media-amazon.com/images/M/MV5BMGJjZTk1NTYtM2I4Yi00NjJhLTg5OWEtZDlkZjMzZjMyY2VkXkEyXkFqcGdeQXVyNjg2NjQwMDQ@._V1_QL75_UY140_CR63,0,140,140_.jpg', 'tt4154796'),
	('https://m.media-amazon.com/images/M/MV5BOWI0NDBmOWMtYTEzYy00OTcxLTgwMTgtZWNjMjg0NzBjN2M3XkEyXkFqcGdeQXVyNjg2NjQwMDQ@._V1_QL75_UY140_CR63,0,140,140_.jpg', 'tt4154796'),
	('https://m.media-amazon.com/images/M/MV5BYjQxOGNiZDQtYWM0MS00YmQxLTg1ODctNDQ4YTg5ZTBiYzBiXkEyXkFqcGdeQXVyNjg2NjQwMDQ@._V1_QL75_UY140_CR63,0,140,140_.jpg', 'tt4154796'),
	('https://m.media-amazon.com/images/M/MV5BZGE1YzQwNWMtNTk0ZC00NWMxLWJhZjctNDYyNWJhYmM2NGIwXkEyXkFqcGdeQXVyNjg2NjQwMDQ@._V1_QL75_UY140_CR63,0,140,140_.jpg', 'tt4154796'),
	('https://m.media-amazon.com/images/M/MV5BMTJlNjEwODgtMDdiNy00ZDE1LWEwZTQtZjM2ZTYwYzkzY2M0XkEyXkFqcGdeQXVyNjg2NjQwMDQ@._V1_QL75_UY140_CR63,0,140,140_.jpg', 'tt4154796'),
	('https://m.media-amazon.com/images/M/MV5BNDIxNDIxOTktZGUyZC00NGNlLWIzNjYtZDlmMGMzNzc2MzVjXkEyXkFqcGdeQXVyNjg2NjQwMDQ@._V1_QL75_UY140_CR63,0,140,140_.jpg', 'tt4154796'),
	('https://m.media-amazon.com/images/M/MV5BMTMwNjk5MzM0Nl5BMl5BanBnXkFtZTcwMDg0MTkzNQ@@._V1_QL75_UY140_CR38,0,140,140_.jpg', 'tt0082096'),
	('https://m.media-amazon.com/images/M/MV5BMjIyMTcyMzM4N15BMl5BanBnXkFtZTcwMTg0MTkzNQ@@._V1_QL75_UY140_CR38,0,140,140_.jpg', 'tt0082096'),
	('https://m.media-amazon.com/images/M/MV5BMzI2NzAxODgzNV5BMl5BanBnXkFtZTcwMjg0MTkzNQ@@._V1_QL75_UY140_CR38,0,140,140_.jpg', 'tt0082096'),
	('https://m.media-amazon.com/images/M/MV5BMjAwNzY3ODQ2Nl5BMl5BanBnXkFtZTcwNDg0MTkzNQ@@._V1_QL75_UY140_CR38,0,140,140_.jpg', 'tt0082096'),
	('https://m.media-amazon.com/images/M/MV5BMTUyOTE5MzEwM15BMl5BanBnXkFtZTcwNTg0MTkzNQ@@._V1_QL75_UY140_CR38,0,140,140_.jpg', 'tt0082096'),
	('https://m.media-amazon.com/images/M/MV5BNzQ0MDA5OTE4Nl5BMl5BanBnXkFtZTcwNjg0MTkzNQ@@._V1_QL75_UY140_CR38,0,140,140_.jpg', 'tt0082096'),
	('https://m.media-amazon.com/images/M/MV5BMTMxMDQ3MTI3MF5BMl5BanBnXkFtZTcwNzg0MTkzNQ@@._V1_QL75_UY140_CR38,0,140,140_.jpg', 'tt0082096'),
	('https://m.media-amazon.com/images/M/MV5BMTM1NzMzODM0MV5BMl5BanBnXkFtZTcwOTg0MTkzNQ@@._V1_QL75_UY140_CR38,0,140,140_.jpg', 'tt0082096'),
	('https://m.media-amazon.com/images/M/MV5BMjI0NTM4NDEwM15BMl5BanBnXkFtZTcwMTYxMTkzNQ@@._V1_QL75_UY140_CR38,0,140,140_.jpg', 'tt0082096'),
	('https://m.media-amazon.com/images/M/MV5BMTcxNjk1NDU4MV5BMl5BanBnXkFtZTcwMDgxMTkzNQ@@._V1_QL75_UY140_CR38,0,140,140_.jpg', 'tt0082096'),
	('https://m.media-amazon.com/images/M/MV5BMTgxNTI5MDI2M15BMl5BanBnXkFtZTcwMzEyMTkzNQ@@._V1_QL75_UY140_CR38,0,140,140_.jpg', 'tt0082096'),
	('https://m.media-amazon.com/images/M/MV5BMTQzNDk5NzU2Nl5BMl5BanBnXkFtZTcwNjEyMTkzNQ@@._V1_QL75_UY140_CR38,0,140,140_.jpg', 'tt0082096'),
	('https://m.media-amazon.com/images/M/MV5BNDViMDA2OGMtZWEyNC00NDFhLWFkOWMtY2Y0OTU0MmY4M2U1XkEyXkFqcGdeQXVyMDc2NTEzMw@@._V1_QL75_UY140_CR36,0,140,140_.jpg', 'tt0112573'),
	('https://m.media-amazon.com/images/M/MV5BNDRmMmU4ZDMtYWEzNi00MzYyLTk0MzctMjcxN2Q1N2M3ODBjXkEyXkFqcGdeQXVyMDc2NTEzMw@@._V1_QL75_UX140_CR0,0,140,140_.jpg', 'tt0112573'),
	('https://m.media-amazon.com/images/M/MV5BODk2ZDQxZWQtMWE3Yi00MTgyLTkwYmEtZGE5ZmU0Y2ViYWI1XkEyXkFqcGdeQXVyMDc2NTEzMw@@._V1_QL75_UX140_CR0,0,140,140_.jpg', 'tt0112573'),
	('https://m.media-amazon.com/images/M/MV5BMWY0MDQ2MGMtYzMyYS00ZDA2LWFkYTEtZDZlNTZmY2E1YmVhXkEyXkFqcGdeQXVyMDc2NTEzMw@@._V1_QL75_UX140_CR0,0,140,140_.jpg', 'tt0112573'),
	('https://m.media-amazon.com/images/M/MV5BNmI3MjBmZTQtMDU2ZC00ZmY3LThmMDktMTE0MWRkNGM5OWM1XkEyXkFqcGdeQXVyMDc2NTEzMw@@._V1_QL75_UY140_CR35,0,140,140_.jpg', 'tt0112573'),
	('https://m.media-amazon.com/images/M/MV5BYTUyNTVhNzEtOTUyMS00NDI1LThhZTQtOGNiOWU0YzBlYmUzXkEyXkFqcGdeQXVyMDc2NTEzMw@@._V1_QL75_UX140_CR0,0,140,140_.jpg', 'tt0112573'),
	('https://m.media-amazon.com/images/M/MV5BMjU3ZjczMWItOTYxOC00M2Y1LTllODQtOGNhOWE3MTY4NDUxXkEyXkFqcGdeQXVyMDc2NTEzMw@@._V1_QL75_UX140_CR0,0,140,140_.jpg', 'tt0112573'),
	('https://m.media-amazon.com/images/M/MV5BMDFiYWU4MzktNGY4Yy00YTc5LThmOTMtNjFiN2IzNWZlYTYwXkEyXkFqcGdeQXVyMDc2NTEzMw@@._V1_QL75_UX140_CR0,0,140,140_.jpg', 'tt0112573'),
	('https://m.media-amazon.com/images/M/MV5BMTYwYTExZjMtYmM1Mi00MDAxLWJmMGItOWI0YzAzMjI3ZTBjXkEyXkFqcGdeQXVyMDc2NTEzMw@@._V1_QL75_UX140_CR0,0,140,140_.jpg', 'tt0112573'),
	('https://m.media-amazon.com/images/M/MV5BZmRkODZkMjgtYmY5YS00ZTRhLWFlYjMtMzI5N2E5ZWU2YjJiXkEyXkFqcGdeQXVyMDc2NTEzMw@@._V1_QL75_UY140_CR33,0,140,140_.jpg', 'tt0112573'),
	('https://m.media-amazon.com/images/M/MV5BMTgyNDY3MzQzNl5BMl5BanBnXkFtZTgwNTEyNzU5MTE@._V1_QL75_UY140_CR36,0,140,140_.jpg', 'tt0112573'),
	('https://m.media-amazon.com/images/M/MV5BMjI3ODM5OTI5OF5BMl5BanBnXkFtZTgwNzEyNzU5MTE@._V1_QL75_UY140_CR34,0,140,140_.jpg', 'tt0112573'),
	('https://m.media-amazon.com/images/M/MV5BMjM0MjUxNzEwOV5BMl5BanBnXkFtZTgwNzE1MTAwMjE@._V1_QL75_UY140_CR36,0,140,140_.jpg', 'tt0119217'),
	('https://m.media-amazon.com/images/M/MV5BMjE4NTcwMjU3MF5BMl5BanBnXkFtZTgwODE1MTAwMjE@._V1_QL75_UY140_CR35,0,140,140_.jpg', 'tt0119217'),
	('https://m.media-amazon.com/images/M/MV5BMTA1NDAzMzA3MTheQTJeQWpwZ15BbWU4MDkxNTEwMDIx._V1_QL75_UY140_CR34,0,140,140_.jpg', 'tt0119217'),
	('https://m.media-amazon.com/images/M/MV5BMTg3NDI1MDI0MF5BMl5BanBnXkFtZTgwMDI1MTAwMjE@._V1_QL75_UY140_CR36,0,140,140_.jpg', 'tt0119217'),
	('https://m.media-amazon.com/images/M/MV5BMTU5MjM0MTg5MV5BMl5BanBnXkFtZTgwMTI1MTAwMjE@._V1_QL75_UY140_CR33,0,140,140_.jpg', 'tt0119217'),
	('https://m.media-amazon.com/images/M/MV5BMjM4NTI0Mzk3NF5BMl5BanBnXkFtZTgwMjI1MTAwMjE@._V1_QL75_UY140_CR36,0,140,140_.jpg', 'tt0119217'),
	('https://m.media-amazon.com/images/M/MV5BMjEzNTU0NDEyMl5BMl5BanBnXkFtZTcwMTQ5MjU0NQ@@._V1_QL75_UY140_CR36,0,140,140_.jpg', 'tt0119217'),
	('https://m.media-amazon.com/images/M/MV5BMTQ4NzA0NTYxMV5BMl5BanBnXkFtZTcwMzQ5MjU0NQ@@._V1_QL75_UY140_CR36,0,140,140_.jpg', 'tt0119217'),
	('https://m.media-amazon.com/images/M/MV5BMTcxOTI5OTcyNV5BMl5BanBnXkFtZTcwNDQ5MjU0NQ@@._V1_QL75_UY140_CR36,0,140,140_.jpg', 'tt0119217'),
	('https://m.media-amazon.com/images/M/MV5BMTYxNjM1MTg2Nl5BMl5BanBnXkFtZTcwNTQ5MjU0NQ@@._V1_QL75_UY140_CR36,0,140,140_.jpg', 'tt0119217'),
	('https://m.media-amazon.com/images/M/MV5BMTU4Nzk1MDg5M15BMl5BanBnXkFtZTcwNzQ5MjU0NQ@@._V1_QL75_UY140_CR36,0,140,140_.jpg', 'tt0119217'),
	('https://m.media-amazon.com/images/M/MV5BMjI4MDAxNDI3N15BMl5BanBnXkFtZTcwODQ5MjU0NQ@@._V1_QL75_UY140_CR36,0,140,140_.jpg', 'tt0119217'),
	('https://m.media-amazon.com/images/M/MV5BZDc5YjVmNjAtZjBkZC00MjFjLWI5NmItOGVlYzRkNGVhMDQ0XkEyXkFqcGdeQXVyMTUzMTg2ODkz._V1_QL75_UY140_CR55,0,140,140_.jpg', 'tt0119698'),
	('https://m.media-amazon.com/images/M/MV5BNWNjNjRlMmMtNjc1OS00NGI1LWIzZjQtNDM2NTA0NDBlNDE3XkEyXkFqcGdeQXVyMTUzMTg2ODkz._V1_QL75_UY140_CR56,0,140,140_.jpg', 'tt0119698'),
	('https://m.media-amazon.com/images/M/MV5BYmYwMzFjOTYtODJhMy00ZGIxLWJmZmYtZjQxNGMyODJiMTQ5XkEyXkFqcGdeQXVyMTUzMTg2ODkz._V1_QL75_UY140_CR56,0,140,140_.jpg', 'tt0119698'),
	('https://m.media-amazon.com/images/M/MV5BMDE1NDhhM2YtMDc2Ny00N2EwLTgwNTEtNGY5NjQ5Njc5OWEyXkEyXkFqcGdeQXVyMTUzMTg2ODkz._V1_QL75_UY140_CR56,0,140,140_.jpg', 'tt0119698'),
	('https://m.media-amazon.com/images/M/MV5BMjIzNjEyNTAzOF5BMl5BanBnXkFtZTgwNDI1MDMzNTE@._V1_QL75_UY140_CR56,0,140,140_.jpg', 'tt0119698'),
	('https://m.media-amazon.com/images/M/MV5BNzcxODMxMjY4NF5BMl5BanBnXkFtZTgwMzUzMjkxMzE@._V1_QL75_UX140_CR0,0,140,140_.jpg', 'tt0119698'),
	('https://m.media-amazon.com/images/M/MV5BMjIxNDIxNTYyOF5BMl5BanBnXkFtZTgwNDUzMjkxMzE@._V1_QL75_UX140_CR0,0,140,140_.jpg', 'tt0119698'),
	('https://m.media-amazon.com/images/M/MV5BNDQ5MzE1NjY3OF5BMl5BanBnXkFtZTgwNjQzMjkxMzE@._V1_QL75_UY140_CR53,0,140,140_.jpg', 'tt0119698'),
	('https://m.media-amazon.com/images/M/MV5BMTUxNjcwODkxNl5BMl5BanBnXkFtZTgwNzQzMjkxMzE@._V1_QL75_UY140_CR42,0,140,140_.jpg', 'tt0119698'),
	('https://m.media-amazon.com/images/M/MV5BMTExMzE4NjgwOTZeQTJeQWpwZ15BbWU4MDg0MzI5MTMx._V1_QL75_UY140_CR81,0,140,140_.jpg', 'tt0119698'),
	('https://m.media-amazon.com/images/M/MV5BMTU2MDk3MjkzOF5BMl5BanBnXkFtZTgwOTQzMjkxMzE@._V1_QL75_UY140_CR54,0,140,140_.jpg', 'tt0119698'),
	('https://m.media-amazon.com/images/M/MV5BMTQzNjQ2NTA4OV5BMl5BanBnXkFtZTgwMDUzMjkxMzE@._V1_QL75_UX140_CR0,0,140,140_.jpg', 'tt0119698'),
	('https://m.media-amazon.com/images/M/MV5BY2MzMmRiZDQtMmQyMy00ODM3LTk1ZTYtNzYzYjliZTExY2YwXkEyXkFqcGdeQXVyNTM3MDMyMDQ@._V1_QL75_UY140_CR24,0,140,140_.jpg', 'tt7286456'),
	('https://m.media-amazon.com/images/M/MV5BNDM2ZWYzZWItYTdiMS00ZGUzLWFkZTMtYWE3YzRkNGJmZDk1XkEyXkFqcGdeQXVyMTkxNjUyNQ@@._V1_QL75_UY140_CR35,0,140,140_.jpg', 'tt7286456'),
	('https://m.media-amazon.com/images/M/MV5BMDNkYTMzZjctYjg5YS00MDgwLTg2MGYtMWNmOWY3Nzg0ZDVlXkEyXkFqcGdeQXVyMTkxNjUyNQ@@._V1_QL75_UY140_CR35,0,140,140_.jpg', 'tt7286456'),
	('https://m.media-amazon.com/images/M/MV5BMjk4Nzg5NjktMGMxMS00NjhjLThmNjItM2JjM2VjYjAwMjcyXkEyXkFqcGdeQXVyMTkxNjUyNQ@@._V1_QL75_UY140_CR35,0,140,140_.jpg', 'tt7286456'),
	('https://m.media-amazon.com/images/M/MV5BYmZlOTY2OGUtYWY2Yy00NGE0LTg5YmQtNmM2MmYxOWI2YmJiXkEyXkFqcGdeQXVyMTkxNjUyNQ@@._V1_QL75_UY140_CR35,0,140,140_.jpg', 'tt7286456'),
	('https://m.media-amazon.com/images/M/MV5BNmUzNDgwYjAtM2IyYS00ZTc3LWJjMDgtZTQ2MzA5N2IyMDZhXkEyXkFqcGdeQXVyMTkxNjUyNQ@@._V1_QL75_UY140_CR23,0,140,140_.jpg', 'tt7286456'),
	('https://m.media-amazon.com/images/M/MV5BZDgzMzEzNDMtZThlNC00OTc3LWFlOGQtNGQ2ODFmYmNhOTA4XkEyXkFqcGdeQXVyMTkxNjUyNQ@@._V1_QL75_UY140_CR35,0,140,140_.jpg', 'tt7286456'),
	('https://m.media-amazon.com/images/M/MV5BODJmZTI4MmMtMTc5Mi00OTZlLWFiNDItMTNlZjQyMzUxMmQyXkEyXkFqcGdeQXVyMTkxNjUyNQ@@._V1_QL75_UY140_CR35,0,140,140_.jpg', 'tt7286456'),
	('https://m.media-amazon.com/images/M/MV5BMjI0Nzk4ODctYWNlOC00Njg5LThiNTMtZDNjOTllODNlNWZlXkEyXkFqcGdeQXVyMTkxNjUyNQ@@._V1_QL75_UY140_CR35,0,140,140_.jpg', 'tt7286456'),
	('https://m.media-amazon.com/images/M/MV5BOWM3ZDI1ZDAtYTZlZS00M2MzLWJhNTQtOWQxNmM5YmMzYjdiXkEyXkFqcGdeQXVyMTkxNjUyNQ@@._V1_QL75_UX140_CR0,0,140,140_.jpg', 'tt7286456'),
	('https://m.media-amazon.com/images/M/MV5BZDJkOWFiM2QtYWExNS00YjQ3LTkyYTktMjllODBlY2UzMjQ2XkEyXkFqcGdeQXVyMTkxNjUyNQ@@._V1_QL75_UX140_CR0,0,140,140_.jpg', 'tt7286456'),
	('https://m.media-amazon.com/images/M/MV5BZGUzMWI4ZDktNTEzYi00ZmNiLThhNzItZDkwZDk2NTg5ZGNiXkEyXkFqcGdeQXVyMTkxNjUyNQ@@._V1_QL75_UY140_CR60,0,140,140_.jpg', 'tt7286456'),
	('https://m.media-amazon.com/images/M/MV5BNGYyNmI3M2YtNzYzZS00OTViLTkxYjAtZDIyZmE1Y2U1ZmQ2XkEyXkFqcGdeQXVyMTA4NjE0NjEy._V1_QL75_UX140_CR0,0,140,140_.jpg', 'tt5311514'),
	('https://m.media-amazon.com/images/M/MV5BZjlmYWUwYzMtNjA4NS00MTRiLTlhMjctZDQ2YjNmZjA1M2MzXkEyXkFqcGdeQXVyMTA4NjE0NjEy._V1_QL75_UX140_CR0,0,140,140_.jpg', 'tt5311514'),
	('https://m.media-amazon.com/images/M/MV5BNDBlYmY3MzktMTgyOS00MTAwLTlkZDMtMGUzNDIyNTU2NjcyXkEyXkFqcGdeQXVyMTAyOTE2ODg0._V1_QL75_UX140_CR0,0,140,140_.jpg', 'tt5311514'),
	('https://m.media-amazon.com/images/M/MV5BZWY5MWE1NWEtMjEyYi00ZTFhLTlhMGUtMTE1Mzk2MzJkNzkwXkEyXkFqcGdeQXVyMTYzMDM0NTU@._V1_QL75_UX140_CR0,0,140,140_.jpg', 'tt5311514'),
	('https://m.media-amazon.com/images/M/MV5BYTRjZWE3YzktNjE1Yi00NDg3LTg5OWYtMGI1MTkwMDNjMTc3XkEyXkFqcGdeQXVyMTYzMDM0NTU@._V1_QL75_UX140_CR0,0,140,140_.jpg', 'tt5311514'),
	('https://m.media-amazon.com/images/M/MV5BYjAxOGE2YmEtZjc4MS00ZjcxLWI5NTMtNDA2ZGU5ODQ4NTBmXkEyXkFqcGdeQXVyMTYzMDM0NTU@._V1_QL75_UX140_CR0,0,140,140_.jpg', 'tt5311514'),
	('https://m.media-amazon.com/images/M/MV5BNDdkOTU1NTYtOTRlNi00NzE2LWJjYTItNjhmZGYzNTZlMmQxXkEyXkFqcGdeQXVyMTcwMjUwNTk0._V1_QL75_UY140_CR57,0,140,140_.jpg', 'tt5311514'),
	('https://m.media-amazon.com/images/M/MV5BZWMzZjcxMmItMWQwNy00OGRkLThhMjMtMDZiMTZjMzA2NTkyXkEyXkFqcGdeQXVyMTcwMjUwNTk0._V1_QL75_UY140_CR54,0,140,140_.jpg', 'tt5311514'),
	('https://m.media-amazon.com/images/M/MV5BZTQ0M2U0YmYtMmY3MC00NzFiLWEyZTUtZTYzMDQ2ZjY4NTlmXkEyXkFqcGdeQXVyMTcwMjUwNTk0._V1_QL75_UY140_CR57,0,140,140_.jpg', 'tt5311514'),
	('https://m.media-amazon.com/images/M/MV5BZTJlNzg1MmYtNTUwNS00NzJjLThiNGUtZDFiMWE1M2RlZjk1XkEyXkFqcGdeQXVyMTcwMjUwNTk0._V1_QL75_UY140_CR55,0,140,140_.jpg', 'tt5311514'),
	('https://m.media-amazon.com/images/M/MV5BMmU5OTg0MzktMDRlMi00MGUzLWFjZmUtZWNkNWE4ZDIwYjgzXkEyXkFqcGdeQXVyMTcwMjUwNTk0._V1_QL75_UY140_CR54,0,140,140_.jpg', 'tt5311514'),
	('https://m.media-amazon.com/images/M/MV5BYjQxNDkzOTItYjE4Zi00NWY5LTk0ZmItMmNhMTc3NDUwMTUzXkEyXkFqcGdeQXVyMTcwMjUwNTk0._V1_QL75_UY140_CR53,0,140,140_.jpg', 'tt5311514'),
	('https://m.media-amazon.com/images/M/MV5BMTgxNTk0NzU2Ml5BMl5BanBnXkFtZTcwNzI5MTU4Mw@@._V1_QL75_UY140_CR47,0,140,140_.jpg', 'tt0057565'),
	('https://m.media-amazon.com/images/M/MV5BMTk3NTg0MDMzMF5BMl5BanBnXkFtZTcwODI5MTU4Mw@@._V1_QL75_UY140_CR23,0,140,140_.jpg', 'tt0057565'),
	('https://m.media-amazon.com/images/M/MV5BMTUwODU0NjUyN15BMl5BanBnXkFtZTcwOTI5MTU4Mw@@._V1_QL75_UY140_CR20,0,140,140_.jpg', 'tt0057565'),
	('https://m.media-amazon.com/images/M/MV5BNTJjNjA4MjgtMjE4Ni00MDU5LTkzZDAtZDAyZWM5ZGY5MjgwXkEyXkFqcGdeQXVyODc0OTEyNDU@._V1_QL75_UX140_CR0,0,140,140_.jpg', 'tt0057565'),
	('https://m.media-amazon.com/images/M/MV5BMTczMTM4NzcyOV5BMl5BanBnXkFtZTgwMjA1MDkwMzE@._V1_QL75_UX140_CR0,0,140,140_.jpg', 'tt0057565'),
	('https://m.media-amazon.com/images/M/MV5BMTk4MTE4NTc5NF5BMl5BanBnXkFtZTYwOTcyMjU5._V1_QL75_UX140_CR0,0,140,140_.jpg', 'tt0057565'),
	('https://m.media-amazon.com/images/M/MV5BZGFjMGY5NGUtYzFhMC00NzE1LTg5ZDctYzNkOGIwODU5ZDQ5XkEyXkFqcGdeQXVyMjI0Mjg2NzE@._V1_QL75_UY140_CR91,0,140,140_.jpg', 'tt0057565'),
	('https://m.media-amazon.com/images/M/MV5BODJhYjAwMTUtM2FkYy00MDU3LWJlOTQtZWRmOWUzMGQ4ZWRjXkEyXkFqcGdeQXVyMjI0Mjg2NzE@._V1_QL75_UY140_CR94,0,140,140_.jpg', 'tt0057565'),
	('https://m.media-amazon.com/images/M/MV5BZGYxOTBkYWYtZTllYi00YWEwLWIxZjktMTIwNTUzNTdkMGFjXkEyXkFqcGdeQXVyMjI0Mjg2NzE@._V1_QL75_UY140_CR55,0,140,140_.jpg', 'tt0057565'),
	('https://m.media-amazon.com/images/M/MV5BZDIxNTI5YTUtODU0OS00YjE1LTg4YWQtOWZhZDkzNzI4ODllXkEyXkFqcGdeQXVyMjI0Mjg2NzE@._V1_QL75_UY140_CR95,0,140,140_.jpg', 'tt0057565'),
	('https://m.media-amazon.com/images/M/MV5BZjRjNDE0NjQtMThmNC00ZmUwLWE4ZDMtMDQ2NGYwN2E5N2FmXkEyXkFqcGdeQXVyMjI0Mjg2NzE@._V1_QL75_UY140_CR94,0,140,140_.jpg', 'tt0057565'),
	('https://m.media-amazon.com/images/M/MV5BMWVmZWFlZjAtMGYyYi00N2NiLWE4NDEtYmNkYWFlMzgzNDFmXkEyXkFqcGdeQXVyMjI0Mjg2NzE@._V1_QL75_UY140_CR55,0,140,140_.jpg', 'tt0057565'),
	('https://m.media-amazon.com/images/M/MV5BMTk1ODI3MzMwM15BMl5BanBnXkFtZTgwNjQzODIwMjE@._V1_QL75_UY140_CR22,0,140,140_.jpg', 'tt0087843'),
	('https://m.media-amazon.com/images/M/MV5BMTYzNTQ4MTcxNV5BMl5BanBnXkFtZTgwNTQzODIwMjE@._V1_QL75_UY140_CR16,0,140,140_.jpg', 'tt0087843'),
	('https://m.media-amazon.com/images/M/MV5BMTkzMzIzOTA4NF5BMl5BanBnXkFtZTgwMDQzODIwMjE@._V1_QL75_UY140_CR22,0,140,140_.jpg', 'tt0087843'),
	('https://m.media-amazon.com/images/M/MV5BMTEzNjIzOTQ4NzheQTJeQWpwZ15BbWU4MDM0MzgyMDIx._V1_QL75_UY140_CR20,0,140,140_.jpg', 'tt0087843'),
	('https://m.media-amazon.com/images/M/MV5BMjMyMjIyODg0MF5BMl5BanBnXkFtZTgwMjQzODIwMjE@._V1_QL75_UX140_CR0,0,140,140_.jpg', 'tt0087843'),
	('https://m.media-amazon.com/images/M/MV5BMjM3MjM5OTYxNF5BMl5BanBnXkFtZTgwODMzODIwMjE@._V1_QL75_UY140_CR19,0,140,140_.jpg', 'tt0087843'),
	('https://m.media-amazon.com/images/M/MV5BMTUzMTUxMTI0NF5BMl5BanBnXkFtZTgwNDQzODIwMjE@._V1_QL75_UX140_CR0,0,140,140_.jpg', 'tt0087843'),
	('https://m.media-amazon.com/images/M/MV5BMjQwMTkzMDQzNl5BMl5BanBnXkFtZTgwNDMzODIwMjE@._V1_QL75_UY140_CR24,0,140,140_.jpg', 'tt0087843'),
	('https://m.media-amazon.com/images/M/MV5BMTc0OTAxNjAzNF5BMl5BanBnXkFtZTgwMjMzODIwMjE@._V1_QL75_UY140_CR34,0,140,140_.jpg', 'tt0087843'),
	('https://m.media-amazon.com/images/M/MV5BMjA5NDYzNDE5OV5BMl5BanBnXkFtZTgwMTMzODIwMjE@._V1_QL75_UY140_CR21,0,140,140_.jpg', 'tt0087843'),
	('https://m.media-amazon.com/images/M/MV5BMjE1NjMxNzg3OV5BMl5BanBnXkFtZTgwNjMzODIwMjE@._V1_QL75_UY140_CR16,0,140,140_.jpg', 'tt0087843'),
	('https://m.media-amazon.com/images/M/MV5BMjI3NDM2ODQ2NF5BMl5BanBnXkFtZTgwNzMzODIwMjE@._V1_QL75_UY140_CR21,0,140,140_.jpg', 'tt0087843'),
	('https://m.media-amazon.com/images/M/MV5BNWQ5YTc5ZDQtOTkzYS00ODRlLTlkMDEtNjU1MjcyMDVkMDIwL2ltYWdlXkEyXkFqcGdeQXVyNjY1MTg4Mzc@._V1_QL75_UY140_CR61,0,140,140_.jpg', 'tt1187043'),
	('https://m.media-amazon.com/images/M/MV5BMDc3NjdiNDItNGY4Mi00OWMwLTgyY2MtZjhmMzU0MWY4YTIzL2ltYWdlXkEyXkFqcGdeQXVyNjY1MTg4Mzc@._V1_QL75_UY140_CR24,0,140,140_.jpg', 'tt1187043'),
	('https://m.media-amazon.com/images/M/MV5BMTk2MzkxMDk0NF5BMl5BanBnXkFtZTcwOTg0NDMwNQ@@._V1_QL75_UY140_CR35,0,140,140_.jpg', 'tt1187043'),
	('https://m.media-amazon.com/images/M/MV5BMTU1Nzg0NzczMF5BMl5BanBnXkFtZTcwMzk0NDMwNQ@@._V1_QL75_UY140_CR35,0,140,140_.jpg', 'tt1187043'),
	('https://m.media-amazon.com/images/M/MV5BMTM1NDA5NjEzOV5BMl5BanBnXkFtZTcwMTA1NDMwNQ@@._V1_QL75_UY140_CR35,0,140,140_.jpg', 'tt1187043'),
	('https://m.media-amazon.com/images/M/MV5BMTM5NTczNjYzMl5BMl5BanBnXkFtZTcwNTc0NTMwNQ@@._V1_QL75_UY140_CR35,0,140,140_.jpg', 'tt1187043'),
	('https://m.media-amazon.com/images/M/MV5BODQyNjY1MDg2M15BMl5BanBnXkFtZTcwMTg2MzkwMw@@._V1_QL75_UY140_CR18,0,140,140_.jpg', 'tt1187043'),
	('https://m.media-amazon.com/images/M/MV5BMjE1ODMzMjMwOF5BMl5BanBnXkFtZTcwMjg2MzkwMw@@._V1_QL75_UY140_CR18,0,140,140_.jpg', 'tt1187043'),
	('https://m.media-amazon.com/images/M/MV5BMjE2MDQ5NjQ0Nl5BMl5BanBnXkFtZTcwMzg2MzkwMw@@._V1_QL75_UY140_CR18,0,140,140_.jpg', 'tt1187043'),
	('https://m.media-amazon.com/images/M/MV5BMTkxNjQ1NzY0M15BMl5BanBnXkFtZTcwNDg2MzkwMw@@._V1_QL75_UY140_CR18,0,140,140_.jpg', 'tt1187043'),
	('https://m.media-amazon.com/images/M/MV5BMTcwNjEwODY5NV5BMl5BanBnXkFtZTcwNTg2MzkwMw@@._V1_QL75_UY140_CR18,0,140,140_.jpg', 'tt1187043'),
	('https://m.media-amazon.com/images/M/MV5BMjEyMzYxMTUzNl5BMl5BanBnXkFtZTcwNjg2MzkwMw@@._V1_QL75_UY140_CR18,0,140,140_.jpg', 'tt1187043'),
	('https://m.media-amazon.com/images/M/MV5BYzhkNTkxOTEtZDY4My00ZWRmLWJlNDctZTUxZmQzYmFlNzM3XkEyXkFqcGdeQXVyMTUzMTg2ODkz._V1_QL75_UX140_CR0,0,140,140_.jpg', 'tt0045152'),
	('https://m.media-amazon.com/images/M/MV5BMTA1NTNkMDQtMjVkMi00Mzk1LWI5ZGQtMjQzYzI4MjRkYjAwXkEyXkFqcGdeQXVyMTUzMTg2ODkz._V1_QL75_UX140_CR0,0,140,140_.jpg', 'tt0045152'),
	('https://m.media-amazon.com/images/M/MV5BZTg0YWVmNDctM2QyNy00NmE2LTkyOWQtNDRiOTE0ZWE2NWQ4XkEyXkFqcGdeQXVyMTUzMTg2ODkz._V1_QL75_UX140_CR0,0,140,140_.jpg', 'tt0045152'),
	('https://m.media-amazon.com/images/M/MV5BODZhNWI3ODEtMGJlMC00Mzk4LTg4YzQtYmM1NmUwYTBkZDJkXkEyXkFqcGdeQXVyMTUzMTg2ODkz._V1_QL75_UY140_CR18,0,140,140_.jpg', 'tt0045152'),
	('https://m.media-amazon.com/images/M/MV5BMGI1M2IyOTYtMTM1OC00YThhLTk2YzItYWMzZDA1N2FlMGM4XkEyXkFqcGdeQXVyMTUzMTg2ODkz._V1_QL75_UX140_CR0,0,140,140_.jpg', 'tt0045152'),
	('https://m.media-amazon.com/images/M/MV5BZTBlODc2ZWMtMDNmZC00ZjEyLTk1OTItMWExNjE2YjRhZDQzXkEyXkFqcGdeQXVyMDM2NDM2MQ@@._V1_QL75_UX140_CR0,0,140,140_.jpg', 'tt0045152'),
	('https://m.media-amazon.com/images/M/MV5BMjMyMTg0MDY4Ml5BMl5BanBnXkFtZTgwMzUxODUyMTI@._V1_QL75_UX140_CR0,0,140,140_.jpg', 'tt0045152'),
	('https://m.media-amazon.com/images/M/MV5BMTA2NDg0MjA5NzdeQTJeQWpwZ15BbWU4MDU2MDg1MjEy._V1_QL75_UX140_CR0,0,140,140_.jpg', 'tt0045152'),
	('https://m.media-amazon.com/images/M/MV5BMTE0NzI2NTg2ODJeQTJeQWpwZ15BbWU4MDY1OTc1MjEy._V1_QL75_UX140_CR0,0,140,140_.jpg', 'tt0045152'),
	('https://m.media-amazon.com/images/M/MV5BMTA5MTA3MjQxNjBeQTJeQWpwZ15BbWU4MDc0OTc1MjEy._V1_QL75_UX140_CR0,0,140,140_.jpg', 'tt0045152'),
	('https://m.media-amazon.com/images/M/MV5BMjYxNjE4MjM2Nl5BMl5BanBnXkFtZTgwNTc4NzUyMTI@._V1_QL75_UY140_CR18,0,140,140_.jpg', 'tt0045152'),
	('https://m.media-amazon.com/images/M/MV5BMTY4NGQyMmEtZDE2YS00NDZiLWI0NDktYjJjYjY1MjA3NGNlXkEyXkFqcGdeQXVyMjQwMDg0Ng@@._V1_QL75_UX140_CR0,0,140,140_.jpg', 'tt0045152'),
	('https://m.media-amazon.com/images/M/MV5BYThjNjBjMTgtNjRlNS00YTdjLWI3NjItY2Y1NzEzMGM4ZTA4XkEyXkFqcGdeQXVyNDI3NjU1NzQ@._V1_QL75_UX140_CR0,0,140,140_.jpg', 'tt8267604'),
	('https://m.media-amazon.com/images/M/MV5BZmRkODM4NjUtMGU0Mi00ZjIyLTk1YWQtMzY5MWRlYjc4NWNmXkEyXkFqcGdeQXVyMTA4NjE0NjEy._V1_QL75_UX140_CR0,0,140,140_.jpg', 'tt8267604'),
	('https://m.media-amazon.com/images/M/MV5BOGY3YzQxZWQtYjA4NS00ZDU1LWJhZmYtZjhlYmMxY2QzZGY1XkEyXkFqcGdeQXVyMTA4NjE0NjEy._V1_QL75_UX140_CR0,0,140,140_.jpg', 'tt8267604'),
	('https://m.media-amazon.com/images/M/MV5BMjRiOTA2MmItNjhhYi00Nzg2LWE1YzMtMWUwNjFiYTBjMDFiXkEyXkFqcGdeQXVyMTA4NjE0NjEy._V1_QL75_UX140_CR0,0,140,140_.jpg', 'tt8267604'),
	('https://m.media-amazon.com/images/M/MV5BOTMzM2IxYTItN2M3OS00MDFhLWJmNDktMmFlNWU0YjgxN2ZiXkEyXkFqcGdeQXVyMTAyOTE2ODg0._V1_QL75_UX140_CR0,0,140,140_.jpg', 'tt8267604'),
	('https://m.media-amazon.com/images/M/MV5BMDU2NTYyMTMtZTY0YS00ZWVlLTg3OTktOTY1NmM4MzExOTZhXkEyXkFqcGdeQXVyMTAzMDM4MjM0._V1_QL75_UX140_CR0,0,140,140_.jpg', 'tt8267604'),
	('https://m.media-amazon.com/images/M/MV5BYmI3MDQxNjYtYzRkMy00MmUyLTljMjMtNDczYjZmM2Y0MjMyXkEyXkFqcGdeQXVyMTYzMDM0NTU@._V1_QL75_UX140_CR0,0,140,140_.jpg', 'tt8267604'),
	('https://m.media-amazon.com/images/M/MV5BYTNkOGUzZWUtZjY3Yi00Y2U4LWE2MjEtMDkyNzcyZjA1ZDY2XkEyXkFqcGdeQXVyMTY1ODc5NjMx._V1_QL75_UY140_CR97,0,140,140_.jpg', 'tt8267604'),
	('https://m.media-amazon.com/images/M/MV5BYzc2MzY3MjItMWU2ZC00OGUwLWI2ZmMtZDcwYzFkMTE1MmYyXkEyXkFqcGdeQXVyMTY1ODc5NjMx._V1_QL75_UY140_CR55,0,140,140_.jpg', 'tt8267604'),
	('https://m.media-amazon.com/images/M/MV5BMDE4ODdiZDMtOGMxZS00NGMwLWI3ZjgtMzgzOWE0MWQ2MTA1XkEyXkFqcGdeQXVyMTY1ODc5NjMx._V1_QL75_UY140_CR35,0,140,140_.jpg', 'tt8267604'),
	('https://m.media-amazon.com/images/M/MV5BZjBjYThkODktMWViZi00NzNmLTgzODAtMjNiMGQxNjc3NGU3XkEyXkFqcGdeQXVyMTY1ODc5NjMx._V1_QL75_UY140_CR51,0,140,140_.jpg', 'tt8267604'),
	('https://m.media-amazon.com/images/M/MV5BYWNjN2U1Y2YtZjVkYS00ZmYyLTgyYjItZjQ0N2QyZmJhYzEyXkEyXkFqcGdeQXVyNDE5MTU2MDE@._V1_QL75_UY140_CR97,0,140,140_.jpg', 'tt8267604'),
	('https://m.media-amazon.com/images/M/MV5BMjAyMjg3MzY0MF5BMl5BanBnXkFtZTgwNDM4MTI2MTE@._V1_QL75_UY140_CR18,0,140,140_.jpg', 'tt0091251'),
	('https://m.media-amazon.com/images/M/MV5BMjIyODk0OTIzMF5BMl5BanBnXkFtZTgwNTM4MTI2MTE@._V1_QL75_UY140_CR19,0,140,140_.jpg', 'tt0091251'),
	('https://m.media-amazon.com/images/M/MV5BMTU1MzM1NzE2N15BMl5BanBnXkFtZTgwNjM4MTI2MTE@._V1_QL75_UX140_CR0,0,140,140_.jpg', 'tt0091251'),
	('https://m.media-amazon.com/images/M/MV5BMTY3ODMwNjAxMF5BMl5BanBnXkFtZTgwNzM4MTI2MTE@._V1_QL75_UY140_CR20,0,140,140_.jpg', 'tt0091251'),
	('https://m.media-amazon.com/images/M/MV5BNDc5MDQ2NTMxN15BMl5BanBnXkFtZTgwODM4MTI2MTE@._V1_QL75_UY140_CR17,0,140,140_.jpg', 'tt0091251'),
	('https://m.media-amazon.com/images/M/MV5BZDVhOGE5MzQtZGEyYy00NmFkLWIzYjYtODJkNjJkZGU4YTFiXkEyXkFqcGdeQXVyNDI3NjU1NzQ@._V1_QL75_UX140_CR0,0,140,140_.jpg', 'tt0091251'),
	('https://m.media-amazon.com/images/M/MV5BNTE1OWRlM2YtYThiYi00MTU3LThjZTctYjcxOWRmMTQ3MDdmXkEyXkFqcGdeQXVyMTAyOTE2ODg0._V1_QL75_UX140_CR0,0,140,140_.jpg', 'tt0091251'),
	('https://m.media-amazon.com/images/M/MV5BMjIyMjM4NTQ2OF5BMl5BanBnXkFtZTgwOTM4MTI2MTE@._V1_QL75_UX140_CR0,0,140,140_.jpg', 'tt0091251'),
	('https://m.media-amazon.com/images/M/MV5BMTQwODE3NzU2MV5BMl5BanBnXkFtZTgwMTQ4MTI2MTE@._V1_QL75_UY140_CR19,0,140,140_.jpg', 'tt0091251'),
	('https://m.media-amazon.com/images/M/MV5BMTU4NDU5NTQ0N15BMl5BanBnXkFtZTgwMzY5MTA2MTE@._V1_QL75_UX140_CR0,0,140,140_.jpg', 'tt0091251'),
	('https://m.media-amazon.com/images/M/MV5BMjE4MDc1ODc3NV5BMl5BanBnXkFtZTcwNjMyODA4MQ@@._V1_QL75_UX140_CR0,0,140,140_.jpg', 'tt0091251'),
	('https://m.media-amazon.com/images/M/MV5BMTI0NDYyNzk5OV5BMl5BanBnXkFtZTYwMzY1Mjk4._V1_QL75_UX140_CR0,0,140,140_.jpg', 'tt0091251'),
	('https://m.media-amazon.com/images/M/MV5BNzU4MDgwNTM0MV5BMl5BanBnXkFtZTgwODU5OTIwMjE@._V1_QL75_UY140_CR39,0,140,140_.jpg', 'tt0180093'),
	('https://m.media-amazon.com/images/M/MV5BMTgwNDU3ODk5M15BMl5BanBnXkFtZTgwNjU5OTIwMjE@._V1_QL75_UY140_CR36,0,140,140_.jpg', 'tt0180093'),
	('https://m.media-amazon.com/images/M/MV5BMTkzODMzODYwOF5BMl5BanBnXkFtZTcwODM2NjA2NQ@@._V1_QL75_UX140_CR0,0,140,140_.jpg', 'tt0180093'),
	('https://m.media-amazon.com/images/M/MV5BNjIxMzY4MDAyN15BMl5BanBnXkFtZTcwOTM2NjA2NQ@@._V1_QL75_UY140_CR35,0,140,140_.jpg', 'tt0180093'),
	('https://m.media-amazon.com/images/M/MV5BMTM1MzM2MzU5NV5BMl5BanBnXkFtZTcwMDQ2NjA2NQ@@._V1_QL75_UY140_CR32,0,140,140_.jpg', 'tt0180093'),
	('https://m.media-amazon.com/images/M/MV5BMTY0Njk1MDUzMl5BMl5BanBnXkFtZTcwMTQ2NjA2NQ@@._V1_QL75_UY140_CR37,0,140,140_.jpg', 'tt0180093'),
	('https://m.media-amazon.com/images/M/MV5BMTkxNDIyNDA2Nl5BMl5BanBnXkFtZTcwMjQ2NjA2NQ@@._V1_QL75_UY140_CR35,0,140,140_.jpg', 'tt0180093'),
	('https://m.media-amazon.com/images/M/MV5BMTUzNTY5NDg0OF5BMl5BanBnXkFtZTgwMTIzNTQ1OTE@._V1_QL75_UX140_CR0,0,140,140_.jpg', 'tt0180093'),
	('https://m.media-amazon.com/images/M/MV5BMTQ4ODU1OTExNF5BMl5BanBnXkFtZTYwMzUyNjA2._V1_QL75_UX140_CR0,0,140,140_.jpg', 'tt0180093'),
	('https://m.media-amazon.com/images/M/MV5BMTczMzQ2NDM3MF5BMl5BanBnXkFtZTYwNTUyNjA2._V1_QL75_UX140_CR0,0,140,140_.jpg', 'tt0180093'),
	('https://m.media-amazon.com/images/M/MV5BMTIwODQyODYxN15BMl5BanBnXkFtZTYwNzUyNjA2._V1_QL75_UX140_CR0,0,140,140_.jpg', 'tt0180093'),
	('https://m.media-amazon.com/images/M/MV5BMTI2MzU2MjczOF5BMl5BanBnXkFtZTYwMDYyNjA2._V1_QL75_UX140_CR0,0,140,140_.jpg', 'tt0180093'),
	('https://m.media-amazon.com/images/M/MV5BNGU3OGQ5ZDMtNjgxYS00YTAzLTk0NGYtNDYxYWI5ODdhYTkwXkEyXkFqcGdeQXVyMjg0NjA1Mzk@._V1_QL75_UY140_CR55,0,140,140_.jpg', 'tt0435761'),
	('https://m.media-amazon.com/images/M/MV5BMjUxZGZhNGEtNTc4Zi00ZTM4LWI2OTgtMjk5Njg1MDFiMzZiXkEyXkFqcGdeQXVyMjg0NjA1Mzk@._V1_QL75_UY140_CR55,0,140,140_.jpg', 'tt0435761'),
	('https://m.media-amazon.com/images/M/MV5BMjAyMDM0MjAyNV5BMl5BanBnXkFtZTgwNDI4OTYwMzI@._V1_QL75_UY140_CR55,0,140,140_.jpg', 'tt0435761'),
	('https://m.media-amazon.com/images/M/MV5BMjA5MjIyNTY2Ml5BMl5BanBnXkFtZTcwOTEwMTk1Mw@@._V1_QL75_UY140_CR29,0,140,140_.jpg', 'tt0435761'),
	('https://m.media-amazon.com/images/M/MV5BMTMyNzk2NzY4OV5BMl5BanBnXkFtZTcwMDIwMTk1Mw@@._V1_QL75_UY140_CR55,0,140,140_.jpg', 'tt0435761'),
	('https://m.media-amazon.com/images/M/MV5BMTg2MDAyMDMxM15BMl5BanBnXkFtZTcwMTIwMTk1Mw@@._V1_QL75_UY140_CR55,0,140,140_.jpg', 'tt0435761'),
	('https://m.media-amazon.com/images/M/MV5BMjIzODYyMDU4OV5BMl5BanBnXkFtZTcwNTM5MzU1Mw@@._V1_QL75_UY140_CR55,0,140,140_.jpg', 'tt0435761'),
	('https://m.media-amazon.com/images/M/MV5BMTQyNTg0NDkxMl5BMl5BanBnXkFtZTcwNjM5MzU1Mw@@._V1_QL75_UY140_CR36,0,140,140_.jpg', 'tt0435761'),
	('https://m.media-amazon.com/images/M/MV5BMjIxMTA3MzMxN15BMl5BanBnXkFtZTcwNzM5MzU1Mw@@._V1_QL75_UY140_CR56,0,140,140_.jpg', 'tt0435761'),
	('https://m.media-amazon.com/images/M/MV5BMTI3NjUyMDc4Ml5BMl5BanBnXkFtZTcwODM5MzU1Mw@@._V1_QL75_UY140_CR55,0,140,140_.jpg', 'tt0435761'),
	('https://m.media-amazon.com/images/M/MV5BMTg2NDg5MjY5N15BMl5BanBnXkFtZTcwOTM5MzU1Mw@@._V1_QL75_UY140_CR43,0,140,140_.jpg', 'tt0435761'),
	('https://m.media-amazon.com/images/M/MV5BMTgzNzg0Mjk0OF5BMl5BanBnXkFtZTcwMTQ5MzU1Mw@@._V1_QL75_UY140_CR55,0,140,140_.jpg', 'tt0435761'),
	('https://m.media-amazon.com/images/M/MV5BNmFlYjhhY2MtODMyYy00ODhlLTliYjktNjgxODM0ODMwYjA1XkEyXkFqcGdeQXVyMTE3OTQ2OTY@._V1_QL75_UY140_CR48,0,140,140_.jpg', 'tt0086190'),
	('https://m.media-amazon.com/images/M/MV5BNDMwMzQ4OTg3M15BMl5BanBnXkFtZTgwMTg3MjQyNDM@._V1_QL75_UX140_CR0,0,140,140_.jpg', 'tt0086190'),
	('https://m.media-amazon.com/images/M/MV5BMjI4Mjg1Mjk5Ml5BMl5BanBnXkFtZTgwMjg3MjQyNDM@._V1_QL75_UY140_CR33,0,140,140_.jpg', 'tt0086190'),
	('https://m.media-amazon.com/images/M/MV5BMTExMTAxODMyMDZeQTJeQWpwZ15BbWU4MDM4NzI0MjQz._V1_QL75_UY140_CR32,0,140,140_.jpg', 'tt0086190'),
	('https://m.media-amazon.com/images/M/MV5BMTYxMzMxNDYxNl5BMl5BanBnXkFtZTgwNDg3MjQyNDM@._V1_QL75_UY140_CR32,0,140,140_.jpg', 'tt0086190'),
	('https://m.media-amazon.com/images/M/MV5BMjIyMTU0MDM2NV5BMl5BanBnXkFtZTgwNzg3MjQyNDM@._V1_QL75_UX140_CR0,0,140,140_.jpg', 'tt0086190'),
	('https://m.media-amazon.com/images/M/MV5BMTY5Mjg1MDU4NV5BMl5BanBnXkFtZTgwODg3MjQyNDM@._V1_QL75_UX140_CR0,0,140,140_.jpg', 'tt0086190'),
	('https://m.media-amazon.com/images/M/MV5BMzk2MjgzMjQ4Nl5BMl5BanBnXkFtZTgwNjc3MjQyNDM@._V1_QL75_UX140_CR0,0,140,140_.jpg', 'tt0086190'),
	('https://m.media-amazon.com/images/M/MV5BNjY2OTgyMzU2N15BMl5BanBnXkFtZTgwNzc3MjQyNDM@._V1_QL75_UX140_CR0,0,140,140_.jpg', 'tt0086190'),
	('https://m.media-amazon.com/images/M/MV5BMjQ5OTIyNTAyMl5BMl5BanBnXkFtZTgwODc3MjQyNDM@._V1_QL75_UY140_CR29,0,140,140_.jpg', 'tt0086190'),
	('https://m.media-amazon.com/images/M/MV5BMjIwMDA3MDA4N15BMl5BanBnXkFtZTgwNzUyMjc4MjI@._V1_QL75_UY140_CR35,0,140,140_.jpg', 'tt0086190'),
	('https://m.media-amazon.com/images/M/MV5BOTQzMDA2ODY5M15BMl5BanBnXkFtZTgwNDQ5NjY4MDI@._V1_QL75_UY140_CR35,0,140,140_.jpg', 'tt0086190'),
	('https://m.media-amazon.com/images/M/MV5BODkyMTYzNDExNl5BMl5BanBnXkFtZTcwNTAwOTMyMw@@._V1_QL75_UY140_CR38,0,140,140_.jpg', 'tt0338013'),
	('https://m.media-amazon.com/images/M/MV5BNTQwODU1MjcwM15BMl5BanBnXkFtZTcwNjAwOTMyMw@@._V1_QL75_UY140_CR38,0,140,140_.jpg', 'tt0338013'),
	('https://m.media-amazon.com/images/M/MV5BMTUyODk3MDA0N15BMl5BanBnXkFtZTcwODAwOTMyMw@@._V1_QL75_UX140_CR0,0,140,140_.jpg', 'tt0338013'),
	('https://m.media-amazon.com/images/M/MV5BMTMyODk4NDM2Ml5BMl5BanBnXkFtZTcwOTAwOTMyMw@@._V1_QL75_UX140_CR0,0,140,140_.jpg', 'tt0338013'),
	('https://m.media-amazon.com/images/M/MV5BMTM2NTMwOTE0OF5BMl5BanBnXkFtZTcwMDEwOTMyMw@@._V1_QL75_UY140_CR35,0,140,140_.jpg', 'tt0338013'),
	('https://m.media-amazon.com/images/M/MV5BMTA1MzAzNTc5MDleQTJeQWpwZ15BbWU3MDExMDkzMjM@._V1_QL75_UY140_CR37,0,140,140_.jpg', 'tt0338013'),
	('https://m.media-amazon.com/images/M/MV5BMjIxODcxMTYzNV5BMl5BanBnXkFtZTcwMzEwOTMyMw@@._V1_QL75_UY140_CR38,0,140,140_.jpg', 'tt0338013'),
	('https://m.media-amazon.com/images/M/MV5BMTYzMjE1MzEwMl5BMl5BanBnXkFtZTcwNDEwOTMyMw@@._V1_QL75_UY140_CR38,0,140,140_.jpg', 'tt0338013'),
	('https://m.media-amazon.com/images/M/MV5BMTA2MDEyOTU0ODVeQTJeQWpwZ15BbWU3MDY4OTgzMjM@._V1_QL75_UY140_CR38,0,140,140_.jpg', 'tt0338013'),
	('https://m.media-amazon.com/images/M/MV5BMTc0OTU2NjE5NF5BMl5BanBnXkFtZTcwODg5ODMyMw@@._V1_QL75_UY140_CR37,0,140,140_.jpg', 'tt0338013'),
	('https://m.media-amazon.com/images/M/MV5BMTk3MDAwMzcyOF5BMl5BanBnXkFtZTcwOTg5ODMyMw@@._V1_QL75_UY140_CR37,0,140,140_.jpg', 'tt0338013'),
	('https://m.media-amazon.com/images/M/MV5BMjA2OTg3MDMxN15BMl5BanBnXkFtZTcwMTk5ODMyMw@@._V1_QL75_UX140_CR0,0,140,140_.jpg', 'tt0338013'),
	('https://m.media-amazon.com/images/M/MV5BMTM3OTc2NzQ0N15BMl5BanBnXkFtZTcwOTk3NTc3Nw@@._V1_QL75_UY140_CR35,0,140,140_.jpg', 'tt2106476'),
	('https://m.media-amazon.com/images/M/MV5BMjIyODA2NTA0MV5BMl5BanBnXkFtZTcwMDA4NTc3Nw@@._V1_QL75_UY140_CR35,0,140,140_.jpg', 'tt2106476'),
	('https://m.media-amazon.com/images/M/MV5BNjY5NTkyMjc5OF5BMl5BanBnXkFtZTcwMTA4NTc3Nw@@._V1_QL75_UY140_CR35,0,140,140_.jpg', 'tt2106476'),
	('https://m.media-amazon.com/images/M/MV5BMjA5OTA0MTkzNV5BMl5BanBnXkFtZTcwMjA4NTc3Nw@@._V1_QL75_UY140_CR35,0,140,140_.jpg', 'tt2106476'),
	('https://m.media-amazon.com/images/M/MV5BMjMxOTkxNzIwMF5BMl5BanBnXkFtZTcwMzA4NTc3Nw@@._V1_QL75_UY140_CR35,0,140,140_.jpg', 'tt2106476'),
	('https://m.media-amazon.com/images/M/MV5BMTYwNTc0MTg4M15BMl5BanBnXkFtZTcwMDc4ODIwOQ@@._V1_QL75_UX140_CR0,0,140,140_.jpg', 'tt2106476'),
	('https://m.media-amazon.com/images/M/MV5BMzY5MzUyNTg1NV5BMl5BanBnXkFtZTcwMzA1OTA2OA@@._V1_QL75_UX140_CR0,0,140,140_.jpg', 'tt2106476'),
	('https://m.media-amazon.com/images/M/MV5BMzg2NDI2OTg2MF5BMl5BanBnXkFtZTcwNzU4NjY4Nw@@._V1_QL75_UY140_CR36,0,140,140_.jpg', 'tt2106476'),
	('https://m.media-amazon.com/images/M/MV5BMTM4MzIzMTg1OV5BMl5BanBnXkFtZTcwMTY4NjY4Nw@@._V1_QL75_UY140_CR36,0,140,140_.jpg', 'tt2106476'),
	('https://m.media-amazon.com/images/M/MV5BMTY2MTI1MTA2OV5BMl5BanBnXkFtZTcwMTkwNTM4Nw@@._V1_QL75_UX140_CR0,0,140,140_.jpg', 'tt2106476'),
	('https://m.media-amazon.com/images/M/MV5BMTQzOTA3Njk0MV5BMl5BanBnXkFtZTcwMjkwNTM4Nw@@._V1_QL75_UY140_CR36,0,140,140_.jpg', 'tt2106476'),
	('https://m.media-amazon.com/images/M/MV5BMTYyODM1NjAxMV5BMl5BanBnXkFtZTcwMzkwNTM4Nw@@._V1_QL75_UX140_CR0,0,140,140_.jpg', 'tt2106476'),
	('https://m.media-amazon.com/images/M/MV5BYTczMTBkZTUtODU5My00Y2Y2LTg2OTctOTFkNTg3ZWE5YTNkXkEyXkFqcGdeQXVyMTUzMTg2ODkz._V1_QL75_UY140_CR36,0,140,140_.jpg', 'tt0062622'),
	('https://m.media-amazon.com/images/M/MV5BOGI5ZDBjZWQtYTQxMi00ZTM3LTg5ZDgtMGU0NWZiMmFmNDc0XkEyXkFqcGdeQXVyMTUzMTg2ODkz._V1_QL75_UX140_CR0,0,140,140_.jpg', 'tt0062622'),
	('https://m.media-amazon.com/images/M/MV5BODlkNTc0YWEtZjg4OS00ZjFhLThkZjgtYWQwMzI4MmY5NDQzXkEyXkFqcGdeQXVyMDc2NTEzMw@@._V1_QL75_UY140_CR55,0,140,140_.jpg', 'tt0062622'),
	('https://m.media-amazon.com/images/M/MV5BMzEzMTQ4ODQtZGJiOS00YTRhLWI4ZjQtYjVhMzIzNTdlZDU5XkEyXkFqcGdeQXVyMDc2NTEzMw@@._V1_QL75_UY140_CR82,0,140,140_.jpg', 'tt0062622'),
	('https://m.media-amazon.com/images/M/MV5BOTlmYjhkZGYtNjNkNy00NGMzLWE2Y2YtYjIxOWMxZGQwYTU2XkEyXkFqcGdeQXVyMDc2NTEzMw@@._V1_QL75_UY140_CR76,0,140,140_.jpg', 'tt0062622'),
	('https://m.media-amazon.com/images/M/MV5BZTlkNTk0OGYtYzQxYS00YjlkLTlkNjYtOTNlMjY3ZTkyMWEzXkEyXkFqcGdeQXVyMDc2NTEzMw@@._V1_QL75_UY140_CR77,0,140,140_.jpg', 'tt0062622'),
	('https://m.media-amazon.com/images/M/MV5BYzI0N2M4ZDItY2VmOS00OGVhLWI2NmUtOGU0NWM3MGZkM2Y3XkEyXkFqcGdeQXVyMDc2NTEzMw@@._V1_QL75_UX140_CR0,0,140,140_.jpg', 'tt0062622'),
	('https://m.media-amazon.com/images/M/MV5BNzgzOGUyZWItYmI3NS00MjQzLWIxZDUtZjY3OTBiN2M5YzA0XkEyXkFqcGdeQXVyMDc2NTEzMw@@._V1_QL75_UY140_CR78,0,140,140_.jpg', 'tt0062622'),
	('https://m.media-amazon.com/images/M/MV5BNjdiNGZjZTctODM2NS00NDZmLTg1NDUtOTJmMGU3OTEyZDZjXkEyXkFqcGdeQXVyMDc2NTEzMw@@._V1_QL75_UX140_CR0,0,140,140_.jpg', 'tt0062622'),
	('https://m.media-amazon.com/images/M/MV5BY2YxMTVjNDYtNjA2My00MWI1LWFhOWUtMjIwNWRhMjU5NjRhXkEyXkFqcGdeQXVyMDc2NTEzMw@@._V1_QL75_UY140_CR35,0,140,140_.jpg', 'tt0062622'),
	('https://m.media-amazon.com/images/M/MV5BZDhkOTZhMTMtNzFlOC00ZmQ1LWFiYjctZmZmNzY5OTRiYjM5XkEyXkFqcGdeQXVyMDc2NTEzMw@@._V1_QL75_UX140_CR0,0,140,140_.jpg', 'tt0062622'),
	('https://m.media-amazon.com/images/M/MV5BYTdkMWJkNDItMGM5My00ZTFmLTgzMTUtMWJiZWFiMTZiZTdjXkEyXkFqcGdeQXVyMDc2NTEzMw@@._V1_QL75_UY140_CR33,0,140,140_.jpg', 'tt0062622'),
	('https://m.media-amazon.com/images/M/MV5BMTQ4OTkyNzM4Ml5BMl5BanBnXkFtZTgwODkxOTIwMjE@._V1_QL75_UY140_CR39,0,140,140_.jpg', 'tt0105236'),
	('https://m.media-amazon.com/images/M/MV5BMjA0MDc5MTQ3OF5BMl5BanBnXkFtZTgwOTkxOTIwMjE@._V1_QL75_UY140_CR39,0,140,140_.jpg', 'tt0105236'),
	('https://m.media-amazon.com/images/M/MV5BMTg1NTI1MTc2NF5BMl5BanBnXkFtZTgwNjkxOTIwMjE@._V1_QL75_UY140_CR39,0,140,140_.jpg', 'tt0105236'),
	('https://m.media-amazon.com/images/M/MV5BMTQ2OTk1ODc3M15BMl5BanBnXkFtZTgwNTg3OTEwMjE@._V1_QL75_UY140_CR33,0,140,140_.jpg', 'tt0105236'),
	('https://m.media-amazon.com/images/M/MV5BODU3MDYwMTMyMF5BMl5BanBnXkFtZTgwMzg3OTEwMjE@._V1_QL75_UY140_CR33,0,140,140_.jpg', 'tt0105236'),
	('https://m.media-amazon.com/images/M/MV5BMTQ3MDY2NDQzNV5BMl5BanBnXkFtZTgwOTc3OTEwMjE@._V1_QL75_UY140_CR33,0,140,140_.jpg', 'tt0105236'),
	('https://m.media-amazon.com/images/M/MV5BZWRlOGVmZjAtODVmMC00YmRhLThlYTItNTY3MDliYjVkYWFlXkEyXkFqcGdeQXVyMjQwMDg0Ng@@._V1_QL75_UY140_CR33,0,140,140_.jpg', 'tt0105236'),
	('https://m.media-amazon.com/images/M/MV5BMTU2MDc1ODk5MF5BMl5BanBnXkFtZTgwMjg3OTEwMjE@._V1_QL75_UY140_CR33,0,140,140_.jpg', 'tt0105236'),
	('https://m.media-amazon.com/images/M/MV5BMjE1NjM2OTU4OF5BMl5BanBnXkFtZTcwNDUzMDg0Nw@@._V1_QL75_UY140_CR49,0,140,140_.jpg', 'tt0105236'),
	('https://m.media-amazon.com/images/M/MV5BMTk5MjQ2NzI4OV5BMl5BanBnXkFtZTcwNTUzMDg0Nw@@._V1_QL75_UY140_CR95,0,140,140_.jpg', 'tt0105236'),
	('https://m.media-amazon.com/images/M/MV5BMjI0MTExOTcwMF5BMl5BanBnXkFtZTcwNjUzMDg0Nw@@._V1_QL75_UY140_CR94,0,140,140_.jpg', 'tt0105236'),
	('https://m.media-amazon.com/images/M/MV5BNzM5NjYyODk3Ml5BMl5BanBnXkFtZTcwNzUzMDg0Nw@@._V1_QL75_UY140_CR95,0,140,140_.jpg', 'tt0105236'),
	('https://m.media-amazon.com/images/M/MV5BMTY5OTYyOTg5Ml5BMl5BanBnXkFtZTcwNzc0MTc4Ng@@._V1_QL75_UY140_CR37,0,140,140_.jpg', 'tt0044741'),
	('https://m.media-amazon.com/images/M/MV5BMjA0NDIzOTQxNF5BMl5BanBnXkFtZTcwOTc0MTc4Ng@@._V1_QL75_UX140_CR0,0,140,140_.jpg', 'tt0044741'),
	('https://m.media-amazon.com/images/M/MV5BMTUyNjY0ODYyMV5BMl5BanBnXkFtZTcwMDg0MTc4Ng@@._V1_QL75_UY140_CR24,0,140,140_.jpg', 'tt0044741'),
	('https://m.media-amazon.com/images/M/MV5BYTYyNDliZGUtYmNmZS00NzNiLTg0NTctNDEwN2ZjNjQ5MTg3XkEyXkFqcGdeQXVyODc0OTEyNDU@._V1_QL75_UX140_CR0,0,140,140_.jpg', 'tt0044741'),
	('https://m.media-amazon.com/images/M/MV5BN2RiZGJhY2QtOTQyYi00YmE1LTg3NWYtMmI2YTQ5ODNiZmE2L2ltYWdlXkEyXkFqcGdeQXVyNDAxOTExNTM@._V1_QL75_UY140_CR24,0,140,140_.jpg', 'tt0044741'),
	('https://m.media-amazon.com/images/M/MV5BYTUzMzFkN2YtZDhiNS00ZGNkLTkwZTMtODNkMmMzODVjZjIwL2ltYWdlXkEyXkFqcGdeQXVyNDAxOTExNTM@._V1_QL75_UY140_CR24,0,140,140_.jpg', 'tt0044741'),
	('https://m.media-amazon.com/images/M/MV5BNWM1YjQ1MjEtNDVmOC00NWJmLTliZDAtNjI5ZGM2NTU4NTE5L2ltYWdlXkEyXkFqcGdeQXVyNDAxOTExNTM@._V1_QL75_UY140_CR24,0,140,140_.jpg', 'tt0044741'),
	('https://m.media-amazon.com/images/M/MV5BNjI5NDZjYjQtMWJjMS00YWUwLWE0YzktODdiY2Y5NTk3ZTY4L2ltYWdlXkEyXkFqcGdeQXVyNDAxOTExNTM@._V1_QL75_UY140_CR24,0,140,140_.jpg', 'tt0044741'),
	('https://m.media-amazon.com/images/M/MV5BYzJhMzJiMjgtYjE5Ni00NGRjLWE1NDctOGU4NmE1M2QzNGQ2L2ltYWdlXkEyXkFqcGdeQXVyNDAxOTExNTM@._V1_QL75_UY140_CR24,0,140,140_.jpg', 'tt0044741'),
	('https://m.media-amazon.com/images/M/MV5BMTk3ZTYzZDgtNmJlYy00YzNiLTgzMDgtYTExY2U1MGFhZTBkL2ltYWdlXkEyXkFqcGdeQXVyNDAxOTExNTM@._V1_QL75_UY140_CR24,0,140,140_.jpg', 'tt0044741'),
	('https://m.media-amazon.com/images/M/MV5BYzc4ZmE5YTgtNDMwMS00Y2VhLTkzZWYtYjM5NjY2ZmI4NDUzL2ltYWdlXkEyXkFqcGdeQXVyNDAxOTExNTM@._V1_QL75_UY140_CR24,0,140,140_.jpg', 'tt0044741'),
	('https://m.media-amazon.com/images/M/MV5BMGY0NzViZTctNzM1Ny00NTZiLThhYWMtMDI0Mjk5N2FkMzM3L2ltYWdlXkEyXkFqcGdeQXVyNDAxOTExNTM@._V1_QL75_UY140_CR24,0,140,140_.jpg', 'tt0044741'),
	('https://m.media-amazon.com/images/M/MV5BYmI1NjRjY2ItZTViMi00M2JlLWFmYWMtODc1YWJiYmY1NzA0XkEyXkFqcGdeQXVyMTkxNjUyNQ@@._V1_QL75_UY140_CR30,0,140,140_.jpg', 'tt15398776'),
	('https://m.media-amazon.com/images/M/MV5BMWIyNzdlNGItN2M5OC00YjUxLThkMDktNDUzOWFkNzgxZWYyXkEyXkFqcGdeQXVyMTkxNjUyNQ@@._V1_QL75_UY140_CR30,0,140,140_.jpg', 'tt15398776'),
	('https://m.media-amazon.com/images/M/MV5BYTgyODhhYTItNThhMi00Y2ZmLWE5MGYtZTkzMjA4ODEwNjJmXkEyXkFqcGdeQXVyMTkxNjUyNQ@@._V1_QL75_UY140_CR30,0,140,140_.jpg', 'tt15398776'),
	('https://m.media-amazon.com/images/M/MV5BODg4ZjYyODYtNzZhZS00NGU5LWE3MjAtYTU1ODNiMzFlMmE5XkEyXkFqcGdeQXVyMTkxNjUyNQ@@._V1_QL75_UY140_CR30,0,140,140_.jpg', 'tt15398776'),
	('https://m.media-amazon.com/images/M/MV5BZjRjZjNhNjYtZDFjMy00OTkyLThiZjEtNGFjYjliNGM4MGRkXkEyXkFqcGdeQXVyMTkxNjUyNQ@@._V1_QL75_UY140_CR30,0,140,140_.jpg', 'tt15398776'),
	('https://m.media-amazon.com/images/M/MV5BYzYxM2Y1NGYtMjM0Zi00ODk2LWFhMmItNzdlYzA1ZTZkMTAyXkEyXkFqcGdeQXVyMTkxNjUyNQ@@._V1_QL75_UY140_CR30,0,140,140_.jpg', 'tt15398776'),
	('https://m.media-amazon.com/images/M/MV5BZGY5ZDA5N2UtMDBkNy00ODBhLTk2NjItMjcxZGY3OTQ1YzIxXkEyXkFqcGdeQXVyMTkxNjUyNQ@@._V1_QL75_UY140_CR84,0,140,140_.jpg', 'tt15398776'),
	('https://m.media-amazon.com/images/M/MV5BOTAwMmIwNDUtYmIxMi00YzBlLWI3MjktZmM2NzcyNGU4NjcwXkEyXkFqcGdeQXVyMTkxNjUyNQ@@._V1_QL75_UY140_CR30,0,140,140_.jpg', 'tt15398776'),
	('https://m.media-amazon.com/images/M/MV5BYzJkODE4ZWUtMTgxYi00MTZjLTgwZTMtMjcyMjZkMDIxOTZmXkEyXkFqcGdeQXVyMTkxNjUyNQ@@._V1_QL75_UY140_CR84,0,140,140_.jpg', 'tt15398776'),
	('https://m.media-amazon.com/images/M/MV5BZWI5NzVlYzgtMzgxNi00YjFhLTlhNzMtOTFiMWY4ZTRiYTQxXkEyXkFqcGdeQXVyMTkxNjUyNQ@@._V1_QL75_UY140_CR35,0,140,140_.jpg', 'tt15398776'),
	('https://m.media-amazon.com/images/M/MV5BYmZiMjI3ZDItNDYyMi00NzEwLWE3YWItY2E2OGRlY2VmYTg0XkEyXkFqcGdeQXVyMTkxNjUyNQ@@._V1_QL75_UY140_CR35,0,140,140_.jpg', 'tt15398776'),
	('https://m.media-amazon.com/images/M/MV5BNDZlNWZjM2MtYWM0Ny00NmU3LTgxM2ItMDU3ZDQwNjNjNjUwXkEyXkFqcGdeQXVyMTkxNjUyNQ@@._V1_QL75_UY140_CR35,0,140,140_.jpg', 'tt15398776'),
	('https://m.media-amazon.com/images/M/MV5BM2NiYzgzZTQtYTdhZS00ZjUwLTk0MWItODVlZmRmYzFiY2U5XkEyXkFqcGdeQXVyMjYzNTQ5Njc@._V1_QL75_UY140_CR55,0,140,140_.jpg', 'tt0056172'),
	('https://m.media-amazon.com/images/M/MV5BYmRiODBiMDgtZTRjMy00ZmFjLWJiNDQtYmJjNTgyYjA3ZmMxXkEyXkFqcGdeQXVyMDM2NDM2MQ@@._V1_QL75_UY140_CR24,0,140,140_.jpg', 'tt0056172'),
	('https://m.media-amazon.com/images/M/MV5BMTQ2MzQ3NTg3MV5BMl5BanBnXkFtZTgwMTY3ODk5MTE@._V1_QL75_UX140_CR0,0,140,140_.jpg', 'tt0056172'),
	('https://m.media-amazon.com/images/M/MV5BMjI4NjcwNzE2Ml5BMl5BanBnXkFtZTgwMjY3ODk5MTE@._V1_QL75_UY140_CR64,0,140,140_.jpg', 'tt0056172'),
	('https://m.media-amazon.com/images/M/MV5BMTAwNjUyMDgxMTFeQTJeQWpwZ15BbWU4MDM2Nzg5OTEx._V1_QL75_UY140_CR94,0,140,140_.jpg', 'tt0056172'),
	('https://m.media-amazon.com/images/M/MV5BMjA1NDU1OTY3NF5BMl5BanBnXkFtZTgwNDY3ODk5MTE@._V1_QL75_UY140_CR38,0,140,140_.jpg', 'tt0056172'),
	('https://m.media-amazon.com/images/M/MV5BNzU1MjUyNzQwMl5BMl5BanBnXkFtZTgwMjQ5OTc5MTE@._V1_QL75_UY140_CR55,0,140,140_.jpg', 'tt0056172'),
	('https://m.media-amazon.com/images/M/MV5BMjE3NzkxNzU1N15BMl5BanBnXkFtZTgwOTM5OTc5MTE@._V1_QL75_UY140_CR55,0,140,140_.jpg', 'tt0056172'),
	('https://m.media-amazon.com/images/M/MV5BOTQ1MzExOTA5OV5BMl5BanBnXkFtZTgwMDQ5OTc5MTE@._V1_QL75_UY140_CR55,0,140,140_.jpg', 'tt0056172'),
	('https://m.media-amazon.com/images/M/MV5BMjA1MjI0Njc4NV5BMl5BanBnXkFtZTgwMTQ5OTc5MTE@._V1_QL75_UY140_CR55,0,140,140_.jpg', 'tt0056172'),
	('https://m.media-amazon.com/images/M/MV5BMTQ0MDI2OTk2Ml5BMl5BanBnXkFtZTgwODM5OTc5MTE@._V1_QL75_UY140_CR55,0,140,140_.jpg', 'tt0056172'),
	('https://m.media-amazon.com/images/M/MV5BMTg1Njc2MzE1MV5BMl5BanBnXkFtZTYwODU3Nzc2._V1_QL75_UY140_CR92,0,140,140_.jpg', 'tt0056172'),
	('https://m.media-amazon.com/images/M/MV5BOWNlMzIyMGQtN2QxYS00MmM5LTg0ZWEtZjY5NDc3ZDA2MjJhXkEyXkFqcGdeQXVyMTEyMjM2NDc2._V1_QL75_UY140_CR47,0,140,140_.jpg', 'tt4919268'),
	('https://m.media-amazon.com/images/M/MV5BNmY3YjkwYzUtM2QyNy00YTI0LWI3NjItMGQzOTFmMjVhNjQ1XkEyXkFqcGdeQXVyMTEyMjM2NDc2._V1_QL75_UY140_CR35,0,140,140_.jpg', 'tt4919268'),
	('https://m.media-amazon.com/images/M/MV5BZmYyZDNjOWMtZmIzMi00Y2Q3LThhYWMtYWFkZjY5YmE0MmRhXkEyXkFqcGdeQXVyMTEyMjM2NDc2._V1_QL75_UY140_CR35,0,140,140_.jpg', 'tt4919268'),
	('https://m.media-amazon.com/images/M/MV5BNmJhMjZlZWUtMDkzNC00ZWM4LTlmZGItOTI3NjZmOTc5NDViXkEyXkFqcGdeQXVyMTEyMjM2NDc2._V1_QL75_UY140_CR35,0,140,140_.jpg', 'tt4919268'),
	('https://m.media-amazon.com/images/M/MV5BMjFiM2Y1MDktMWY1NS00NDg1LWIzOTMtNjJmOGRkYzg0MmU5XkEyXkFqcGdeQXVyMTEyMjM2NDc2._V1_QL75_UY140_CR35,0,140,140_.jpg', 'tt4919268'),
	('https://m.media-amazon.com/images/M/MV5BMTQzZmIxYjQtODkwNi00OWNmLTg5ODItY2M0YWNlOTY1MzgxXkEyXkFqcGdeQXVyMDM2NDM2MQ@@._V1_QL75_UY140_CR35,0,140,140_.jpg', 'tt4919268'),
	('https://m.media-amazon.com/images/M/MV5BOGJjOWRkNzEtMTdhMS00NDRlLTgxNDUtNGMxZTM0OTIyOTk1XkEyXkFqcGdeQXVyMDM2NDM2MQ@@._V1_QL75_UY140_CR35,0,140,140_.jpg', 'tt4919268'),
	('https://m.media-amazon.com/images/M/MV5BOTRlNTA5YmQtZmY4Yi00MWYxLTk3NTAtYjg2OTI0YjkzYTg2XkEyXkFqcGc@._V1_QL75_UX140_CR0,0,140,140_.jpg', 'tt4919268'),
	('https://m.media-amazon.com/images/M/MV5BMTJmZDdiMmMtOWRmMy00OTZhLTk3ZDMtMWJiY2I2OTE4MTY2XkEyXkFqcGc@._V1_QL75_UY140_CR35,0,140,140_.jpg', 'tt4919268'),
	('https://m.media-amazon.com/images/M/MV5BOWVjOWI1ZDgtNDc5NC00ZDQ5LTg4ZjktOTNlNWQ4Y2I3Yzc1XkEyXkFqcGc@._V1_QL75_UX140_CR0,0,140,140_.jpg', 'tt4919268'),
	('https://m.media-amazon.com/images/M/MV5BNDA0NTk4NWUtYjBlNi00Nzk4LWJiOTktYTZmNjNiOWEyOGVmXkEyXkFqcGc@._V1_QL75_UY140_CR35,0,140,140_.jpg', 'tt4919268'),
	('https://m.media-amazon.com/images/M/MV5BMjIyOGI5NGMtYzI2NS00ZGQzLThiNjMtYzkzNmE1ODRhNDI2XkEyXkFqcGc@._V1_QL75_UY140_CR35,0,140,140_.jpg', 'tt4919268'),
	('https://m.media-amazon.com/images/M/MV5BMTBmYWE2NzctMzZkYS00YTk2LWJhYWYtN2RjMmIzZDhkOTk0XkEyXkFqcGdeQXVyMDM2NDM2MQ@@._V1_QL75_UY140_CR60,0,140,140_.jpg', 'tt5779228'),
	('https://m.media-amazon.com/images/M/MV5BN2MzYTY2MzgtMTY1OC00MzFkLWExN2YtNjJmOTJkNTYwYmI1XkEyXkFqcGdeQXVyMDM2NDM2MQ@@._V1_QL75_UY140_CR60,0,140,140_.jpg', 'tt5779228'),
	('https://m.media-amazon.com/images/M/MV5BZGYxMjk0YWEtMTljMS00OGQ0LWIwOWEtYTAzZDZkODRiNTljXkEyXkFqcGdeQXVyMjkwOTAyMDU@._V1_QL75_UX140_CR0,0,140,140_.jpg', 'tt5779228'),
	('https://m.media-amazon.com/images/M/MV5BNGZlODFiYTAtZmI2OC00ZTdhLWEyMjEtMGY3MzViMDBhMWQzXkEyXkFqcGdeQXVyMTY3ODkyNDkz._V1_QL75_UX140_CR0,0,140,140_.jpg', 'tt5779228'),
	('https://m.media-amazon.com/images/M/MV5BMzQwNzZiOGQtMjZjMC00NWI1LTkwNmMtMTg0ODcxNGVjYjY3XkEyXkFqcGdeQXVyMTY3ODkyNDkz._V1_QL75_UX140_CR0,0,140,140_.jpg', 'tt5779228'),
	('https://m.media-amazon.com/images/M/MV5BMjk2YzhhYjEtMDhiMy00ZGZkLTlhODMtZTRlNmM4MDdiMGRhXkEyXkFqcGdeQXVyMTY3ODkyNDkz._V1_QL75_UX140_CR0,0,140,140_.jpg', 'tt5779228'),
	('https://m.media-amazon.com/images/M/MV5BMzMwNDMzODktM2FjMC00YzcwLTgxNjgtMjViN2RlMmUyODJmXkEyXkFqcGdeQXVyMTY3ODkyNDkz._V1_QL75_UX140_CR0,0,140,140_.jpg', 'tt5779228'),
	('https://m.media-amazon.com/images/M/MV5BZWJmNjYzN2MtMzhjMy00ZTQ5LTk0YzktMmIzNzNjZjQ4ODZlXkEyXkFqcGdeQXVyMTY3ODkyNDkz._V1_QL75_UX140_CR0,0,140,140_.jpg', 'tt5779228'),
	('https://m.media-amazon.com/images/M/MV5BMWJkOGJiNGItYzFmZi00ODExLWE1NDEtOWQyNzhhYzljODViXkEyXkFqcGdeQXVyMTY3ODkyNDkz._V1_QL75_UX140_CR0,0,140,140_.jpg', 'tt5779228'),
	('https://m.media-amazon.com/images/M/MV5BNGQ2MTc1MGUtNTIxZS00ZmIwLTkyYWUtMzViM2U5NmEyOWE2XkEyXkFqcGdeQXVyMDA4NzMyOA@@._V1_QL75_UX140_CR0,0,140,140_.jpg', 'tt5779228'),
	('https://m.media-amazon.com/images/M/MV5BMTdiMTYwMTEtYjZmOC00ZTI4LWFkZmYtODMyNmU2OTZhNmJlXkEyXkFqcGdeQXVyMTY3ODkyNDkz._V1_QL75_UX140_CR0,0,140,140_.jpg', 'tt5779228'),
	('https://m.media-amazon.com/images/M/MV5BMzFiYjk5ODMtMDZmYS00ZGRhLThkZWMtZjljZmE5NzBiMzYyXkEyXkFqcGdeQXVyMTUzMTg2ODkz._V1_QL75_UX140_CR0,0,140,140_.jpg', 'tt5779228'),
	('https://m.media-amazon.com/images/M/MV5BZjhiYjIyYWYtNGIzYS00OWIwLWE2ZDMtZGJkNWIzYWRjZjY4XkEyXkFqcGdeQXVyMTkxNjUyNQ@@._V1_QL75_UY140_CR61,0,140,140_.jpg', 'tt11152168'),
	('https://m.media-amazon.com/images/M/MV5BY2Q0YTJkNTgtZGUxOS00NzRkLTk3NGQtMjg1YjVhNzFiYzQwXkEyXkFqcGdeQXVyMTY3ODkyNDkz._V1_QL75_UX140_CR0,0,140,140_.jpg', 'tt11152168'),
	('https://m.media-amazon.com/images/M/MV5BNDk4MmY4ODktMWRhYS00MDA2LTk2YTQtNjkzNTMwMWJlZTQ3XkEyXkFqcGdeQXVyMTY3ODkyNDkz._V1_QL75_UX140_CR0,0,140,140_.jpg', 'tt11152168'),
	('https://m.media-amazon.com/images/M/MV5BNTk3NTEwOWItOWIxYy00YzMwLTg3MWQtNmU5MmYwMTMwZTJkXkEyXkFqcGdeQXVyMTY3ODkyNDkz._V1_QL75_UX140_CR0,0,140,140_.jpg', 'tt11152168'),
	('https://m.media-amazon.com/images/M/MV5BMzJlN2M5YzgtZGUyZS00YzVkLTk2ZjAtNTJhMDY2YTZmMzRlXkEyXkFqcGdeQXVyMTY3ODkyNDkz._V1_QL75_UX140_CR0,0,140,140_.jpg', 'tt11152168'),
	('https://m.media-amazon.com/images/M/MV5BNzZmMzQwMDctZjcxYS00NDY5LWI2ZTMtNmNhYmZmY2Q1NDVlXkEyXkFqcGdeQXVyMTY3ODkyNDkz._V1_QL75_UX140_CR0,0,140,140_.jpg', 'tt11152168'),
	('https://m.media-amazon.com/images/M/MV5BYzk5MGJhYmItYWU2Ni00NTZiLTgxYjgtY2M2MDFmZjE5N2E2XkEyXkFqcGdeQXVyMDM2NDM2MQ@@._V1_QL75_UX140_CR0,0,140,140_.jpg', 'tt11152168'),
	('https://m.media-amazon.com/images/M/MV5BZjE5ZThlMTEtOGIyYi00Zjc3LTlhYjMtNDMxYTAyOWRlNDA2XkEyXkFqcGdeQXVyMDM2NDM2MQ@@._V1_QL75_UX140_CR0,0,140,140_.jpg', 'tt11152168'),
	('https://m.media-amazon.com/images/M/MV5BNjM1YWVlZTgtNWQ4Yi00Nzk1LTlkN2UtNTQ5MzFlNDI2ZGUwXkEyXkFqcGdeQXVyMDM2NDM2MQ@@._V1_QL75_UX140_CR0,0,140,140_.jpg', 'tt11152168'),
	('https://m.media-amazon.com/images/M/MV5BYzY4M2I3NDItZDc3Yy00NmYxLTg5MzctZjhlZTllMGQ5NmQ2XkEyXkFqcGdeQXVyMDM2NDM2MQ@@._V1_QL75_UX140_CR0,0,140,140_.jpg', 'tt11152168'),
	('https://m.media-amazon.com/images/M/MV5BNDZhNTgyODctMjdiMS00ODYwLWFlNzItMzUxZWMyZjZiY2Y2XkEyXkFqcGdeQXVyMDM2NDM2MQ@@._V1_QL75_UX140_CR0,0,140,140_.jpg', 'tt11152168'),
	('https://m.media-amazon.com/images/M/MV5BMzUyN2Y5NGEtYTAwZS00MTUxLWJkNTItNjQwYThkZDQ1OGFhXkEyXkFqcGdeQXVyMDM2NDM2MQ@@._V1_QL75_UX140_CR0,0,140,140_.jpg', 'tt11152168'),
	('https://m.media-amazon.com/images/M/MV5BZWVjMzM2NzYtZTc4Yy00ODdiLWE0YjctMjNiYTBkOWQ2ZDdjXkEyXkFqcGc@._V1_QL75_UY140_CR35,0,140,140_.jpg', 'tt26736843'),
	('https://m.media-amazon.com/images/M/MV5BNjNlNDI4YTAtYjJjYy00NTI1LTk3NTAtMzk4M2E0MmI1MjczXkEyXkFqcGc@._V1_QL75_UY140_CR47,0,140,140_.jpg', 'tt26736843'),
	('https://m.media-amazon.com/images/M/MV5BNTZhMWE2ZDItNmUzYS00MjYwLTg0MjQtOWM1OTdhNzUyNTIwXkEyXkFqcGc@._V1_QL75_UY140_CR60,0,140,140_.jpg', 'tt26736843'),
	('https://m.media-amazon.com/images/M/MV5BMWMxYWExOGYtMzZiOS00MTUzLTgwMWEtNmY0OTU2NDQ1OGU5XkEyXkFqcGc@._V1_QL75_UY140_CR64,0,140,140_.jpg', 'tt26736843'),
	('https://m.media-amazon.com/images/M/MV5BN2ViMDFhMjAtM2JhYy00NWNmLWFlMGYtMGU5MjZkMjIwZTFhXkEyXkFqcGc@._V1_QL75_UY140_CR12,0,140,140_.jpg', 'tt26736843'),
	('https://m.media-amazon.com/images/M/MV5BYTVmN2U3ZDUtZWEwNC00ZjNjLTgyYmMtZWNhZWYyNjE1ZmYzXkEyXkFqcGc@._V1_QL75_UY140_CR60,0,140,140_.jpg', 'tt26736843'),
	('https://m.media-amazon.com/images/M/MV5BNWJlNDlkZmEtOWIzZS00ZDI5LTg1ZjctZjU0MDUzZmQyM2JhXkEyXkFqcGc@._V1_QL75_UY140_CR60,0,140,140_.jpg', 'tt26736843'),
	('https://m.media-amazon.com/images/M/MV5BYzNhZGE5YWItYmI5NS00NTA3LTkxNWEtM2ZlNjFkZGI3MzI3XkEyXkFqcGc@._V1_QL75_UY140_CR60,0,140,140_.jpg', 'tt26736843'),
	('https://m.media-amazon.com/images/M/MV5BOTg5NzlhNTItMmNjNC00ZjEzLWIxMjQtY2ZiNzQyN2NkNDc0XkEyXkFqcGdeQXVyODk4OTc3MTY@._V1_QL75_UY140_CR60,0,140,140_.jpg', 'tt26736843'),
	('https://m.media-amazon.com/images/M/MV5BMzRlNTc3Y2ItN2Q3OS00OWYyLTg4NjEtNzRjMjE3NGVhZDMzXkEyXkFqcGdeQXVyMDM2NDM2MQ@@._V1_QL75_UY140_CR60,0,140,140_.jpg', 'tt26736843'),
	('https://m.media-amazon.com/images/M/MV5BN2M1NGM1NWUtNmQ1Yy00MWIzLWJiYWQtMGRjNjU2ZGFjMWY0XkEyXkFqcGc@._V1_QL75_UY140_CR35,0,140,140_.jpg', 'tt26736843'),
	('https://m.media-amazon.com/images/M/MV5BNDAyMTEwOTItOTI1Zi00MTMwLTliM2YtZTVmN2RiY2Q1YjU3XkEyXkFqcGc@._V1_QL75_UY140_CR33,0,140,140_.jpg', 'tt26736843'),
	('https://m.media-amazon.com/images/M/MV5BZWZkYzllMjctMmRjMy00ODEyLWE5NDYtOTA1ODYxMjhlNmQ2XkEyXkFqcGdeQXVyMDM2NDM2MQ@@._V1_QL75_UY140_CR97,0,140,140_.jpg', 'tt11389872'),
	('https://m.media-amazon.com/images/M/MV5BZTBmYzhjMjQtMWVjZS00OTVmLWE5YjMtZWQyYjRkZWFhZGRmXkEyXkFqcGdeQXVyMDM2NDM2MQ@@._V1_QL75_UY140_CR97,0,140,140_.jpg', 'tt11389872'),
	('https://m.media-amazon.com/images/M/MV5BZWYzZDg3NzYtY2M0OS00MjdiLTg0MzctZmE4NzRmM2FjZThlXkEyXkFqcGdeQXVyMDM2NDM2MQ@@._V1_QL75_UY140_CR97,0,140,140_.jpg', 'tt11389872'),
	('https://m.media-amazon.com/images/M/MV5BODZhNDlhMWUtYmI0NS00MTYxLWJjYTAtMTM3NzJiM2YwZDAzXkEyXkFqcGdeQXVyMDM2NDM2MQ@@._V1_QL75_UY140_CR97,0,140,140_.jpg', 'tt11389872'),
	('https://m.media-amazon.com/images/M/MV5BZmZmYjU2Y2YtYWUwMS00ZWI2LTk3MDUtYmQyMjljMGNiZTJkXkEyXkFqcGdeQXVyMDM2NDM2MQ@@._V1_QL75_UY140_CR97,0,140,140_.jpg', 'tt11389872'),
	('https://m.media-amazon.com/images/M/MV5BOTZmODUxMDQtYmM3Mi00NzViLWE4NzktYjQ1MTBlMmQzZDQyXkEyXkFqcGdeQXVyMDM2NDM2MQ@@._V1_QL75_UY140_CR97,0,140,140_.jpg', 'tt11389872'),
	('https://m.media-amazon.com/images/M/MV5BYTE4ZjMzY2YtOWQ0NS00NjhiLThjNjItNTQ1MzI2OTI3MDVjXkEyXkFqcGdeQXVyMTkxNjUyNQ@@._V1_QL75_UY140_CR97,0,140,140_.jpg', 'tt11389872'),
	('https://m.media-amazon.com/images/M/MV5BMDgzNjEzNDctNzUyMC00NWI1LThlZDgtMWQzNGZiMDZkZWJjXkEyXkFqcGdeQXVyMTkxNjUyNQ@@._V1_QL75_UY140_CR97,0,140,140_.jpg', 'tt11389872'),
	('https://m.media-amazon.com/images/M/MV5BNTM3YzFiNmEtYTg3Mi00MjQwLTgzYzktMjY5YmVhYTEwODRmXkEyXkFqcGdeQXVyMTkxNjUyNQ@@._V1_QL75_UY140_CR97,0,140,140_.jpg', 'tt11389872'),
	('https://m.media-amazon.com/images/M/MV5BMjYxM2JmNzEtOGViYi00NjAyLWFkNDYtNDkwNTUzZjk3MGVjXkEyXkFqcGdeQXVyMTkxNjUyNQ@@._V1_QL75_UY140_CR97,0,140,140_.jpg', 'tt11389872'),
	('https://m.media-amazon.com/images/M/MV5BMjQ0ZjFmMmQtMTcyYi00MzE2LWFiMWUtOTkyY2JiNDlkMjNkXkEyXkFqcGdeQXVyMTkxNjUyNQ@@._V1_QL75_UY140_CR97,0,140,140_.jpg', 'tt11389872'),
	('https://m.media-amazon.com/images/M/MV5BMjIyNGUxOTktZTU4Ni00YTUzLWE4NDAtZDdkYzdmYzgxYjAwXkEyXkFqcGdeQXVyMTkxNjUyNQ@@._V1_QL75_UY140_CR97,0,140,140_.jpg', 'tt11389872'),
	('https://m.media-amazon.com/images/M/MV5BODNmYmZiODAtNzllNS00NDMxLWI4ODktMTY2MWI4OTJlYWE4XkEyXkFqcGdeQXVyMTUzMTg2ODkz._V1_QL75_UY140_CR35,0,140,140_.jpg', 'tt12037194'),
	('https://m.media-amazon.com/images/M/MV5BYTNlODU1MDUtMTJjYS00ZWUwLWExZDEtYmM5NjhlODIxM2Y3XkEyXkFqcGdeQXVyMTUzMTg2ODkz._V1_QL75_UY140_CR21,0,140,140_.jpg', 'tt12037194'),
	('https://m.media-amazon.com/images/M/MV5BOGIxYTAzN2MtOGJkZC00YjM3LWFmODAtMDkwYjkzMzYzNzgyXkEyXkFqcGdeQXVyMTkxNjUyNQ@@._V1_QL75_UY140_CR60,0,140,140_.jpg', 'tt12037194'),
	('https://m.media-amazon.com/images/M/MV5BNGI5MDc3NTctOGUwYy00ODUxLTg2NzAtZTRlNTE1ZTk2ODIxXkEyXkFqcGdeQXVyMTkxNjUyNQ@@._V1_QL75_UY140_CR35,0,140,140_.jpg', 'tt12037194'),
	('https://m.media-amazon.com/images/M/MV5BY2QxY2NkOTAtZDMwMi00OTExLThmMWYtYWU1YzQyZGVkZmIyXkEyXkFqcGdeQXVyMTkxNjUyNQ@@._V1_QL75_UY140_CR60,0,140,140_.jpg', 'tt12037194'),
	('https://m.media-amazon.com/images/M/MV5BMjk2Y2Y1NjctMTgyZS00OGJiLWFkZTYtMWVmMDg0NWExODRiXkEyXkFqcGc@._V1_QL75_UX140_CR0,0,140,140_.jpg', 'tt12037194'),
	('https://m.media-amazon.com/images/M/MV5BNjA4MWI1ZjgtOTEzNS00NWZkLWI4MmMtNDI1ODUyZWRmMDZhXkEyXkFqcGc@._V1_QL75_UY140_CR35,0,140,140_.jpg', 'tt12037194'),
	('https://m.media-amazon.com/images/M/MV5BMTQ2OWYyMGItZjRkMC00NzE0LWIyMTUtYWZlODdlMjEwMTE2XkEyXkFqcGc@._V1_QL75_UY140_CR35,0,140,140_.jpg', 'tt12037194'),
	('https://m.media-amazon.com/images/M/MV5BYWUyMDIyMWItZjU1OS00NGFjLWE2NzYtYTRlYzk2NDUxNjA2XkEyXkFqcGc@._V1_QL75_UX140_CR0,0,140,140_.jpg', 'tt12037194'),
	('https://m.media-amazon.com/images/M/MV5BZWMxZDUwZGQtZDQ4Yy00NGJkLTg2N2QtMmNkNTJmZjJkNzk5XkEyXkFqcGdeQXVyMTkxNjUyNQ@@._V1_QL75_UY140_CR33,0,140,140_.jpg', 'tt12037194'),
	('https://m.media-amazon.com/images/M/MV5BMTExYjEwMjAtZDJjMS00OTg0LWFhOWEtMTQwZTllMjlkZDVkXkEyXkFqcGdeQXVyMTUzMTg2ODkz._V1_QL75_UX140_CR0,0,140,140_.jpg', 'tt12037194'),
	('https://m.media-amazon.com/images/M/MV5BNWFmZGU4NzAtNGI2OC00MTY0LThhOGYtYjcwNDA4ZjQzM2NhXkEyXkFqcGdeQXVyMTUzMTg2ODkz._V1_QL75_UY140_CR26,0,140,140_.jpg', 'tt12037194'),
	('https://m.media-amazon.com/images/M/MV5BMmU3ZTY3MWQtY2Q3Yi00YzZkLTgzNWUtN2IzYWJkY2ZhNjc2XkEyXkFqcGdeQXVyMTM1NjM2ODg1._V1_QL75_UY140_CR55,0,140,140_.jpg', 'tt1684562'),
	('https://m.media-amazon.com/images/M/MV5BZjg0MjkwNzQtYjhhMS00ZmFiLTgwYzQtYWQyNDliNzQyM2FhXkEyXkFqcGdeQXVyMTkxNjUyNQ@@._V1_QL75_UY140_CR98,0,140,140_.jpg', 'tt1684562'),
	('https://m.media-amazon.com/images/M/MV5BY2U0ZjRiMTgtOGIyZS00YzZkLTg2NmMtNTVhNTFjOWJiZGE1XkEyXkFqcGdeQXVyMTkxNjUyNQ@@._V1_QL75_UY140_CR98,0,140,140_.jpg', 'tt1684562'),
	('https://m.media-amazon.com/images/M/MV5BYTg0OGQ0YzYtNjhkOC00ZjhhLWE5YjktNTFkNDQxZWYzZTFhXkEyXkFqcGdeQXVyMTUzMTg2ODkz._V1_QL75_UX140_CR0,0,140,140_.jpg', 'tt1684562'),
	('https://m.media-amazon.com/images/M/MV5BZjcyMmRjYTktZmQ3Yy00ODMzLTk0NDAtY2EyZmEyZGQ2N2M4XkEyXkFqcGdeQXVyMTUzMTg2ODkz._V1_QL75_UY140_CR14,0,140,140_.jpg', 'tt1684562'),
	('https://m.media-amazon.com/images/M/MV5BNmY1ZjQ5ZmMtMDZjYy00MTdlLThjYmYtNzdhYzkyNzUwMjA2XkEyXkFqcGdeQXVyMTUzMTg2ODkz._V1_QL75_UX140_CR0,0,140,140_.jpg', 'tt1684562'),
	('https://m.media-amazon.com/images/M/MV5BMTFiNjIxOGQtMzBjNC00OWFhLWE3MzctNzk0OGYwMGI1OTgzXkEyXkFqcGdeQXVyMTUzMTg2ODkz._V1_QL75_UX140_CR0,0,140,140_.jpg', 'tt1684562'),
	('https://m.media-amazon.com/images/M/MV5BZjE1MjY5YWMtZDVkZS00MDczLWIxMDgtNzljMWMxNDFmOGVjXkEyXkFqcGdeQXVyMTUzMTg2ODkz._V1_QL75_UX140_CR0,0,140,140_.jpg', 'tt1684562'),
	('https://m.media-amazon.com/images/M/MV5BZDdmNTJlNGUtNWRhZS00OWRjLTlkOGMtYTc0MjQ4NWEzMTZiXkEyXkFqcGdeQXVyMTUzMTg2ODkz._V1_QL75_UY140_CR35,0,140,140_.jpg', 'tt1684562'),
	('https://m.media-amazon.com/images/M/MV5BZDM2MTU3OTMtNjZlOS00OWZhLWJkYTctYTk2ZDFhNjJlZjQwXkEyXkFqcGdeQXVyMTUzMTg2ODkz._V1_QL75_UX140_CR0,0,140,140_.jpg', 'tt1684562'),
	('https://m.media-amazon.com/images/M/MV5BMGRlNjdkODAtZjJhNy00ZGE1LWFmMDctYjVlYTlkNGUzNjZkXkEyXkFqcGdeQXVyMTUzMTg2ODkz._V1_QL75_UX140_CR0,0,140,140_.jpg', 'tt1684562'),
	('https://m.media-amazon.com/images/M/MV5BM2RjMGFmMWItMGM1NS00NThlLWIyM2ItYmM3MTIyNDY3NWM5XkEyXkFqcGdeQXVyMTUzMTg2ODkz._V1_QL75_UX140_CR0,0,140,140_.jpg', 'tt1684562'),
	('https://m.media-amazon.com/images/M/MV5BMjQ4NDg5MTQwNl5BMl5BanBnXkFtZTgwNTQwMTk2MTI@._V1_QL75_UY140_CR55,0,140,140_.jpg', 'tt0120737'),
	('https://m.media-amazon.com/images/M/MV5BODg0Nzk2MDY0OV5BMl5BanBnXkFtZTcwNDEzNTU0NA@@._V1_QL75_UY140_CR54,0,140,140_.jpg', 'tt0120737'),
	('https://m.media-amazon.com/images/M/MV5BODkyNDM4MDA3NV5BMl5BanBnXkFtZTcwNTEzNTU0NA@@._V1_QL75_UY140_CR54,0,140,140_.jpg', 'tt0120737'),
	('https://m.media-amazon.com/images/M/MV5BMTk0NTYwNTEyNV5BMl5BanBnXkFtZTcwNjEzNTU0NA@@._V1_QL75_UY140_CR54,0,140,140_.jpg', 'tt0120737'),
	('https://m.media-amazon.com/images/M/MV5BMTQ5Mzk1Mzc3N15BMl5BanBnXkFtZTcwNzEzNTU0NA@@._V1_QL75_UY140_CR54,0,140,140_.jpg', 'tt0120737'),
	('https://m.media-amazon.com/images/M/MV5BMTYxNjY1ODQ3MF5BMl5BanBnXkFtZTcwMjgwMjk2Mw@@._V1_QL75_UY140_CR35,0,140,140_.jpg', 'tt0120737'),
	('https://m.media-amazon.com/images/M/MV5BMTgyMTQ4MTI3OV5BMl5BanBnXkFtZTcwMzgwMjk2Mw@@._V1_QL75_UY140_CR35,0,140,140_.jpg', 'tt0120737'),
	('https://m.media-amazon.com/images/M/MV5BMzEwNzQzMTE3OF5BMl5BanBnXkFtZTcwNzgwMjk2Mw@@._V1_QL75_UY140_CR35,0,140,140_.jpg', 'tt0120737'),
	('https://m.media-amazon.com/images/M/MV5BMjIzNTAxNDk3N15BMl5BanBnXkFtZTcwOTgwMjk2Mw@@._V1_QL75_UX140_CR0,0,140,140_.jpg', 'tt0120737'),
	('https://m.media-amazon.com/images/M/MV5BMTI5NzI5MDQ4OV5BMl5BanBnXkFtZTcwMDkwMjk2Mw@@._V1_QL75_UY140_CR35,0,140,140_.jpg', 'tt0120737'),
	('https://m.media-amazon.com/images/M/MV5BMTI4ODY2NjMyNF5BMl5BanBnXkFtZTcwMjkwMjk2Mw@@._V1_QL75_UY140_CR34,0,140,140_.jpg', 'tt0120737'),
	('https://m.media-amazon.com/images/M/MV5BMTY1OTE1NDY4NV5BMl5BanBnXkFtZTcwMzkwMjk2Mw@@._V1_QL75_UY140_CR35,0,140,140_.jpg', 'tt0120737'),
	('https://m.media-amazon.com/images/M/MV5BMjA3NDk3NjI5MF5BMl5BanBnXkFtZTcwMTI2MjY0NA@@._V1_QL75_UY140_CR94,0,140,140_.jpg', 'tt0167261'),
	('https://m.media-amazon.com/images/M/MV5BMTkyMzQzNzk0Nl5BMl5BanBnXkFtZTcwMjI2MjY0NA@@._V1_QL75_UY140_CR53,0,140,140_.jpg', 'tt0167261'),
	('https://m.media-amazon.com/images/M/MV5BMTYzNDM4NzQwN15BMl5BanBnXkFtZTcwMzI2MjY0NA@@._V1_QL75_UY140_CR36,0,140,140_.jpg', 'tt0167261'),
	('https://m.media-amazon.com/images/M/MV5BMjE0MjE5NTI3Ml5BMl5BanBnXkFtZTcwNjY3NDk2Mw@@._V1_QL75_UY140_CR38,0,140,140_.jpg', 'tt0167261'),
	('https://m.media-amazon.com/images/M/MV5BOTU0OTY4MzUxMV5BMl5BanBnXkFtZTcwNzY3NDk2Mw@@._V1_QL75_UY140_CR38,0,140,140_.jpg', 'tt0167261'),
	('https://m.media-amazon.com/images/M/MV5BMTk0NTk4NjU5NF5BMl5BanBnXkFtZTcwNTE3NDk2Mw@@._V1_QL75_UY140_CR93,0,140,140_.jpg', 'tt0167261'),
	('https://m.media-amazon.com/images/M/MV5BMTc0MDI2NjIwM15BMl5BanBnXkFtZTcwNjE3NDk2Mw@@._V1_QL75_UY140_CR92,0,140,140_.jpg', 'tt0167261'),
	('https://m.media-amazon.com/images/M/MV5BMTM3MDUyMzIwMF5BMl5BanBnXkFtZTcwODE3NDk2Mw@@._V1_QL75_UY140_CR92,0,140,140_.jpg', 'tt0167261'),
	('https://m.media-amazon.com/images/M/MV5BMTI4NzU1NTgyMl5BMl5BanBnXkFtZTcwOTE3NDk2Mw@@._V1_QL75_UY140_CR92,0,140,140_.jpg', 'tt0167261'),
	('https://m.media-amazon.com/images/M/MV5BMTkwNDMzNjg5Nl5BMl5BanBnXkFtZTcwMTI3NDk2Mw@@._V1_QL75_UY140_CR92,0,140,140_.jpg', 'tt0167261'),
	('https://m.media-amazon.com/images/M/MV5BMTYxOTc5MDI4N15BMl5BanBnXkFtZTcwMjI3NDk2Mw@@._V1_QL75_UY140_CR55,0,140,140_.jpg', 'tt0167261'),
	('https://m.media-amazon.com/images/M/MV5BMTQxOTc3MTY5MV5BMl5BanBnXkFtZTcwMzI3NDk2Mw@@._V1_QL75_UY140_CR54,0,140,140_.jpg', 'tt0167261'),
	('https://m.media-amazon.com/images/M/MV5BMjEyMDVjNGEtMmU2Yi00YWNmLWI3NGItMGUzNzgyMTExMDY1XkEyXkFqcGdeQXVyMDM2NDM2MQ@@._V1_QL75_UY140_CR35,0,140,140_.jpg', 'tt22050754'),
	('https://m.media-amazon.com/images/M/MV5BM2Q3YmE0NjQtNzhhOC00ZWVlLWE4ZTQtY2Y0NjczMzI1NTFkXkEyXkFqcGdeQXVyMDM2NDM2MQ@@._V1_QL75_UY140_CR35,0,140,140_.jpg', 'tt22050754'),
	('https://m.media-amazon.com/images/M/MV5BMTVhYWU2MmYtZjg5Yi00ZDViLWE3YTAtMGI3MTZlZGY0NjY4XkEyXkFqcGdeQXVyMDM2NDM2MQ@@._V1_QL75_UY140_CR35,0,140,140_.jpg', 'tt22050754'),
	('https://m.media-amazon.com/images/M/MV5BNzdkZThjM2QtMjBiOS00M2E4LTlhOGYtOGQyNTk1ODAwNzdkXkEyXkFqcGc@._V1_QL75_UX140_CR0,0,140,140_.jpg', 'tt22050754'),
	('https://m.media-amazon.com/images/M/MV5BZWU5ODJjMjctMTk4Ny00ZDhkLWI3N2MtYWZmZWMzOTgyM2VmXkEyXkFqcGdeQXVyMTY3ODkyNDkz._V1_QL75_UX140_CR0,0,140,140_.jpg', 'tt22050754'),
	('https://m.media-amazon.com/images/M/MV5BYjE2OWYxZDAtMGNkYS00M2FkLWIzYTItMGE2ZDVjYTIxOTliXkEyXkFqcGdeQXVyMTY3ODkyNDkz._V1_QL75_UX140_CR0,0,140,140_.jpg', 'tt22050754'),
	('https://m.media-amazon.com/images/M/MV5BMTRmYTA4MDMtN2ZjNC00YjJiLTg1ZTYtYzRhNzVjOTk1ZjNmXkEyXkFqcGdeQXVyMTY3ODkyNDkz._V1_QL75_UX140_CR0,0,140,140_.jpg', 'tt22050754'),
	('https://m.media-amazon.com/images/M/MV5BNTQzYTRhZWUtNDQyOC00MzkyLWFmNzEtNTNkMDhmNGNmODIxXkEyXkFqcGdeQXVyMTY3ODkyNDkz._V1_QL75_UX140_CR0,0,140,140_.jpg', 'tt22050754'),
	('https://m.media-amazon.com/images/M/MV5BZTIzYjU4OWYtZGU0OS00YTMyLWE4ZjMtYTNmYTkzMmExZWExXkEyXkFqcGdeQXVyMTY3ODkyNDkz._V1_QL75_UX140_CR0,0,140,140_.jpg', 'tt22050754'),
	('https://m.media-amazon.com/images/M/MV5BYTEyMmE5NzUtNGUwMi00ZjlmLTk1N2ItMjBlM2NlMjM1ZjMwXkEyXkFqcGdeQXVyMDM2NDM2MQ@@._V1_QL75_UX140_CR0,0,140,140_.jpg', 'tt22050754'),
	('https://m.media-amazon.com/images/M/MV5BNGY4MWE5NDctNDdjMi00ZWRkLTk5NDItOGQzZjM4MjBlZjU3XkEyXkFqcGdeQXVyMDM2NDM2MQ@@._V1_QL75_UX140_CR0,0,140,140_.jpg', 'tt22050754'),
	('https://m.media-amazon.com/images/M/MV5BZDI5Y2FkMmMtN2VmMy00ZDBhLWIwNjktNTU1MTU5MDhkMjM5XkEyXkFqcGdeQXVyMDM2NDM2MQ@@._V1_QL75_UX140_CR0,0,140,140_.jpg', 'tt22050754'),
	('https://m.media-amazon.com/images/M/MV5BMGNmODBlZGMtYjAyYi00OGZiLTk1YWEtYmI2Y2ZkZTMyOGY1XkEyXkFqcGdeQXVyMDM2NDM2MQ@@._V1_QL75_UY140_CR97,0,140,140_.jpg', 'tt9362722'),
	('https://m.media-amazon.com/images/M/MV5BNmY2YWNkYTAtNDQzNy00OTEzLTllNDctM2FmYTNlZmYxNmExXkEyXkFqcGdeQXVyMDM2NDM2MQ@@._V1_QL75_UY140_CR97,0,140,140_.jpg', 'tt9362722'),
	('https://m.media-amazon.com/images/M/MV5BNzVlMTIxNmMtNTA5Ni00YjhlLTkxNTgtZDFmYmRlMzY0NzMzXkEyXkFqcGdeQXVyMDM2NDM2MQ@@._V1_QL75_UY140_CR97,0,140,140_.jpg', 'tt9362722'),
	('https://m.media-amazon.com/images/M/MV5BZTUxMTk5ODQtZTAxYS00ZDE2LWFhMjctZDdkM2ViZWFhYmQyXkEyXkFqcGdeQXVyMDM2NDM2MQ@@._V1_QL75_UY140_CR97,0,140,140_.jpg', 'tt9362722'),
	('https://m.media-amazon.com/images/M/MV5BMjZjODQzNzEtYThlZS00YjdkLTkzZTEtZTA5YzM5M2I0NzJkXkEyXkFqcGdeQXVyMDM2NDM2MQ@@._V1_QL75_UY140_CR97,0,140,140_.jpg', 'tt9362722'),
	('https://m.media-amazon.com/images/M/MV5BMTU0MWU5NTEtZDE4MS00NjcyLWIzNDgtYWFmYjkxNWViYTM5XkEyXkFqcGdeQXVyMDM2NDM2MQ@@._V1_QL75_UY140_CR97,0,140,140_.jpg', 'tt9362722'),
	('https://m.media-amazon.com/images/M/MV5BNmMzM2IwNTgtNDZlZi00Mjk5LThlZjgtYmJiNjdjNDJjYjU2XkEyXkFqcGdeQXVyMDM2NDM2MQ@@._V1_QL75_UY140_CR97,0,140,140_.jpg', 'tt9362722'),
	('https://m.media-amazon.com/images/M/MV5BODEzMmYxZWItN2E3OC00YTEwLTk4NzktMWRlMjgxYjg3ODEzXkEyXkFqcGdeQXVyMDM2NDM2MQ@@._V1_QL75_UY140_CR97,0,140,140_.jpg', 'tt9362722'),
	('https://m.media-amazon.com/images/M/MV5BNDZjNDU5MDEtNjEzYi00NDBiLTgxYTYtNjI1Mzc0Yzc0MGMwXkEyXkFqcGdeQXVyMDM2NDM2MQ@@._V1_QL75_UY140_CR97,0,140,140_.jpg', 'tt9362722'),
	('https://m.media-amazon.com/images/M/MV5BNWNhZmRiNGEtNmE3Mi00NzY2LTg4YmUtZDcwY2VkMjRmMGM1XkEyXkFqcGdeQXVyMDM2NDM2MQ@@._V1_QL75_UY140_CR97,0,140,140_.jpg', 'tt9362722'),
	('https://m.media-amazon.com/images/M/MV5BZGM3Yzc1M2EtM2UyZS00NjMzLTkwZTEtMzRiNTA3Y2E5MmRhXkEyXkFqcGdeQXVyMDM2NDM2MQ@@._V1_QL75_UY140_CR97,0,140,140_.jpg', 'tt9362722'),
	('https://m.media-amazon.com/images/M/MV5BYTlmNWMzYTQtNWQyOS00MzE2LWE2Y2MtOWE0ZjM4ZDBkNzRiXkEyXkFqcGdeQXVyMDM2NDM2MQ@@._V1_QL75_UY140_CR97,0,140,140_.jpg', 'tt9362722');

-- Dumping structure for table imdb.tokens
DROP TABLE IF EXISTS `tokens`;
CREATE TABLE IF NOT EXISTS `tokens` (
  `token` char(255) NOT NULL,
  `user` int(10) unsigned NOT NULL,
  PRIMARY KEY (`token`),
  KEY `user` (`user`),
  CONSTRAINT `tokens_ibfk_1` FOREIGN KEY (`user`) REFERENCES `users` (`id`) ON DELETE CASCADE ON UPDATE CASCADE
) ENGINE=InnoDB DEFAULT CHARSET=utf8mb4 COLLATE=utf8mb4_unicode_ci;

-- Dumping data for table imdb.tokens: ~0 rows (approximately)

-- Dumping structure for table imdb.top_week
DROP TABLE IF EXISTS `top_week`;
CREATE TABLE IF NOT EXISTS `top_week` (
  `movie` char(15) NOT NULL,
  `rank` tinyint(3) unsigned NOT NULL,
  PRIMARY KEY (`movie`),
  UNIQUE KEY `rank` (`rank`),
  CONSTRAINT `top_week_ibfk_1` FOREIGN KEY (`movie`) REFERENCES `movies` (`id`) ON DELETE CASCADE ON UPDATE CASCADE
) ENGINE=InnoDB DEFAULT CHARSET=utf8mb4 COLLATE=utf8mb4_unicode_ci;

-- Dumping data for table imdb.top_week: ~10 rows (approximately)
INSERT INTO `top_week` (`movie`, `rank`) VALUES
	('tt4919268', 1),
	('tt5779228', 2),
	('tt11152168', 3),
	('tt26736843', 4),
	('tt11389872', 5),
	('tt12037194', 6),
	('tt1684562', 7),
	('tt0120737', 8),
	('tt0167261', 9),
	('tt22050754', 10);

-- Dumping structure for table imdb.users
DROP TABLE IF EXISTS `users`;
CREATE TABLE IF NOT EXISTS `users` (
  `id` int(10) unsigned NOT NULL AUTO_INCREMENT,
  `name` char(50) NOT NULL,
  `username` char(15) NOT NULL,
  `email` char(255) NOT NULL,
  `password` char(255) NOT NULL,
  PRIMARY KEY (`id`),
  UNIQUE KEY `username` (`username`),
  UNIQUE KEY `email` (`email`)
) ENGINE=InnoDB DEFAULT CHARSET=utf8mb4 COLLATE=utf8mb4_unicode_ci;

-- Dumping data for table imdb.users: ~0 rows (approximately)

/*!40103 SET TIME_ZONE=IFNULL(@OLD_TIME_ZONE, 'system') */;
/*!40101 SET SQL_MODE=IFNULL(@OLD_SQL_MODE, '') */;
/*!40014 SET FOREIGN_KEY_CHECKS=IFNULL(@OLD_FOREIGN_KEY_CHECKS, 1) */;
/*!40101 SET CHARACTER_SET_CLIENT=@OLD_CHARACTER_SET_CLIENT */;
/*!40111 SET SQL_NOTES=IFNULL(@OLD_SQL_NOTES, 1) */;
